ID;Customer_ID;Month;Name;Age;SSN;Occupation;Annual_Income;Monthly_Inhand_Salary;Num_Bank_Accounts;Num_Credit_Card;Interest_Rate;Num_of_Loan;Type_of_Loan;Delay_from_due_date;Num_of_Delayed_Payment;Changed_Credit_Limit;Num_Credit_Inquiries;Credit_Mix;Outstanding_Debt;Credit_Utilization_Ratio;Credit_History_Age;Payment_of_Min_Amount;Total_EMI_per_month;Amount_invested_monthly;Payment_Behaviour;Monthly_Balance;Credit_Score
0;0;3;2;23.0;515;12;19114.12;0.0;39;4;3;22;56;28;99;11.27;58;2;809.98;0;180;1;0.0;80.41529543900253;0;0;0
1;0;2;2;23.0;515;12;19114.12;0.0;39;4;3;22;56;0;112;11.27;58;1;809.98;0;404;1;0.0;118.28022162236736;0;0;0
2;0;6;2;-500.0;515;12;19114.12;0.0;39;4;3;22;56;28;99;0.0;58;1;809.98;0;184;1;0.0;81.699521264648;0;0;0
3;0;0;2;23.0;515;12;19114.12;0.0;39;4;3;22;56;50;89;6.27;58;1;809.98;0;185;1;0.0;199.4580743910713;0;0;0
4;0;7;2;23.0;515;12;19114.12;0.0;39;4;3;22;56;61;112;11.27;58;1;809.98;0;186;1;0.0;41.420153086217326;0;0;0
5;0;5;2;23.0;515;12;19114.12;0.0;39;4;3;22;56;70;89;9.27;58;1;809.98;0;187;1;0.0;62.430172331195294;0;0;0
6;0;4;2;23.0;515;12;19114.12;0.0;39;4;3;22;56;28;112;11.27;58;1;809.98;0;188;1;0.0;178.3440674122349;0;0;0
7;0;1;335;23.0;625;12;19114.12;0.0;39;4;3;22;56;28;97;11.27;58;1;809.98;0;404;1;0.0;24.785216509052056;0;0;2
8;0;3;453;0.0;2;8;34847.84;0.0;37;4;6;4;72;28;89;5.42;42;1;605.03;0;236;1;0.0;104.291825168246;0;0;2
9;0;2;453;28.0;2;13;34847.84;0.0;37;4;6;4;72;69;8;7.42;42;1;605.03;0;237;1;0.0;40.39123782853101;0;0;0
10;0;6;453;28.0;2;13;0.0;0.0;37;1385;6;4;72;28;0;5.42;42;2;605.03;0;238;1;0.0;58.51597569589465;0;0;2
11;0;0;453;28.0;2;13;34847.84;0.0;37;4;6;4;72;28;112;5.42;42;1;605.03;0;229;1;0.0;99.30622796053304;0;0;0
12;0;7;453;28.0;2;13;34847.84;0.0;37;4;6;4;72;28;8;6.42;42;1;605.03;0;230;1;0.0;130.11542024292334;0;0;0
13;0;5;453;28.0;2;13;34847.84;0.0;37;4;6;4;72;28;6;5.42;42;1;605.03;0;239;1;0.0;43.47719014435575;0;0;0
14;0;4;453;28.0;2;13;34847.84;0.0;37;4;6;4;72;28;89;5.42;42;1;605.03;0;240;0;0.0;70.10177420755677;0;0;0
15;0;1;453;28.0;2;13;34847.84;0.0;37;4;6;4;72;28;89;5.42;42;1;605.03;0;243;1;0.0;218.90434353388733;0;0;0
16;0;3;290;34.0;325;8;143162.64;1218722.0;1;5;8;16;51;50;105;7.1;55;1;1303.01;0;118;1;0.0;168.413702679309;0;0;0
17;0;2;335;34.0;325;4;143162.64;1218722.0;1;5;8;16;51;10;97;7.1;55;1;1303.01;0;109;1;0.0;232.86038375993544;0;0;0
18;0;6;290;34.0;325;8;143162.64;0.0;1;5;8;16;51;70;99;11.1;85;1;1303.01;0;110;1;0.0;0.0;0;0;0
19;0;0;290;34.0;325;4;143162.64;1218722.0;1;5;8;16;51;70;93;9.1;55;2;1303.01;0;404;1;0.0;825.2162699393922;0;0;0
20;0;7;290;34.0;325;8;143162.64;1218722.0;1;5;8;16;51;7;93;7.1;55;1;1303.01;0;120;1;0.0;430.9475278803298;0;0;0
21;0;5;290;34.0;325;4;143162.64;1218722.0;1;5;8;48;51;70;97;7.1;55;1;1303.01;0;123;1;0.0;257.80809942568976;0;0;0
22;0;4;335;34.0;325;4;143162.64;1218722.0;1;5;8;16;51;70;97;7.1;55;1;1303.01;0;124;1;0.0;263.17416316163934;0;0;2
23;0;1;290;34.0;325;4;143162.64;1218722.0;1;5;8;16;51;70;97;7.1;55;1;1303.01;0;125;1;0.0;0.0;0;0;2
24;0;3;231;54.0;51;5;30689.89;0.0;37;5;4;4;364;5;97;1.99;58;1;632.46;0;112;1;0.0;81.22885871073616;0;0;2
25;0;2;231;54.0;51;5;30689.89;0.0;37;5;4;4;364;50;73;1.99;58;1;632.46;0;113;1;0.0;124.88181990234848;0;0;2
26;0;6;231;55.0;51;5;30689.89;0.0;37;5;4;4;364;28;110;1.99;58;1;632.46;0;114;0;0.0;83.40650880252501;0;0;2
27;0;0;231;55.0;51;5;0.0;0.0;37;5;4;4;364;69;97;-2.01;58;1;632.46;0;115;1;0.0;272.3340373956682;0;0;2
28;0;7;231;55.0;51;5;30689.89;0.0;37;5;4;4;364;50;97;-1.01;58;1;632.46;0;116;1;0.0;0.0;0;0;2
29;0;5;231;55.0;625;8;30689.89;0.0;37;5;4;4;364;50;97;-3.01;58;2;632.46;0;117;1;0.0;84.95284817115969;0;0;2
30;0;4;231;55.0;51;5;30689.89;0.0;37;5;4;4;364;50;112;1.99;58;1;632.46;0;118;1;0.0;71.28367488286933;0;0;2
31;0;1;231;55.0;51;5;30689.89;0.0;37;5;4;0;364;39;110;1.99;58;1;632.46;0;109;1;0.0;125.61725053231268;0;0;2
32;0;3;132;21.0;395;2;0.0;0.0;58;5;5;2;277;50;112;2.58;58;3;943.86;0;297;2;0.0;276.72539431736266;0;0;2
33;0;2;132;21.0;395;2;35547.71;0.0;58;5;5;2;277;71;112;2.58;58;3;943.86;0;298;0;0.0;74.44364104999623;0;0;2
34;0;6;132;21.0;395;2;35547.71;0.0;58;5;5;0;277;50;16;2.58;58;3;943.86;0;289;2;0.0;173.13865100158367;0;0;2
35;0;0;132;21.0;395;2;35547.71;0.0;58;5;5;2;277;6;26;2.58;58;2;943.86;0;290;2;0.0;96.78548508587444;0;0;2
36;0;7;132;21.0;395;2;35547.71;0.0;58;5;5;2;277;71;30;2.58;58;2;943.86;0;299;2;0.0;62.72327834435009;0;0;2
37;0;5;132;21.0;395;2;35547.71;0.0;58;5;5;50;277;50;26;2.58;58;3;943.86;0;300;2;0.0;37.64363788963997;0;0;2
38;0;4;132;21.0;395;2;35547.71;0.0;58;5;5;2;277;7;26;2.58;58;3;943.86;0;303;2;0.0;181.0119827315892;0;0;2
39;0;1;132;21.0;395;2;35547.71;0.0;58;5;5;0;277;6;26;2.58;58;3;943.86;0;304;2;0.0;181.3309009618692;0;0;2
40;0;3;400;31.0;393;7;73928.46;0.0;41;1288;8;2;277;9;10;10.14;42;1;548.2;0;404;1;150150.0;98.67440994166124;0;0;0
41;0;2;400;31.0;393;8;73928.46;0.0;41;5;8;2;277;70;99;10.14;42;1;548.2;0;311;0;0.0;172.93921446875606;0;0;0
42;0;6;400;31.0;393;7;73928.46;0.0;41;5;8;2;277;70;99;10.14;42;1;548.2;0;404;1;0.0;150.05973429800815;0;0;0
43;0;0;400;31.0;393;7;73928.46;0.0;41;5;8;2;277;70;99;10.14;42;1;548.2;0;315;1;0.0;618.2023912505837;0;0;0
44;0;7;400;31.0;393;7;73928.46;0.0;41;5;5318;2;277;8;99;10.14;42;2;548.2;0;316;1;0.0;177.95183568608738;0;0;0
45;0;5;400;31.0;393;7;73928.46;0.0;41;5;8;2;277;69;99;10.14;42;1;548.2;0;404;1;155150.0;235.79032503182023;0;0;0
46;0;4;400;31.0;393;7;73928.46;0.0;41;5;8;2;277;70;89;9.14;42;2;548.2;0;318;1;0.0;348.5093995125948;0;0;2
47;0;1;400;31.0;393;7;73928.46;0.0;41;5;8;2;277;70;99;10.14;85;1;548.2;0;319;1;0.0;42.63559025189578;0;0;0
48;0;3;382;33.0;282;7;131313.4;0.0;0;1;8;14;153;5;73;9.34;42;1;352.16;0;296;0;0.0;378.1712535207537;0;0;0
49;0;2;382;34.0;282;7;131313.4;0.0;0;1;8;14;153;0;41;15.34;58;1;352.16;0;297;1;0.0;698.8732707169384;0;0;0
50;0;6;382;34.0;282;7;131313.4;0.0;0;1;8;14;153;5;73;9.34;58;1;352.16;0;298;0;0.0;188.0643210997384;0;0;0
51;0;0;382;34.0;625;7;131313.4;0.0;0;1;8;14;153;5;41;8.34;58;1;352.16;0;289;1;238340.0;337.43495631738324;0;0;0
52;0;7;382;34.0;282;7;131313.4;0.0;0;1;8;14;153;5;89;9.34;58;1;352.16;0;290;1;326620.0;263.3789089320552;0;0;0
53;0;5;382;34.0;282;7;131313.4;0.0;0;1;8;0;153;5;112;11.34;58;1;352.16;0;299;1;0.0;86.56638801207531;0;0;2
54;0;4;382;0.0;625;7;10909427.0;0.0;0;1;8;14;153;5;112;9.34;58;1;352.16;0;300;1;0.0;930.3918977796664;0;0;0
55;0;1;382;34.0;282;7;131313.4;0.0;0;1;8;14;153;5;41;9.34;58;1;352.16;0;303;1;0.0;870.52238171816;0;0;0
56;0;3;39;7580.0;329;8;0.0;0.0;63;7;15;16;407;29;12;17.13;64;3;1704.18;0;404;0;0.0;162.4410091967751;0;0;1
57;0;2;39;30.0;329;8;34081.38;2611115.0;63;7;15;16;407;29;23;17.13;64;2;1704.18;0;81;2;0.0;38.4369827577036;0;0;1
58;0;6;39;0.0;329;8;34081.38;0.0;63;7;15;16;407;30;23;17.13;64;3;1704.18;0;82;2;0.0;199.7207654954979;0;0;1
59;0;0;39;30.0;329;8;34081.38;2611115.0;63;7;15;16;407;33;23;21.13;64;2;1704.18;0;73;2;0.0;220.5521919291672;0;0;1
60;0;7;39;30.0;329;8;34081.38;2611115.0;63;7;15;16;407;25;23;17.13;64;2;1704.18;0;74;2;0.0;0.0;0;0;2
61;0;5;39;30.0;329;8;34081.38;2611115.0;63;7;15;0;407;29;23;18.13;64;3;1704.18;0;83;2;0.0;0.0;0;0;2
62;0;4;39;30.0;329;8;34081.38;0.0;63;7;15;16;407;29;12;17.13;64;3;1704.18;0;84;0;0.0;55.45978063925893;0;0;2
63;0;1;39;30.0;329;8;34081.38;2611115.0;63;7;15;16;407;29;23;17.13;81;2;1704.18;0;87;2;0.0;29.32636371091455;0;0;1
64;0;3;335;23.0;49;3;114838.41;98438675.0;37;5;7;0;566;10;12;8.24;55;1;1377.74;0;173;1;0.0;215.19351594560425;0;0;0
65;0;2;92;23.0;49;3;114838.41;98438675.0;37;5;7;16;566;11;105;0.0;55;1;1377.74;0;174;0;0.0;212.23560220847847;0;0;0
66;0;6;92;23.0;49;3;0.0;0.0;37;5;7;16;566;8;12;0.0;55;1;1377.74;0;175;0;0.0;470.3857956796373;0;0;0
67;0;0;92;23.0;49;3;114838.41;0.0;37;5;7;16;566;8;23;8.24;76;1;1377.74;0;176;1;0.0;225.08204945419;0;0;0
68;0;7;92;23.0;49;3;114838.41;98438675.0;37;5;7;16;566;8;12;11.24;76;1;1377.74;0;177;1;0.0;649.8093641841638;0;0;2
69;0;5;92;24.0;49;3;114838.41;98438675.0;37;5;7;16;566;10;23;8.24;76;2;1377.74;0;178;0;0.0;546.3805705230692;0;0;0
70;0;4;92;24.0;49;3;114838.41;98438675.0;37;5;7;16;566;8;112;8.24;76;1;1377.74;0;169;1;0.0;215.4682977385688;0;0;0
71;0;1;92;0.0;49;3;114838.41;98438675.0;37;5;7;16;566;8;12;8.24;76;1;1377.74;0;170;1;0.0;254.5717672483792;0;0;2
72;0;3;227;44.0;244;6;31370.8;0.0;0;5;12;14;429;39;6;5.76;42;1;421.43;0;404;0;0.0;154.352781097101;0;0;0
73;0;2;227;44.0;244;6;31370.8;0.0;1;6;12;14;429;17;6;-1.2400000000000002;42;1;421.43;0;235;1;0.0;298.7444693112266;0;0;0
74;0;6;227;44.0;244;6;31370.8;0.0;1;6;12;14;429;1;6;1.7599999999999998;64;1;421.43;0;236;1;0.0;140.8206959818371;0;0;0
75;0;0;227;44.0;244;6;31370.8;0.0;1;6;12;14;429;6;6;5.76;64;2;421.43;0;237;1;0.0;233.6055264233428;0;0;0
76;0;7;227;44.0;244;6;31370.8;0.0;1;6;12;14;429;6;6;5.76;64;2;421.43;0;238;1;164150.0;184.70057162057685;0;0;0
77;0;5;227;44.0;244;6;31370.8;0.0;1;6;12;14;429;6;6;5.76;64;1;421.43;0;404;1;0.0;137.7174248951262;0;0;0
78;0;4;227;45.0;244;6;31370.8;0.0;1;6;12;0;429;0;41;5.76;64;1;421.43;0;230;1;0.0;188.3949004901688;0;0;0
79;0;1;227;45.0;244;6;31370.8;0.0;1;6;12;14;429;1;41;5.76;64;2;421.43;0;239;1;0.0;252.6448271968889;0;0;0
80;0;3;335;40.0;146;13;33751.27;0.0;45;5;20;50;149;13;43;11.0;58;3;1328.93;0;135;0;0.0;117.30669710658556;0;0;2
81;0;2;473;40.0;146;13;33751.27;0.0;45;5;20;16;149;13;43;11.0;58;3;1328.93;0;136;2;0.0;70.13107792087979;0;0;2
82;0;6;473;40.0;146;8;33751.27;0.0;45;5;20;16;149;13;43;11.0;76;3;1328.93;0;137;2;0.0;270.18258222151513;0;0;2
83;0;0;473;40.0;146;13;33751.27;0.0;45;5;20;16;149;14;49;11.0;76;3;1328.93;0;138;2;0.0;25.192561910314712;0;0;2
84;0;7;473;40.0;146;13;33751.27;0.0;45;5;20;50;149;13;43;8.0;76;3;1328.93;0;139;2;0.0;243.32968479530567;0;0;2
85;0;5;473;40.0;146;13;33751.27;0.0;45;5;20;16;149;13;43;11.0;76;3;1328.93;0;140;2;0.0;72.86008181289458;0;0;2
86;0;4;473;40.0;146;13;33751.27;0.0;45;5;20;16;149;13;43;11.0;76;3;1328.93;0;141;2;0.0;35.427169541683696;0;0;2
87;0;1;473;41.0;146;13;33751.27;0.0;45;5;20;16;149;13;30;11.0;76;3;0.0;0;404;2;0.0;25.969611914778515;0;0;2
88;0;3;511;32.0;231;4;88640.24;0.0;39;6;1;14;501;0;6;3.51;55;1;950.36;0;222;1;0.0;98.93176402067012;0;0;2
89;0;2;511;0.0;231;4;88640.24;0.0;39;6;433;14;501;39;41;3.51;55;1;950.36;0;223;0;0.0;157.174788304235;0;0;0
90;0;6;511;33.0;231;4;88640.24;0.0;39;6;1;14;501;39;6;3.51;55;1;950.36;0;224;1;0.0;298.1889114624804;0;0;2
91;0;0;511;33.0;231;4;88640.24;0.0;39;6;1;14;501;39;41;3.51;55;1;950.36;0;225;1;0.0;0.0;0;0;2
92;0;7;511;33.0;231;4;88640.24;0.0;39;6;1;14;501;39;41;3.51;55;1;950.36;0;226;1;0.0;279.61862207772435;0;0;0
93;0;5;511;33.0;231;4;88640.24;0.0;39;6;1;14;501;39;6;3.51;55;1;950.36;0;217;1;0.0;686.1262165951837;0;0;0
94;0;4;511;33.0;231;4;0.0;0.0;39;6;1;50;501;39;41;3.51;55;2;950.36;0;218;1;803570.0;164.0748218779106;0;0;0
95;0;1;511;33.0;231;4;88640.24;0.0;39;6;1;14;501;0;112;3.51;55;1;950.36;0;227;1;0.0;98.44195128223792;0;0;0
96;0;3;197;35.0;284;5;54392.16;476668.0;50;4;14;16;425;7;105;5.54;55;3;179.22;0;229;2;0.0;243.7354373920944;0;0;2
97;0;2;197;0.0;284;5;54392.16;476668.0;50;4;14;16;425;7;10;4.54;55;3;179.22;0;230;2;0.0;142.75186411942676;0;0;2
98;0;6;197;35.0;625;5;0.0;0.0;50;4;14;16;425;12;12;5.54;55;2;179.22;0;239;0;0.0;33.349568589344514;0;0;2
99;0;0;197;35.0;284;5;54392.16;476668.0;50;4;14;16;425;7;99;0.54;55;3;179.22;0;240;2;0.0;494.8422277056662;0;0;2
100;0;7;197;35.0;284;5;54392.16;476668.0;50;4;14;16;425;7;105;11.54;55;3;179.22;0;243;2;0.0;233.1184454152274;0;0;2
101;0;5;197;35.0;284;5;54392.16;476668.0;50;4;14;16;425;7;105;5.54;55;2;179.22;0;244;2;0.0;635.1465605054178;0;0;2
102;0;4;197;36.0;284;5;54392.16;476668.0;50;4;14;16;425;7;105;5.54;72;3;179.22;0;245;2;0.0;158.11240346721374;0;0;2
103;0;1;197;36.0;284;5;54392.16;476668.0;50;4;14;16;425;7;105;5.54;72;3;179.22;0;246;2;0.0;495.1178978821161;0;0;2
104;0;3;500;39.0;217;9;8701.545;0.0;50;5;32;36;575;21;110;8.86;69;2;2602.69;0;383;2;0.0;13.066209919444336;0;0;1
105;0;2;500;39.0;217;9;8701.545;51912875.0;50;5;32;36;575;21;110;8.86;69;3;2602.69;0;392;2;0.0;34.71516393565097;0;0;1
106;0;6;500;39.0;217;9;0.0;51912875.0;50;5;32;36;575;21;112;8.86;69;3;2602.69;0;393;0;0.0;45.6509755447516;0;0;1
107;0;0;500;39.0;217;9;8701.545;51912875.0;50;5;32;36;575;20;99;8.86;69;3;2602.69;0;396;2;0.0;20.390183876957128;0;0;1
108;0;7;500;39.0;217;9;8701.545;51912875.0;50;5;32;36;575;20;110;8.86;69;3;2602.69;0;397;2;0.0;50.486952198712274;0;0;1
109;0;5;335;39.0;217;9;8701.545;51912875.0;50;5;32;36;575;21;97;0.0;69;3;2602.69;0;398;2;0.0;52.93161340713412;0;0;1
110;0;4;335;39.0;217;9;8701.545;0.0;50;5;32;36;575;19;110;0.0;81;3;2602.69;0;404;2;0.0;30.471806299271933;0;0;1
111;0;1;500;39.0;217;9;0.0;51912875.0;50;5;32;36;575;21;110;8.86;81;3;2602.69;0;400;0;0.0;0.0;0;0;1
112;0;3;433;36.0;421;5;25546.26;2415855.0;63;7;14;29;423;13;23;7.83;64;3;758.44;0;123;0;0.0;53.104599112612064;0;0;2
113;0;2;335;-500.0;421;5;25546.26;0.0;63;7;14;29;423;13;18;7.83;85;3;758.44;0;124;2;0.0;300.32323168069064;0;0;2
114;0;6;433;37.0;421;5;25546.26;2415855.0;63;7;14;29;423;13;10;7.83;64;3;758.44;0;125;2;0.0;91.21658676189335;0;0;2
115;0;0;433;37.0;421;5;0.0;2415855.0;63;7;14;29;423;13;10;7.83;85;3;758.44;0;126;2;0.0;83.7147504914459;0;0;2
116;0;7;433;37.0;421;5;25546.26;2415855.0;63;7;14;29;423;13;18;7.83;64;2;758.44;0;127;2;0.0;311.99934746655674;0;0;2
117;0;5;433;37.0;421;5;25546.26;2415855.0;63;7;14;29;423;13;10;7.83;64;2;758.44;0;404;2;0.0;61.7307484719951;0;0;2
118;0;4;433;37.0;421;5;25546.26;2415855.0;63;7;14;29;423;13;23;10.83;64;3;758.44;0;129;2;0.0;130.30039377019006;0;0;2
119;0;1;433;37.0;421;5;25546.26;2415855.0;63;7;14;50;423;12;112;7.83;64;3;758.44;0;130;2;0.0;189.8158613334768;0;0;2
120;0;3;89;30.0;601;12;31993.78;0.0;50;6;7;14;499;70;23;6.28;0;3;818.22;0;97;2;0.0;81.99883505710139;0;0;2
121;0;2;89;30.0;601;12;31993.78;0.0;50;6;7;14;499;9;23;6.28;0;3;818.22;0;98;2;0.0;0.0;0;0;2
122;0;6;89;181.0;601;12;31993.78;0.0;50;6;7;14;499;70;23;10.28;1;3;818.22;0;107;2;0.0;264.25708850339777;0;0;2
123;0;0;89;0.0;601;12;31993.78;0.0;50;6;7;14;499;70;23;6.28;1;2;818.22;0;108;2;0.0;152.4523258823164;0;0;2
124;0;7;89;30.0;601;12;31993.78;0.0;50;6;7;14;499;70;112;6.28;1;3;818.22;0;111;2;0.0;43.47040866689117;0;0;2
125;0;5;89;31.0;601;12;31993.78;0.0;50;6;7;50;499;70;23;6.28;1;3;818.22;0;112;2;0.0;112.7238874320964;0;0;2
126;0;4;89;31.0;601;12;31993.78;0.0;50;6;7;0;499;70;28;6.28;1;3;818.22;0;113;2;0.0;104.55723619082671;0;0;2
127;0;1;89;31.0;625;12;31993.78;0.0;50;6;7;14;499;70;28;6.28;1;3;818.22;0;114;2;0.0;97.58820324481088;0;0;2
128;0;3;412;20.0;553;0;92047.08;0.0;50;7;16;2;277;13;12;9.13;0;3;1296.64;0;267;2;0.0;154.6341231395093;0;0;2
129;0;2;335;20.0;553;0;0.0;759159.0;50;7;16;2;277;13;12;9.13;58;3;1296.64;0;268;2;0.0;710.4953806729873;0;0;2
130;0;6;412;20.0;553;0;92047.08;759159.0;50;7;16;2;277;15;12;9.13;58;2;1296.64;0;269;2;0.0;175.4456226582996;0;0;2
131;0;0;412;20.0;553;0;92047.08;759159.0;50;7;16;50;277;13;12;9.13;58;3;1296.64;0;404;2;0.0;120.9075537662222;0;0;1
132;0;7;412;20.0;625;0;92047.08;759159.0;50;7;16;2;277;13;105;9.13;58;3;1296.64;0;271;0;0.0;78.71934549426288;0;0;1
133;0;5;412;20.0;553;0;92047.08;759159.0;50;7;16;2;277;13;18;13.13;58;3;1296.64;0;404;2;0.0;266.5850272142179;0;0;1
134;0;4;335;20.0;553;0;92047.08;759159.0;50;7;16;2;277;13;10;9.13;58;2;1296.64;0;273;2;0.0;59.28557022863863;0;0;1
135;0;1;412;20.0;553;0;92047.08;759159.0;50;7;16;2;277;13;12;9.13;58;3;1296.64;0;274;2;0.0;268.0846032992916;0;0;1
136;0;3;414;45.0;579;13;32284.62;2898385.0;50;7;17;32;143;8;16;9.22;76;3;1283.37;0;363;2;0.0;254.86161508896944;0;0;2
137;0;2;414;46.0;579;13;32284.62;2898385.0;50;7;17;32;143;8;16;9.22;76;3;1283.37;0;364;2;0.0;103.21030741657007;0;0;2
138;0;6;414;46.0;579;13;32284.62;2898385.0;50;7;17;32;143;7;16;9.22;76;3;1283.37;0;365;2;0.0;35.793568414159616;0;0;2
139;0;0;414;46.0;579;13;32284.62;2898385.0;50;7;17;32;143;8;16;9.22;76;3;1283.37;0;366;2;0.0;280.21825375922106;0;0;2
140;0;7;414;46.0;579;13;32284.62;2898385.0;50;7;17;32;143;12;112;8.22;2;2;1283.37;0;367;2;0.0;154.0197492180297;0;0;2
141;0;5;414;46.0;579;13;32284.62;2898385.0;50;7;17;32;143;8;112;8.22;2;3;1283.37;0;358;2;0.0;272.2735499123763;0;0;2
142;0;4;414;46.0;579;13;32284.62;2898385.0;50;7;17;32;143;69;112;9.22;2;3;0.0;0;359;2;0.0;0.0;0;0;2
143;0;1;414;46.0;579;13;32284.62;2898385.0;50;7;17;32;143;10;16;2.2200000000000006;2;3;1283.37;0;368;2;0.0;359.7718322852988;0;0;2
144;0;3;296;26.0;62;11;97791.42;8079285.0;50;6;12;50;277;15;105;17.92;1;3;107.41;0;243;2;0.0;451.24651936958776;0;0;2
145;0;2;296;26.0;62;11;97791.42;8079285.0;50;6;12;2;277;15;105;11.920000000000002;1;2;107.41;0;244;2;0.0;322.7203197056673;0;0;2
146;0;6;296;26.0;62;11;97791.42;8079285.0;50;6;12;2;277;15;99;17.92;1;2;107.41;0;245;2;0.0;176.26422577485542;0;0;2
147;0;0;296;26.0;62;11;97791.42;0.0;50;6;12;2;277;16;105;15.920000000000002;1;3;107.41;0;246;2;0.0;499.24501998175833;0;0;0
148;0;7;296;26.0;62;11;97791.42;0.0;50;6;12;2;277;15;112;17.92;1;2;107.41;0;247;2;0.0;77.60922833984066;0;0;0
149;0;5;296;26.0;62;11;97791.42;0.0;50;6;12;2;277;13;105;17.92;1;3;107.41;0;248;2;0.0;108.30393861997324;0;0;0
150;0;4;296;26.0;62;11;97791.42;0.0;50;6;12;2;277;15;105;13.920000000000002;1;3;107.41;0;249;2;0.0;743.540801271909;0;0;2
151;0;1;296;26.0;62;11;0.0;0.0;50;6;12;2;277;15;105;17.92;1;3;107.41;0;250;2;0.0;110.31820362533672;0;0;0
152;0;3;448;31.0;47;5;19300.34;0.0;50;7;17;29;335;53;112;9.95;72;0;2430.21;0;123;2;0.0;79.17641583265376;0;0;1
153;0;2;448;31.0;47;5;19300.34;0.0;50;7;17;29;335;52;32;9.95;72;0;2430.21;0;124;0;0.0;55.29821298839304;0;0;1
154;0;6;448;31.0;47;5;19300.34;0.0;50;7;17;29;335;48;37;15.95;72;2;2430.21;0;404;2;0.0;140.81859591726788;0;0;1
155;0;0;448;31.0;625;5;19300.34;0.0;50;7;17;29;335;52;37;9.95;72;0;2430.21;0;126;2;0.0;61.42802987477842;0;0;2
156;0;7;448;32.0;47;5;19300.34;0.0;50;7;17;29;335;52;37;9.95;72;0;2430.21;0;404;2;0.0;173.0425507765921;0;0;1
157;0;5;448;32.0;625;8;19300.34;0.0;50;1029;17;29;335;52;30;9.95;76;0;2430.21;0;128;2;0.0;83.44744882880191;0;0;1
158;0;4;448;32.0;47;5;19300.34;0.0;50;7;17;50;335;52;37;8.95;76;2;2430.21;0;129;2;565660.0;120.9754898578697;0;0;1
159;0;1;448;32.0;625;5;19300.34;0.0;50;7;17;29;335;54;37;9.95;76;0;2430.21;0;130;2;0.0;118.1855506983746;0;0;2
160;0;3;335;41.0;625;11;19514.88;182824.0;58;5;17;2;277;29;16;4.17;42;2;881.4;0;136;0;0.0;50.14372713919671;0;0;2
161;0;2;345;41.0;365;11;19514.88;182824.0;58;5;17;2;277;29;23;4.17;42;2;881.4;0;137;1;0.0;0.0;0;0;2
162;0;6;335;41.0;365;11;19514.88;182824.0;58;5;17;2;277;29;16;4.17;42;3;881.4;0;138;1;0.0;43.315824459505386;0;0;2
163;0;0;335;41.0;365;11;19514.88;182824.0;58;488;17;2;277;29;16;4.17;42;3;881.4;0;139;1;0.0;45.388820313895;0;0;1
164;0;7;345;41.0;365;11;19514.88;0.0;58;5;17;2;277;29;112;4.17;42;3;881.4;0;140;1;0.0;168.34146287619103;0;0;1
165;0;5;345;41.0;625;8;19514.88;0.0;58;5;17;2;277;29;16;4.17;42;3;881.4;0;141;1;0.0;151.3776397937309;0;0;1
166;0;4;345;41.0;365;11;19514.88;182824.0;58;5;17;2;277;29;26;4.17;42;3;881.4;0;142;1;0.0;184.63115997411617;0;0;1
167;0;1;345;41.0;365;11;19514.88;0.0;58;5;5240;2;277;24;12;4.17;58;2;881.4;0;133;1;0.0;99.1415414879628;0;0;1
168;0;3;307;41.0;565;8;10183.015;0.0;58;5;17;29;140;48;112;8.969999999999997;69;0;1672.43;0;24;2;0.0;14.622739235117402;0;0;1
169;0;2;307;41.0;565;8;10183.015;0.0;58;5;17;29;140;48;32;7.97;69;0;1672.43;0;27;0;0.0;92.3619500192958;0;0;1
170;0;6;307;41.0;565;8;10183.015;0.0;58;5;17;29;140;48;54;7.97;69;0;1672.43;0;28;2;0.0;91.88397193610828;0;0;1
171;0;0;307;41.0;565;8;10183.015;0.0;58;5;17;29;140;43;43;7.97;69;2;1672.43;0;29;2;0.0;46.8104157513052;0;0;2
172;0;7;307;41.0;565;8;10183.015;0.0;58;5;17;29;140;52;112;7.97;69;0;1672.43;0;30;2;0.0;65.83126164076859;0;0;1
173;0;5;307;42.0;565;8;10183.015;0.0;58;5;17;29;140;48;56;10.97;5;0;1672.43;0;31;2;0.0;73.89986104079846;0;0;1
174;0;4;307;42.0;565;8;10183.015;0.0;58;5;17;29;140;53;47;7.97;69;2;1672.43;0;32;2;0.0;61.86372757802612;0;0;1
175;0;1;307;42.0;565;8;0.0;0.0;58;5;17;29;140;48;47;7.97;69;0;1672.43;0;33;2;0.0;71.12274735436063;0;0;1
176;0;3;335;19.0;21;5;106733.13;88734275.0;41;4;1;2;277;7;112;0.86;0;2;76.23;0;322;1;0.0;388.36035366098815;0;0;0
177;0;2;391;20.0;21;5;106733.13;88734275.0;41;4;1;2;277;50;99;0.0;0;2;76.23;0;313;1;0.0;807.2067768357648;0;0;0
178;0;6;391;20.0;625;5;106733.13;88734275.0;41;4;4975;2;277;17;97;0.86;0;1;76.23;0;314;1;0.0;172.03282853259896;0;0;0
179;0;0;391;20.0;21;5;106733.13;0.0;41;4;1;2;277;50;99;-4.14;0;1;76.23;0;323;1;0.0;644.2873937406405;0;0;0
180;0;7;391;20.0;21;5;0.0;88734275.0;41;4;1;0;277;50;97;0.86;0;1;76.23;0;324;1;0.0;345.609135410684;0;0;0
181;0;5;391;20.0;21;5;106733.13;88734275.0;41;4;1;2;277;50;97;-0.14;0;1;76.23;0;404;1;0.0;0.0;0;0;2
182;0;4;391;20.0;21;5;106733.13;88734275.0;41;4;1;2;277;71;89;0.86;1;2;76.23;0;404;1;0.0;191.03537260177933;0;0;2
183;0;1;335;20.0;21;5;106733.13;88734275.0;41;4;1;2;277;69;97;0.86;1;1;76.23;0;327;1;0.0;384.7637247797149;0;0;2
184;0;3;335;0.0;446;7;12600.445;0.0;45;5;10;0;426;26;37;15.79;72;2;569.8;0;52;2;0.0;0.0;0;0;2
185;0;2;357;31.0;446;7;12600.445;0.0;45;5;10;0;426;23;32;15.79;72;3;569.8;0;53;2;0.0;103.1586179144364;0;0;2
186;0;6;335;31.0;446;7;12600.445;0.0;45;5;10;16;426;23;28;15.79;72;3;569.8;0;54;2;0.0;32.02630794260436;0;0;2
187;0;0;335;32.0;446;8;12600.445;0.0;45;5;10;16;426;23;32;15.79;85;3;569.8;0;55;2;337460.0;31.14919791081519;0;0;1
188;0;7;357;32.0;446;7;0.0;0.0;45;5;10;16;426;18;37;15.79;72;3;569.8;0;56;2;0.0;41.0826367012432;0;0;1
189;0;5;357;32.0;446;7;12600.445;0.0;45;5;10;16;426;23;37;15.79;72;3;569.8;0;57;2;0.0;48.00806665619237;0;0;1
190;0;4;357;32.0;446;7;12600.445;0.0;45;5;10;16;426;23;43;21.79;72;3;569.8;0;404;2;0.0;56.90889585970557;0;0;1
191;0;1;335;32.0;446;7;12600.445;0.0;45;5;10;16;426;23;37;15.79;7;3;569.8;0;49;2;0.0;66.37358000122424;0;0;1
192;0;3;456;34.0;126;10;57983.12;0.0;70;8;31;41;487;47;37;7.27;14;0;3532.83;0;404;2;0.0;265.70621194860047;0;0;1
193;0;2;456;34.0;126;10;57983.12;0.0;70;8;31;41;487;54;47;7.27;4;0;3532.83;0;52;2;0.0;193.8733754293324;0;0;2
194;0;6;456;34.0;126;10;57983.12;0.0;70;8;31;41;487;48;112;7.27;35;0;3532.83;0;53;2;0.0;534.3581783879267;0;0;1
195;0;0;456;34.0;126;10;57983.12;0.0;70;8;31;41;487;48;49;7.27;35;2;3532.83;0;54;2;0.0;197.6404955281;0;0;1
196;0;7;456;34.0;625;10;57983.12;0.0;70;8;31;41;487;48;47;10.27;35;0;3532.83;0;55;2;0.0;205.25015227427863;0;0;1
197;0;5;456;34.0;126;10;0.0;0.0;70;8;31;41;487;46;47;7.27;35;0;3532.83;0;56;2;0.0;626.869242023209;0;0;2
198;0;4;456;34.0;126;10;57983.12;0.0;70;8;31;41;487;49;47;7.27;38;0;3532.83;0;57;2;0.0;234.73204010983815;0;0;2
199;0;1;456;34.0;625;10;57983.12;0.0;70;8;31;41;487;48;56;7.27;85;2;3532.83;0;58;2;0.0;159.13672195005464;0;0;1
200;0;3;450;48.0;9;5;20787.69;19993075.0;63;6;14;16;255;20;23;1.13;55;3;614.6;0;109;1;0.0;0.0;0;0;2
201;0;2;450;48.0;9;8;20787.69;19993075.0;63;6;14;16;255;22;112;1.13;55;3;614.6;0;110;1;0.0;82.62718037237505;0;0;2
202;0;6;450;48.0;9;8;20787.69;19993075.0;63;6;14;16;255;20;112;1.13;55;3;614.6;0;404;1;0.0;110.17209563183977;0;0;2
203;0;0;450;48.0;9;5;20787.69;0.0;63;6;14;16;255;20;16;1.13;55;3;614.6;0;120;1;0.0;89.87484896281485;0;0;2
204;0;7;450;48.0;9;5;20787.69;0.0;63;6;14;16;255;20;23;-2.87;55;3;614.6;0;123;1;0.0;155.4609440434731;0;0;2
205;0;5;450;48.0;9;5;20787.69;19993075.0;63;6;14;16;255;20;23;1.13;55;2;614.6;0;404;1;0.0;28.63736093576957;0;0;2
206;0;4;450;48.0;9;5;20787.69;19993075.0;63;6;14;16;255;21;23;1.13;55;3;614.6;0;404;1;0.0;258.21517380152807;0;0;2
207;0;1;450;48.0;625;5;20787.69;19993075.0;63;1381;14;16;255;20;23;8.129999999999999;55;2;614.6;0;126;1;0.0;21.74553122931893;0;0;2
208;0;3;48;30.0;313;14;34290.12;269751.0;70;8;25;36;250;53;10;17.96;81;3;2686.81;0;69;0;0.0;248.06995733765265;0;0;1
209;0;2;335;30.0;313;14;34290.12;269751.0;70;8;25;36;250;47;112;13.96;81;3;2686.81;0;404;0;0.0;0.0;0;0;2
210;0;6;48;30.0;313;14;34290.12;269751.0;70;8;25;36;250;53;97;12.96;81;2;2686.81;0;404;2;0.0;60.58953609088056;0;0;2
211;0;0;48;30.0;313;14;34290.12;0.0;70;8;25;0;250;53;99;13.96;81;3;2686.81;0;62;0;0.0;99.47477403683122;0;0;1
212;0;7;48;30.0;313;8;34290.12;269751.0;70;8;25;36;250;53;16;13.96;81;2;2686.81;0;71;2;0.0;330.071842181316;0;0;1
213;0;5;48;30.0;313;14;34290.12;269751.0;70;8;25;36;250;53;16;13.96;81;2;2686.81;0;72;2;0.0;108.94691107774382;0;0;1
214;0;4;48;30.0;313;14;0.0;269751.0;70;8;25;36;250;53;16;13.96;20;3;2686.81;0;75;2;0.0;224.09320407033417;0;0;2
215;0;1;48;30.0;313;14;34290.12;0.0;70;898;25;36;250;53;110;13.96;20;2;2686.81;0;76;2;0.0;94.91721648288956;0;0;1
216;0;3;580;32.0;425;0;43070.24;0.0;39;3;18;4;156;8;105;8.97;58;3;1233.1;0;135;2;0.0;397.00224891024857;0;0;2
217;0;2;580;32.0;425;0;0.0;0.0;39;3;18;4;156;10;105;14.97;58;3;1233.1;0;136;2;0.0;443.9186741720723;0;0;2
218;0;6;580;32.0;425;0;43070.24;0.0;39;3;18;4;156;12;105;12.97;58;3;1233.1;0;137;2;0.0;50.50914885496671;0;0;2
219;0;0;580;995.0;425;0;43070.24;0.0;39;3;18;4;156;8;105;8.97;58;3;1233.1;0;138;2;0.0;74.92037487328841;0;0;2
220;0;7;580;32.0;425;0;43070.24;0.0;39;3;18;4;156;7;105;8.97;76;3;1233.1;0;139;2;0.0;178.09535842702488;0;0;2
221;0;5;580;32.0;425;0;43070.24;0.0;39;3;18;4;156;70;105;4.9700000000000015;76;3;1233.1;0;140;2;0.0;41.33398006254758;0;0;2
222;0;4;580;32.0;425;0;43070.24;0.0;39;3;18;4;156;8;105;8.97;76;3;1233.1;0;141;2;0.0;108.62344689023185;0;0;2
223;0;1;580;32.0;425;0;43070.24;0.0;39;3;18;0;156;8;105;8.97;76;3;1233.1;0;142;2;0.0;403.5168088509092;0;0;2
224;0;3;137;40.0;625;1;28572.39;22100325.0;50;3;15;16;489;23;16;4.89;0;2;400.07;0;292;2;0.0;42.85050714738581;0;0;2
225;0;2;137;40.0;204;1;28572.39;22100325.0;50;3;15;16;489;23;110;4.89;0;3;400.07;0;293;0;0.0;83.0442090106474;0;0;2
226;0;6;137;40.0;204;8;28572.39;22100325.0;50;3;15;16;489;26;10;4.89;0;3;400.07;0;294;2;0.0;53.484203285005805;0;0;2
227;0;0;137;0.0;204;1;28572.39;0.0;50;3;15;16;489;23;23;4.89;0;2;400.07;0;295;2;0.0;25.99346229581731;0;0;2
228;0;7;335;40.0;204;1;28572.39;0.0;50;3;15;16;489;23;16;4.89;42;3;400.07;0;296;2;0.0;61.628109134830005;0;0;2
229;0;5;137;40.0;204;1;28572.39;0.0;50;3;668;16;489;23;12;4.89;42;3;400.07;0;297;2;0.0;129.264834657262;0;0;2
230;0;4;137;40.0;204;1;28572.39;22100325.0;50;3;15;16;489;23;18;4.89;42;3;400.07;0;404;2;0.0;76.60780889167367;0;0;2
231;0;1;137;40.0;204;1;0.0;22100325.0;50;3;15;16;489;23;16;4.89;42;3;400.07;0;289;2;0.0;51.83085897154975;0;0;2
232;0;3;479;37.0;564;9;39641.54;0.0;2;8;25;32;64;63;18;1.54;69;2;2258.73;0;404;2;0.0;246.91502516402176;0;0;1
233;0;2;479;37.0;564;9;39641.54;0.0;2;8;25;32;64;63;28;1.54;76;2;2258.73;0;391;0;0.0;236.0775818986983;0;0;1
234;0;6;479;37.0;564;9;39641.54;0.0;2;8;25;32;64;63;26;1.54;68;0;2258.73;0;382;2;0.0;198.0421234022212;0;0;1
235;0;0;479;37.0;564;9;0.0;0.0;2;8;25;0;64;63;28;1.54;76;0;2258.73;0;383;2;0.0;254.0211199377709;0;0;1
236;0;7;335;0.0;564;9;0.0;0.0;2;8;25;32;64;63;28;1.54;76;0;2258.73;0;392;2;0.0;254.2603725370912;0;0;2
237;0;5;335;37.0;564;9;39641.54;0.0;2;8;25;32;64;63;28;1.54;76;0;2258.73;0;393;2;0.0;122.14845102419844;0;0;1
238;0;4;479;37.0;564;9;39641.54;0.0;2;8;25;32;64;63;23;1.54;76;0;2258.73;0;404;2;0.0;160.67254450139754;0;0;1
239;0;1;479;38.0;564;9;39641.54;0.0;2;8;25;32;64;63;18;-2.46;76;0;2258.73;0;397;2;0.0;149.26780615872963;0;0;1
240;0;3;378;0.0;550;12;20186.02;0.0;1;5;1;14;68;50;97;6.83;58;2;413.32;0;124;1;0.0;74.21434055467658;0;0;0
241;0;2;335;54.0;550;12;20186.02;0.0;1;5;1;14;68;50;97;0.8300000000000001;85;1;413.32;0;125;0;141300.0;42.6191420708265;0;0;2
242;0;6;378;55.0;550;12;20186.02;0.0;1;5;1;14;68;39;73;6.83;58;1;413.32;0;126;1;0.0;26.290476621438277;0;0;0
243;0;0;335;5079.0;550;12;20186.02;0.0;1;5;1;14;68;50;97;0.0;58;1;413.32;0;127;1;0.0;104.72383354456407;0;0;0
244;0;7;378;55.0;550;12;20186.02;0.0;1;5;1;14;68;50;99;6.83;58;2;413.32;0;128;1;0.0;138.80315747514354;0;0;2
245;0;5;335;55.0;550;12;586359.0;0.0;1;5;1;14;68;50;99;6.83;58;1;413.32;0;129;1;0.0;68.95672493704708;0;0;0
246;0;4;378;55.0;550;12;20186.02;0.0;1;5;1;14;68;50;97;6.83;58;1;413.32;0;130;1;59940.0;121.7654262603496;0;0;2
247;0;1;378;55.0;550;12;20186.02;0.0;1;5;1;14;68;50;97;6.83;58;1;413.32;0;404;1;0.0;153.53879644098146;0;0;2
248;0;3;49;43.0;290;11;18627.64;0.0;58;7;19;32;488;30;47;0.0;72;0;1793.54;0;130;0;0.0;48.43998334767114;0;0;1
249;0;2;49;43.0;290;11;18627.64;0.0;58;7;19;32;488;30;47;5.07;72;0;1793.54;0;121;2;0.0;53.83325980744012;0;0;1
250;0;6;49;43.0;290;11;18627.64;0.0;58;7;19;32;488;30;47;5.07;72;0;1793.54;0;122;2;315510.0;105.14914955564508;0;0;1
251;0;0;49;43.0;290;11;18627.64;0.0;58;7;19;32;488;30;49;5.07;72;0;1793.54;0;131;2;0.0;75.79138890495672;0;0;2
252;0;7;49;43.0;290;11;18627.64;0.0;58;7;19;32;488;30;81;5.07;72;0;1793.54;0;132;2;0.0;24.34618840548105;0;0;1
253;0;5;49;43.0;290;11;18627.64;0.0;58;7;19;32;488;30;47;6.07;72;0;1793.54;0;135;2;0.0;109.59203229477612;0;0;1
254;0;4;49;43.0;290;11;18627.64;0.0;58;7;19;32;488;24;47;0.0;72;0;1793.54;0;136;2;0.0;104.22797957897026;0;0;1
255;0;1;49;44.0;290;11;18627.64;0.0;58;7;19;32;488;30;32;5.07;72;0;1793.54;0;137;2;0.0;98.80418973887456;0;0;1
256;0;3;317;0.0;387;4;12986.745;95922875.0;41;3;10;50;361;29;23;11.8;64;2;1489.49;0;390;2;0.0;16.286719355483015;0;0;2
257;0;2;317;21.0;387;4;12986.745;95922875.0;41;3;10;14;361;27;30;11.8;72;3;1489.49;0;391;2;0.0;44.193003447546566;0;0;2
258;0;6;317;21.0;387;4;12986.745;95922875.0;41;3;10;14;361;29;43;11.8;72;3;1489.49;0;382;2;0.0;47.266680510662326;0;0;2
259;0;0;317;21.0;387;8;12986.745;95922875.0;41;3;10;14;361;29;26;11.8;72;3;1489.49;0;383;2;0.0;76.3552778113165;0;0;2
260;0;7;317;22.0;387;4;12986.745;95922875.0;41;3;10;14;361;29;32;16.8;72;3;1489.49;0;392;2;0.0;72.34651350481404;0;0;2
261;0;5;317;22.0;387;4;12986.745;0.0;41;3;10;14;361;29;30;11.8;72;3;1489.49;0;393;2;0.0;111.25763046793648;0;0;2
262;0;4;317;22.0;387;4;12986.745;95922875.0;41;3;10;14;361;26;43;11.8;72;2;1489.49;0;396;2;0.0;46.74959035828726;0;0;2
263;0;1;317;22.0;387;4;12986.745;95922875.0;41;3;10;14;361;26;30;11.8;72;3;1489.49;0;397;2;0.0;91.82948180540612;0;0;2
264;0;3;78;43.0;432;14;58317.0;466475.0;63;5;9;32;347;15;30;16.58;69;3;98.97;0;60;2;0.0;109.48894961827229;0;0;2
265;0;2;78;43.0;432;14;58317.0;466475.0;63;5;9;32;347;15;43;16.58;69;3;98.97;0;63;2;0.0;83.30040818642512;0;0;2
266;0;6;78;44.0;432;14;58317.0;0.0;63;5;9;32;347;13;43;10.579999999999998;69;2;98.97;0;64;2;0.0;57.95122336180115;0;0;2
267;0;0;78;44.0;432;14;58317.0;0.0;17;5;9;32;347;15;54;23.58;2;3;98.97;0;404;2;0.0;158.64827595455043;0;0;2
268;0;7;335;44.0;432;14;58317.0;466475.0;63;5;9;32;347;15;43;22.58;85;3;98.97;0;66;2;0.0;180.83057335204728;0;0;2
269;0;5;78;44.0;432;14;58317.0;466475.0;63;5;9;32;347;15;112;16.58;2;3;98.97;0;67;2;0.0;98.88050778293751;0;0;2
270;0;4;78;44.0;432;14;58317.0;466475.0;63;5;9;32;347;15;43;21.58;2;3;98.97;0;68;2;0.0;380.5857010101063;0;0;2
271;0;1;78;44.0;432;14;58317.0;466475.0;63;5;9;32;347;20;112;16.58;2;3;98.97;0;69;2;0.0;59.955987495996;0;0;2
272;0;3;23;36.0;169;12;42171.98;0.0;37;7;10;16;51;39;10;9.58;58;1;556.91;0;174;1;0.0;56.71137669245967;0;0;2
273;0;2;23;36.0;169;12;42171.98;0.0;37;7;10;16;51;39;105;2.58;58;1;556.91;0;175;1;0.0;136.98300144734569;0;0;2
274;0;6;23;37.0;169;12;42171.98;0.0;37;7;10;16;51;39;112;2.58;58;1;556.91;0;176;0;0.0;97.5667563136885;0;0;2
275;0;0;23;37.0;169;12;42171.98;0.0;37;7;10;16;51;17;10;2.58;58;1;556.91;0;177;1;0.0;255.7658284179328;0;0;0
276;0;7;23;37.0;169;12;42171.98;0.0;37;7;10;16;51;39;10;2.58;58;1;556.91;0;178;1;0.0;150.3131869839959;0;0;0
277;0;5;23;0.0;169;12;42171.98;0.0;37;7;10;16;51;17;10;2.58;58;2;556.91;0;169;0;0.0;82.51039863115369;0;0;0
278;0;4;23;37.0;169;12;42171.98;0.0;37;7;10;16;51;39;10;2.58;58;1;556.91;0;404;1;0.0;82.5798021342212;0;0;0
279;0;1;23;37.0;169;12;42171.98;0.0;37;7;10;16;51;39;10;2.58;58;1;556.91;0;179;1;0.0;145.39924253815036;0;0;2
280;0;3;67;36.0;458;9;71681.4;579945.0;39;518;15;4;364;69;105;10.44;85;2;1293.02;0;224;2;0.0;301.2920819088937;0;0;2
281;0;2;67;36.0;458;9;71681.4;579945.0;39;6;15;4;364;70;97;10.44;0;3;1293.02;0;225;2;0.0;137.33114262036042;0;0;2
282;0;6;67;36.0;458;9;71681.4;579945.0;39;6;15;4;364;70;10;10.44;0;3;1293.02;0;226;2;0.0;253.31972193677208;0;0;2
283;0;0;67;36.0;458;9;71681.4;579945.0;39;6;15;4;364;39;105;10.44;0;3;1293.02;0;217;2;0.0;120.89014204533736;0;0;0
284;0;7;67;36.0;458;9;71681.4;579945.0;39;6;15;4;364;70;77;10.44;0;3;1293.02;0;218;2;0.0;0.0;0;0;0
285;0;5;67;36.0;625;9;71681.4;579945.0;39;6;15;4;364;50;97;10.44;0;3;1293.02;0;227;2;0.0;414.896549383656;0;0;0
286;0;4;67;36.0;458;9;71681.4;579945.0;39;6;15;4;364;70;10;4.44;0;2;1293.02;0;228;2;0.0;0.0;0;0;0
287;0;1;335;36.0;458;9;71681.4;579945.0;39;6;15;4;364;70;105;10.44;0;3;1293.02;0;231;0;0.0;295.8118959942132;0;0;0
288;0;3;605;6409.0;621;10;29469.98;0.0;9;7;24;29;562;54;47;26.94;7;2;3421.66;0;404;2;0.0;59.825596124675045;0;0;2
289;0;2;605;-500.0;621;10;29469.98;0.0;58;7;24;29;562;51;32;22.94;85;0;3421.66;0;64;0;0.0;125.49176826031132;0;0;2
290;0;6;605;16.0;625;10;29469.98;0.0;58;7;24;0;562;54;56;27.94;7;2;3421.66;0;65;2;0.0;32.70665182089997;0;0;2
291;0;0;605;16.0;621;10;29469.98;0.0;58;7;24;29;562;54;47;26.94;7;0;3421.66;0;66;2;0.0;27.250794632521444;0;0;1
292;0;7;605;16.0;621;10;29469.98;0.0;58;7;24;29;562;54;47;26.94;7;0;3421.66;0;67;2;0.0;71.26438577406131;0;0;1
293;0;5;605;16.0;621;10;0.0;0.0;58;7;24;29;562;54;47;27.94;7;0;3421.66;0;68;2;0.0;117.3103161395246;0;0;1
294;0;4;605;16.0;621;10;29469.98;0.0;58;7;24;29;562;59;56;26.94;7;0;3421.66;0;69;2;0.0;115.45341572596944;0;0;1
295;0;1;605;16.0;621;10;29469.98;0.0;58;7;24;29;562;54;47;26.94;7;0;3421.66;0;70;2;0.0;24.066131449353737;0;0;1
296;0;3;353;19.0;292;4;72559.36;0.0;41;5;17;22;262;11;47;2.74;1;3;1173.7;0;242;1;0.0;565.7433852667033;0;0;2
297;0;2;353;19.0;292;4;72559.36;0.0;41;5;17;22;262;11;49;2.74;1;3;1173.7;0;251;1;0.0;205.7209899544129;0;0;2
298;0;6;353;20.0;292;4;72559.36;0.0;41;5;17;22;262;15;112;-4.26;1;2;1173.7;0;252;0;0.0;370.4699741780327;0;0;2
299;0;0;353;20.0;292;8;72559.36;0.0;41;5;17;22;262;11;32;0.0;1;2;1173.7;0;255;1;0.0;298.6987124670099;0;0;2
300;0;7;353;20.0;292;8;72559.36;0.0;41;5;17;22;262;11;47;2.74;1;3;1173.7;0;256;1;0.0;117.31025890075192;0;0;2
301;0;5;353;7080.0;292;4;72559.36;0.0;41;5;17;0;262;13;37;2.74;1;3;1173.7;0;257;1;0.0;172.9621775288686;0;0;2
302;0;4;353;20.0;292;4;72559.36;0.0;41;5;17;22;262;11;37;2.74;1;3;1173.7;0;258;1;0.0;82.49686626015253;0;0;2
303;0;1;353;20.0;292;8;72559.36;0.0;41;5;17;22;262;12;37;-1.2599999999999998;64;3;1173.7;0;259;1;0.0;105.7178730777444;0;0;2
304;0;3;303;36.0;442;11;15566.02;0.0;63;5;32;22;252;13;21;9.24;72;3;1693.95;0;370;2;0.0;65.9865855206332;0;0;1
305;0;2;303;36.0;442;11;15566.02;0.0;63;5;32;22;252;14;43;9.24;72;3;1693.95;0;371;2;0.0;169.62098009559793;0;0;1
306;0;6;303;37.0;442;11;15566.02;0.0;63;5;32;22;252;9;37;9.24;72;2;1693.95;0;380;2;0.0;46.57667279779648;0;0;1
307;0;0;303;37.0;625;11;0.0;0.0;63;5;32;22;252;14;43;9.24;85;3;1693.95;0;381;2;620730.0;94.29931654720836;0;0;2
308;0;7;303;37.0;442;11;15566.02;0.0;63;5;32;22;252;14;43;9.24;81;2;1693.95;0;384;2;0.0;188.86611370127875;0;0;1
309;0;5;303;37.0;442;11;15566.02;0.0;63;5;32;22;252;10;54;9.24;81;3;1693.95;0;385;2;0.0;131.61252154380742;0;0;1
310;0;4;303;37.0;442;11;15566.02;0.0;55;5;32;22;252;9;30;11.24;81;3;1693.95;0;386;2;0.0;80.48442010154183;0;0;1
311;0;1;303;0.0;442;11;15566.02;0.0;63;5;32;22;252;14;54;9.24;81;3;1693.95;0;387;2;0.0;0.0;0;0;2
312;0;3;159;18.0;265;2;66567.32;0.0;45;7;5;14;360;69;26;7.67;31;3;233.79;0;208;1;376020.0;251.6474222267431;0;0;2
313;0;2;335;18.0;265;2;66567.32;0.0;45;7;5;14;360;69;112;5.67;0;3;233.79;0;209;1;0.0;542.0422096462502;0;0;2
314;0;6;159;18.0;265;2;66567.32;0.0;45;7;5;14;360;69;16;5.67;0;3;233.79;0;210;1;0.0;770.6964130785489;0;0;2
315;0;0;159;18.0;265;2;66567.32;0.0;45;7;5;14;360;69;112;4.67;0;3;233.79;0;211;1;0.0;526.9189014313906;0;0;2
316;0;7;159;19.0;265;2;66567.32;0.0;45;7;5;14;360;69;26;5.67;0;3;233.79;0;212;1;0.0;149.52530495571628;0;0;2
317;0;5;159;19.0;625;2;66567.32;0.0;45;7;5;14;360;69;26;5.67;0;3;233.79;0;213;1;0.0;66.77787001883797;0;0;2
318;0;4;335;19.0;265;2;66567.32;0.0;45;7;5;14;360;69;26;5.67;0;3;233.79;0;214;1;0.0;66.6883582507525;0;0;2
319;0;1;159;19.0;265;2;66567.32;0.0;45;7;5;14;360;69;23;-1.33;42;3;233.79;0;404;0;0.0;82.84422854536191;0;0;2
320;0;3;387;32.0;39;8;12909.895;0.0;45;5;13;2;277;20;23;7.58;1;3;602.5;0;108;1;0.0;20.446680591816467;0;0;2
321;0;2;387;32.0;39;8;12909.895;0.0;45;5;13;2;277;20;23;7.58;1;3;602.5;0;111;1;0.0;67.1617199501041;0;0;2
322;0;6;387;33.0;39;8;12909.895;0.0;45;5;13;2;277;18;23;7.58;1;3;602.5;0;112;1;0.0;114.1999514806221;0;0;2
323;0;0;387;33.0;39;8;12909.895;0.0;45;5;13;2;277;20;26;7.58;1;3;602.5;0;113;0;0.0;110.97422180573076;0;0;2
324;0;7;387;33.0;39;8;12909.895;0.0;45;1005;13;2;277;20;112;7.58;1;3;602.5;0;114;1;0.0;64.5279705435943;0;0;2
325;0;5;387;33.0;39;8;12909.895;0.0;45;5;753;2;277;14;23;7.58;1;3;602.5;0;115;1;0.0;31.012826650846385;0;0;2
326;0;4;335;0.0;39;8;12909.895;0.0;45;5;13;2;277;20;28;7.58;55;3;602.5;0;116;1;0.0;51.48954251473581;0;0;2
327;0;1;387;33.0;39;8;12909.895;0.0;45;5;13;0;277;20;26;7.58;55;3;602.5;0;117;1;0.0;60.0526347664628;0;0;2
328;0;3;562;849.0;167;0;30788.44;0.0;58;9;31;32;145;49;112;21.73;81;0;3470.08;0;15;2;0.0;232.13881681232448;0;0;2
329;0;2;562;33.0;167;0;30788.44;0.0;58;9;31;32;145;49;43;21.73;81;0;3470.08;0;16;2;0.0;53.6486433406095;0;0;2
330;0;6;562;33.0;167;0;30788.44;0.0;58;9;31;32;145;53;49;21.73;81;2;3470.08;0;17;2;0.0;102.34349795606056;0;0;2
331;0;0;562;33.0;167;0;30788.44;0.0;58;9;31;32;145;49;43;21.73;81;0;3470.08;0;18;2;0.0;97.3135883386068;0;0;2
332;0;7;562;33.0;167;0;30788.44;0.0;58;9;31;32;145;49;43;21.73;81;2;3470.08;0;19;0;0.0;55.92865462580193;0;0;2
333;0;5;562;33.0;167;0;30788.44;0.0;58;9;31;32;145;45;47;21.73;81;0;3470.08;0;20;2;0.0;72.98412458705273;0;0;2
334;0;4;562;33.0;167;0;30788.44;0.0;58;9;31;32;145;49;43;21.73;81;0;3470.08;0;21;2;0.0;70.08822093436186;0;0;2
335;0;1;562;33.0;167;0;30788.44;0.0;58;9;31;32;145;49;43;21.73;81;0;3470.08;0;404;2;0.0;242.53234925147845;0;0;2
336;0;3;224;42.0;303;1;20574.47;0.0;50;3;14;22;148;61;112;13.74;69;3;749.95;0;26;0;0.0;145.90047799348733;0;0;2
337;0;2;224;42.0;303;1;20574.47;0.0;50;3;14;22;148;61;10;13.74;69;3;749.95;0;35;2;0.0;0.0;0;0;2
338;0;6;335;42.0;303;8;0.0;0.0;50;3;14;22;148;61;10;14.74;7;3;749.95;0;36;2;149820.0;127.24552583717698;0;0;2
339;0;0;224;42.0;303;8;20574.47;0.0;49;3;14;22;148;61;16;6.74;7;3;749.95;0;39;2;0.0;25.161404432750263;0;0;2
340;0;7;224;-500.0;303;1;20574.47;0.0;50;1327;14;22;148;61;99;13.74;7;3;749.95;0;40;2;0.0;139.97856227172545;0;0;2
341;0;5;224;42.0;303;1;20574.47;0.0;50;3;14;22;148;61;10;6.74;7;3;749.95;0;41;2;0.0;192.3720689532156;0;0;2
342;0;4;224;42.0;303;1;20574.47;0.0;50;3;14;22;148;6;99;13.74;7;3;749.95;0;42;2;0.0;119.2737917167095;0;0;2
343;0;1;224;42.0;303;1;20574.47;0.0;50;1189;14;22;148;61;10;13.74;7;3;749.95;0;43;2;0.0;0.0;0;0;2
344;0;3;428;21.0;319;7;148699.32;1243261.0;39;4;748;16;571;10;105;9.2;1;1;949.38;0;296;1;0.0;296.1518279313217;0;0;0
345;0;2;335;21.0;625;8;0.0;1243261.0;39;4;1138;0;571;10;89;9.2;1;1;949.38;0;297;1;0.0;237.91838093113248;0;0;0
346;0;6;335;21.0;319;8;148699.32;1243261.0;39;4;5;16;571;10;73;9.2;1;1;949.38;0;298;1;0.0;0.0;0;0;0
347;0;0;335;22.0;319;7;148699.32;1243261.0;39;4;5;16;571;10;97;9.2;1;1;949.38;0;289;1;0.0;599.4618328116311;0;0;0
348;0;7;428;22.0;319;7;148699.32;1243261.0;39;4;5;16;571;7;73;10.2;66;2;949.38;0;290;1;0.0;264.79842475467024;0;0;0
349;0;5;428;22.0;319;7;148699.32;1243261.0;39;4;5;16;571;10;97;9.2;1;1;949.38;0;299;1;0.0;861.1156691643064;0;0;0
350;0;4;428;22.0;625;7;0.0;1243261.0;39;4;5;16;571;15;97;9.2;1;2;949.38;0;300;1;0.0;342.81426591925293;0;0;0
351;0;1;428;22.0;319;7;0.0;1243261.0;39;4;5;16;571;13;105;9.2;1;1;949.38;0;303;1;0.0;328.9078393799951;0;0;0
352;0;3;401;19.0;181;11;85554.03;71855025.0;41;2;3;2;277;9;99;6.43;55;1;1095.73;0;140;1;0.0;162.99558622762183;0;0;0
353;0;2;401;19.0;181;11;85554.03;71855025.0;41;2;3;2;277;9;112;6.43;55;2;1095.73;0;141;0;0.0;81.57260644250123;0;0;0
354;0;6;401;19.0;181;11;85554.03;71855025.0;41;2;3;2;277;9;99;6.43;55;2;1095.73;0;142;1;0.0;128.5248739482009;0;0;0
355;0;0;401;19.0;181;11;85554.03;71855025.0;41;2;3;0;277;9;99;6.43;55;1;1095.73;0;133;1;0.0;303.6646866498075;0;0;0
356;0;7;401;19.0;181;11;85554.03;71855025.0;20;2;3;0;277;11;112;6.43;55;2;1095.73;0;134;1;0.0;70.82263261910934;0;0;0
357;0;5;335;19.0;181;11;85554.03;71855025.0;41;2;3;2;277;9;99;6.43;55;1;1095.73;0;155;1;0.0;465.4277736563579;0;0;0
358;0;4;401;3885.0;181;11;85554.03;71855025.0;41;2;3;2;277;9;112;6.43;55;1;1095.73;0;156;1;0.0;0.0;0;0;0
359;0;1;401;0.0;625;8;85554.03;71855025.0;41;2;3;2;277;9;99;6.43;55;1;1095.73;0;404;1;810500.0;78.79818322985322;0;0;0
360;0;3;438;15.0;577;5;55829.79;43694825.0;2;10;18;50;652;29;43;27.99;7;2;3422.49;0;404;2;0.0;348.79948852088904;0;0;2
361;0;2;438;15.0;577;5;18334118.0;43694825.0;2;10;18;41;652;29;32;20.99;7;0;3422.49;0;31;2;0.0;124.54147043620928;0;0;2
362;0;6;438;15.0;625;5;55829.79;43694825.0;2;10;18;41;652;29;37;27.99;7;0;3422.49;0;32;2;0.0;132.0062494947303;0;0;2
363;0;0;438;15.0;577;5;55829.79;43694825.0;2;10;18;41;652;29;32;27.99;7;0;3422.49;0;404;2;0.0;172.22330996900791;0;0;2
364;0;7;438;16.0;577;5;55829.79;43694825.0;2;10;18;41;652;25;32;0.0;7;0;3422.49;0;34;2;0.0;182.04655003168392;0;0;2
365;0;5;438;16.0;577;5;55829.79;0.0;2;10;18;41;652;30;47;27.99;7;2;3422.49;0;25;2;0.0;106.90011269109904;0;0;2
366;0;4;438;16.0;577;5;55829.79;0.0;2;10;18;50;652;29;26;27.99;7;0;3422.49;0;404;0;0.0;192.3040599769492;0;0;1
367;0;1;335;16.0;577;5;55829.79;0.0;2;10;18;41;652;29;37;23.99;7;0;3422.49;0;35;2;0.0;255.7295013568828;0;0;2
368;0;3;335;27.0;567;1;19717385.0;0.0;58;10;33;44;147;60;112;8.82;7;0;0.0;0;62;2;0.0;60.55078556335062;0;0;2
369;0;2;335;27.0;567;1;14165.23;0.0;58;10;33;44;147;56;56;6.82;7;0;2797.17;0;71;2;0.0;0.0;0;0;1
370;0;6;496;27.0;567;1;14165.23;0.0;58;10;33;44;147;57;56;8.82;7;2;2797.17;0;72;2;0.0;124.0568381028943;0;0;1
371;0;0;496;27.0;625;8;14165.23;0.0;58;10;33;44;147;60;56;8.82;7;0;2797.17;0;75;2;0.0;95.67488196324194;0;0;2
372;0;7;496;27.0;567;1;14165.23;0.0;58;10;33;44;147;60;56;8.82;7;0;2797.17;0;76;2;0.0;105.75675459442276;0;0;1
373;0;5;496;27.0;567;1;0.0;0.0;58;10;33;44;147;56;56;8.82;7;0;2797.17;0;77;2;0.0;53.85988289381308;0;0;1
374;0;4;496;27.0;567;1;14165.23;0.0;58;10;33;44;147;60;56;8.82;7;0;2797.17;0;78;2;0.0;45.62644681511021;0;0;1
375;0;1;496;27.0;567;8;14165.23;0.0;58;10;33;44;147;63;62;8.82;7;2;2797.17;0;79;0;0.0;133.8825777377157;0;0;2
376;0;3;335;30.0;378;13;87215.68;0.0;37;6;8;14;69;17;112;10.98;0;1;680.77;0;165;1;0.0;0.0;0;0;0
377;0;2;335;30.0;378;13;87215.68;0.0;37;6;8;50;69;61;97;10.98;0;2;680.77;0;166;1;0.0;106.9503613944;0;0;2
378;0;6;335;30.0;378;13;87215.68;0.0;37;6;8;14;69;28;112;0.0;0;1;680.77;0;157;1;0.0;90.98095528937552;0;0;0
379;0;0;335;30.0;378;13;2709655.0;0.0;37;6;8;14;69;17;112;10.98;0;1;680.77;0;158;1;0.0;264.2066739274231;0;0;2
380;0;7;335;30.0;378;13;87215.68;0.0;37;6;8;14;69;17;93;10.98;0;1;680.77;0;167;1;0.0;799.3743610756787;0;0;0
381;0;5;335;0.0;378;8;87215.68;0.0;37;6;8;14;69;61;89;9.98;0;1;680.77;0;168;1;102920.0;173.09436921741766;0;0;0
382;0;4;335;30.0;378;13;87215.68;0.0;37;6;8;50;69;17;93;10.98;0;1;680.77;0;171;1;0.0;169.11088560882388;0;0;0
383;0;1;335;30.0;378;13;87215.68;0.0;37;6;8;14;69;17;105;10.98;0;1;680.77;0;172;0;197340.0;304.20281042249366;0;0;0
384;0;3;482;43.0;149;7;81842.28;0.0;2;9;25;44;644;18;37;16.25;81;0;3053.16;0;5;0;0.0;162.58872416902926;0;0;2
385;0;2;482;43.0;149;7;81842.28;681019.0;2;9;25;44;644;18;28;16.25;81;2;3053.16;0;6;2;0.0;152.73376617951735;0;0;2
386;0;6;482;43.0;625;7;81842.28;681019.0;2;9;25;44;644;18;37;16.25;81;0;3053.16;0;7;2;0.0;192.47311480080555;0;0;2
387;0;0;482;0.0;149;7;81842.28;681019.0;2;9;25;44;644;18;28;14.25;81;0;3053.16;0;404;2;0.0;332.91312448523337;0;0;2
388;0;7;482;43.0;149;7;81842.28;0.0;2;9;25;44;644;18;30;16.25;7;0;3053.16;0;9;2;0.0;447.84857819702745;0;0;2
389;0;5;482;43.0;149;7;81842.28;681019.0;2;9;25;44;644;18;37;16.25;7;0;3053.16;0;10;2;0.0;165.0734557930175;0;0;2
390;0;4;335;43.0;149;7;81842.28;681019.0;2;9;25;44;644;18;37;10.25;7;0;3053.16;0;1;2;0.0;201.90262132078453;0;0;2
391;0;1;482;43.0;149;7;0.0;0.0;2;9;25;50;644;18;28;16.25;7;0;3053.16;0;404;0;0.0;79.38081204748913;0;0;2
392;0;3;386;38.0;321;3;95956.5;8279375.0;63;4;11;0;589;15;10;11.94;42;3;1079.73;0;308;1;0.0;0.0;0;0;2
393;0;2;386;38.0;321;3;95956.5;8279375.0;63;4;11;14;589;21;10;11.94;42;3;1079.73;0;309;0;0.0;265.3115233534598;0;0;2
394;0;6;386;38.0;321;3;95956.5;8279375.0;63;4;11;14;589;21;10;11.94;42;2;1079.73;0;310;0;0.0;377.3584081424742;0;0;2
395;0;0;386;38.0;321;3;95956.5;8279375.0;63;4;11;14;589;26;112;13.94;42;3;1079.73;0;301;1;0.0;623.4087218945351;0;0;0
396;0;7;386;38.0;321;3;95956.5;8279375.0;63;4;11;14;589;20;18;11.94;42;3;1079.73;0;302;1;0.0;517.8021721033211;0;0;2
397;0;5;386;38.0;321;3;95956.5;8279375.0;63;4;11;14;589;21;112;11.94;42;3;1079.73;0;311;1;0.0;761.0455290669844;0;0;0
398;0;4;386;38.0;321;3;95956.5;8279375.0;63;4;11;14;589;21;10;11.94;42;3;1079.73;0;312;0;0.0;777.6020727296635;0;0;0
399;0;1;386;0.0;321;3;95956.5;8279375.0;63;4;11;14;589;21;112;11.94;42;3;1079.73;0;315;0;0.0;552.1106827759281;0;0;0
400;0;3;335;25.0;625;9;49967.01;40919175.0;58;6;31;32;60;25;12;19.87;7;3;2253.95;0;97;2;0.0;66.93199534699997;0;0;1
401;0;2;152;25.0;221;8;49967.01;0.0;58;6;31;32;60;25;12;19.87;7;3;2253.95;0;98;2;0.0;132.28573127303278;0;0;1
402;0;6;152;26.0;221;9;49967.01;40919175.0;58;6;31;32;60;25;12;19.87;7;3;2253.95;0;107;2;0.0;80.27846002596156;0;0;1
403;0;0;152;26.0;221;9;49967.01;40919175.0;58;6;31;32;60;25;12;19.87;7;3;2253.95;0;108;2;0.0;373.1685163748753;0;0;1
404;0;7;152;26.0;221;8;49967.01;40919175.0;58;6;31;32;60;25;112;19.87;7;2;2253.95;0;111;0;0.0;192.92077129685867;0;0;1
405;0;5;152;26.0;221;9;49967.01;40919175.0;50;5;31;32;60;25;23;24.87;7;3;2253.95;0;112;2;0.0;0.0;0;0;1
406;0;4;152;26.0;625;9;49967.01;40919175.0;50;5;31;32;60;25;10;16.87;14;2;2253.95;0;113;2;0.0;59.49541612485746;0;0;1
407;0;1;152;3052.0;221;9;49967.01;40919175.0;50;5;31;32;60;25;12;19.87;14;3;2253.95;0;114;2;0.0;116.36129396965664;0;0;1
408;0;3;498;14.0;120;2;39887.22;3224935.0;70;9;16;29;420;58;47;17.25;2;0;3119.6;0;54;2;0.0;198.9967507987873;0;0;1
409;0;2;498;14.0;120;2;39887.22;3224935.0;70;9;16;29;420;60;79;11.25;85;2;3119.6;0;55;2;0.0;153.2707254403229;0;0;1
410;0;6;335;14.0;120;2;39887.22;3224935.0;70;9;16;50;420;58;37;17.25;25;2;3119.6;0;56;2;0.0;319.49237384558035;0;0;1
411;0;0;498;14.0;120;2;39887.22;3224935.0;70;9;16;29;420;53;112;17.25;25;0;3119.6;0;57;0;0.0;0.0;0;0;1
412;0;7;498;14.0;120;2;39887.22;3224935.0;70;9;16;29;420;55;37;17.25;25;0;3119.6;0;58;2;0.0;96.09548178258156;0;0;1
413;0;5;498;14.0;120;2;39887.22;3224935.0;70;9;16;29;420;58;32;17.25;25;2;3119.6;0;49;2;0.0;123.95986963278526;0;0;1
414;0;4;498;14.0;120;2;39887.22;3224935.0;70;9;16;29;420;58;37;17.25;25;0;3119.6;0;50;2;0.0;111.66780745430752;0;0;1
415;0;1;498;14.0;625;2;39887.22;3224935.0;70;9;16;0;420;58;49;17.25;25;0;3119.6;0;59;0;0.0;145.9405485815745;0;0;2
416;0;3;274;43.0;535;2;14129.76;101248.0;63;5;21;41;658;64;30;5.51;69;0;4071.62;0;56;2;0.0;124.44592027470156;0;0;1
417;0;2;274;44.0;535;2;14129.76;101248.0;63;5;21;41;658;64;32;5.51;69;2;4071.62;0;57;0;0.0;31.28654275744608;0;0;1
418;0;6;335;44.0;535;2;14129.76;101248.0;63;5;21;41;658;67;112;5.51;69;2;4071.62;0;58;2;0.0;112.36144980518104;0;0;1
419;0;0;274;44.0;535;2;14129.76;0.0;63;5;21;41;658;64;47;5.51;69;2;4071.62;0;49;2;0.0;24.67934850830756;0;0;1
420;0;7;274;44.0;535;2;2592822.0;101248.0;63;5;21;41;658;64;112;12.51;69;0;4071.62;0;404;2;0.0;0.0;0;0;1
421;0;5;274;44.0;625;2;14129.76;101248.0;63;5;21;41;658;64;32;5.51;69;2;4071.62;0;59;2;0.0;47.310783361453154;0;0;1
422;0;4;274;44.0;535;2;14129.76;0.0;63;5;21;41;658;66;112;-1.4900000000000002;69;0;4071.62;0;60;2;0.0;105.30296781645772;0;0;1
423;0;1;274;44.0;535;2;14129.76;0.0;63;5;21;41;658;64;32;5.51;69;0;4071.62;0;63;0;0.0;33.37622925667589;0;0;1
424;0;3;155;42.0;75;2;123732.32;0.0;41;3;11;2;277;12;105;11.92;55;1;1154.46;0;244;1;0.0;0.0;0;0;0
425;0;2;155;42.0;75;8;123732.32;0.0;41;3;11;2;277;12;105;11.92;55;1;1154.46;0;245;1;0.0;0.0;0;0;0
426;0;6;155;43.0;75;2;123732.32;0.0;41;3;11;2;277;12;105;12.92;55;1;1154.46;0;246;1;0.0;874.7145584645815;0;0;2
427;0;0;155;43.0;625;2;123732.32;0.0;41;3;11;0;277;12;105;11.92;55;1;1154.46;0;247;1;0.0;532.1607307325081;0;0;2
428;0;7;155;43.0;75;2;123732.32;0.0;41;3;11;2;277;12;112;11.92;55;1;1154.46;0;248;1;0.0;129.18127278942734;0;0;2
429;0;5;155;43.0;75;2;0.0;0.0;41;3;11;2;277;12;105;11.92;55;2;1154.46;0;249;1;0.0;96.70297297216996;0;0;2
430;0;4;155;43.0;75;8;123732.32;0.0;41;3;11;2;277;15;105;13.92;55;1;1154.46;0;250;1;0.0;170.8514935058887;0;0;2
431;0;1;155;43.0;75;2;123732.32;0.0;41;3;11;2;277;12;105;8.92;85;1;1154.46;0;241;1;0.0;589.8279399082364;0;0;2
432;0;3;205;36.0;449;14;17251.38;1654615.0;50;514;7;36;583;70;18;15.06;69;2;2431.64;0;41;2;0.0;0.0;0;0;2
433;0;2;205;36.0;449;14;17251.38;1654615.0;50;3;7;36;583;70;26;15.06;69;3;2431.64;0;42;0;0.0;26.598673984804908;0;0;2
434;0;6;205;37.0;449;14;17251.38;1654615.0;50;3;7;36;583;50;16;15.06;69;3;2431.64;0;43;2;0.0;132.4439010247437;0;0;2
435;0;0;335;37.0;449;14;17251.38;1654615.0;50;3;7;36;583;7;26;15.06;69;3;2431.64;0;44;2;0.0;169.3026601007154;0;0;2
436;0;7;335;37.0;449;14;17251.38;1654615.0;50;3;7;36;583;70;26;15.06;2;3;2431.64;0;45;2;0.0;71.91051580059042;0;0;2
437;0;5;205;37.0;449;8;17251.38;1654615.0;50;3;7;36;583;50;26;15.06;2;3;2431.64;0;46;2;0.0;54.07668313620942;0;0;2
438;0;4;205;37.0;449;14;17251.38;1654615.0;50;3;7;36;583;70;26;15.06;85;3;2431.64;0;37;2;0.0;93.28420494099647;0;0;2
439;0;1;205;37.0;449;14;17251.38;0.0;50;3;7;36;583;28;26;15.06;2;3;2431.64;0;404;2;0.0;23.472604725994863;0;0;2
440;0;3;101;22.0;566;5;36822.29;0.0;63;7;6;22;419;11;37;5.79;58;3;125.25;0;404;1;814410.0;121.40837593388024;0;0;2
441;0;2;101;22.0;566;5;36822.29;0.0;63;7;6;22;419;11;37;5.79;58;3;125.25;0;214;1;0.0;259.7908044889353;0;0;2
442;0;6;101;23.0;566;5;36822.29;0.0;63;7;6;50;419;11;30;5.79;64;2;125.25;0;205;1;0.0;132.9440996466662;0;0;2
443;0;0;101;23.0;566;5;36822.29;0.0;63;7;6;22;419;11;37;5.79;64;3;125.25;0;206;1;0.0;73.93253933987151;0;0;0
444;0;7;101;5342.0;566;5;36822.29;0.0;63;7;6;22;419;11;37;5.79;64;2;125.25;0;215;1;0.0;114.48243642761189;0;0;0
445;0;5;101;23.0;566;8;36822.29;0.0;63;7;6;22;419;13;32;5.79;64;3;125.25;0;216;1;0.0;38.11405465744953;0;0;0
446;0;4;101;23.0;566;5;36822.29;0.0;63;7;6;22;419;11;43;5.79;64;2;125.25;0;219;1;0.0;41.5298132410376;0;0;0
447;0;1;101;23.0;566;5;36822.29;0.0;63;7;6;22;419;12;37;5.79;64;3;125.25;0;220;1;0.0;251.98341141434076;0;0;0
448;0;3;374;25.0;466;3;80108.31;68666925.0;45;3;17;2;277;23;37;21.22;1;3;997.28;0;116;2;0.0;107.06565251713594;0;0;2
449;0;2;335;25.0;625;3;80108.31;68666925.0;45;3;17;0;277;26;37;14.22;1;3;997.28;0;117;2;0.0;52.18981024031869;0;0;2
450;0;6;374;25.0;466;3;80108.31;68666925.0;45;3;17;2;277;23;28;14.22;1;3;997.28;0;118;2;0.0;549.0992910745523;0;0;2
451;0;0;374;25.0;466;8;80108.31;68666925.0;45;3;17;2;277;18;47;14.22;1;3;997.28;0;109;2;0.0;123.1885231417583;0;0;2
452;0;7;374;25.0;466;3;80108.31;68666925.0;45;3;17;2;277;23;37;14.22;1;2;997.28;0;110;2;0.0;341.3768771883491;0;0;2
453;0;5;374;25.0;466;3;80108.31;68666925.0;45;3;17;2;277;23;112;14.22;1;2;997.28;0;119;2;0.0;228.0964590917097;0;0;2
454;0;4;374;25.0;466;3;80108.31;0.0;45;3;17;2;277;23;37;14.22;58;3;997.28;0;120;2;0.0;127.2650164148755;0;0;2
455;0;1;374;25.0;466;3;80108.31;68666925.0;45;3;17;2;277;23;37;14.22;58;3;997.28;0;123;2;0.0;127.88628896345242;0;0;2
456;0;3;552;20.0;289;12;69977.6;0.0;2;7;20;44;62;49;32;6.81;7;2;3042.36;0;57;2;0.0;405.149363619614;0;0;2
457;0;2;552;20.0;289;12;69977.6;0.0;2;7;20;44;62;49;32;6.81;7;0;3042.36;0;58;2;0.0;470.837204280824;0;0;1
458;0;6;552;20.0;289;12;69977.6;0.0;2;7;20;44;62;49;32;6.81;7;0;3042.36;0;49;2;0.0;177.90559324456862;0;0;2
459;0;0;335;20.0;289;8;69977.6;0.0;2;7;20;44;62;49;32;6.81;7;2;3042.36;0;404;2;0.0;250.76617027370148;0;0;1
460;0;7;552;20.0;289;12;69977.6;0.0;2;7;20;44;62;49;32;6.81;7;0;3042.36;0;59;2;0.0;122.73106975766814;0;0;1
461;0;5;552;21.0;289;12;69977.6;0.0;2;7;20;44;62;55;43;6.81;7;0;3042.36;0;404;0;0.0;332.2100424126204;0;0;1
462;0;4;552;21.0;289;12;69977.6;0.0;2;7;20;44;62;49;37;6.81;7;0;3042.36;0;63;2;0.0;545.6759426739467;0;0;2
463;0;1;552;21.0;289;12;69977.6;0.0;2;7;20;44;62;49;32;6.81;7;0;3042.36;0;404;0;0.0;510.0147631931272;0;0;2
464;0;3;193;16.0;331;11;78988.48;0.0;70;5;29;36;55;25;30;15.27;81;0;1746.9;0;24;2;0.0;88.07126673833417;0;0;1
465;0;2;193;16.0;331;11;0.0;0.0;70;5;29;36;55;25;30;15.27;81;0;1746.9;0;27;2;0.0;419.57571202394286;0;0;1
466;0;6;193;16.0;331;11;78988.48;0.0;70;5;29;36;55;25;30;15.27;81;0;1746.9;0;28;2;0.0;295.6050490669137;0;0;1
467;0;0;193;16.0;331;11;0.0;0.0;70;5;29;36;55;25;30;15.27;81;0;1746.9;0;29;2;0.0;178.1531521273042;0;0;2
468;0;7;193;16.0;331;11;78988.48;0.0;70;5;29;36;55;25;30;15.27;81;2;1746.9;0;30;2;0.0;0.0;0;0;1
469;0;5;193;16.0;331;11;78988.48;0.0;70;5;29;36;55;25;26;15.27;81;0;1746.9;0;31;2;0.0;399.2485836021157;0;0;1
470;0;4;193;16.0;331;11;78988.48;0.0;70;5;29;36;55;20;30;0.0;81;0;1746.9;0;32;0;0.0;456.3694644918271;0;0;1
471;0;1;193;16.0;625;11;78988.48;0.0;70;5;29;36;55;25;30;10.27;81;0;1746.9;0;33;2;0.0;162.08160141504166;0;0;1
472;0;3;165;45.0;500;6;41746.76;0.0;63;5;5261;16;350;64;47;9.81;76;0;1936.79;0;132;2;0.0;425.1038221947088;0;0;1
473;0;2;165;45.0;500;6;41746.76;0.0;63;5;31;16;350;64;49;9.81;76;0;1936.79;0;135;2;0.0;31.56000965684301;0;0;2
474;0;6;165;45.0;500;6;0.0;0.0;63;5;31;16;350;64;43;3.810000000000001;76;0;1936.79;0;136;2;0.0;150.7472710411918;0;0;2
475;0;0;165;45.0;500;6;41746.76;0.0;63;5;31;16;350;64;47;9.81;7;0;1936.79;0;137;2;0.0;134.42247004183713;0;0;1
476;0;7;165;45.0;500;6;41746.76;0.0;63;5;31;16;350;64;32;9.81;7;0;1936.79;0;138;2;0.0;42.79187097091358;0;0;2
477;0;5;165;46.0;500;8;41746.76;0.0;63;5;31;16;350;68;47;9.81;7;0;1936.79;0;139;2;0.0;199.1276057289024;0;0;1
478;0;4;165;46.0;500;6;41746.76;0.0;63;5;31;16;350;60;54;9.81;7;0;1936.79;0;140;2;0.0;143.60620025152696;0;0;1
479;0;1;165;46.0;500;6;41746.76;0.0;63;5;31;16;350;64;47;9.81;7;0;1936.79;0;404;2;0.0;85.99686893829424;0;0;1
480;0;3;223;21.0;153;8;19981.6;0.0;2;8;20;36;136;55;112;23.58;14;0;4834.59;0;27;0;0.0;69.78240332874385;0;0;2
481;0;2;223;21.0;153;8;19981.6;0.0;2;8;20;50;136;55;47;23.58;14;2;4834.59;0;28;2;0.0;35.921667815767655;0;0;1
482;0;6;223;22.0;153;8;19981.6;0.0;2;8;3238;36;136;55;47;23.58;14;2;4834.59;0;404;2;0.0;0.0;0;0;1
483;0;0;223;22.0;153;8;19981.6;0.0;2;8;20;50;136;55;47;23.58;85;0;4834.59;0;30;2;0.0;69.46880383867259;0;0;1
484;0;7;223;22.0;153;8;19981.6;0.0;2;8;20;36;136;55;47;23.58;14;2;4834.59;0;31;2;0.0;0.0;0;0;1
485;0;5;223;22.0;153;8;19981.6;0.0;2;8;20;36;136;55;37;23.58;14;2;4834.59;0;32;0;0.0;42.4353362039956;0;0;2
486;0;4;223;22.0;153;8;19981.6;0.0;2;8;20;50;136;55;54;23.58;14;2;4834.59;0;33;2;0.0;130.8351969498678;0;0;1
487;0;1;223;22.0;153;8;19981.6;0.0;2;8;20;36;136;55;47;23.58;14;0;4834.59;0;34;2;0.0;171.6398273191018;0;0;1
488;0;3;293;18.0;255;8;73737.36;593678.0;58;3;18;50;409;18;112;13.92;42;3;1219.39;0;300;2;0.0;77.26602559532006;0;0;2
489;0;2;293;19.0;255;7;73737.36;593678.0;58;3;18;22;409;18;43;14.92;42;3;1219.39;0;303;2;0.0;113.16240501510686;0;0;2
490;0;6;293;19.0;255;7;73737.36;593678.0;58;3;18;22;409;18;30;19.92;42;2;1219.39;0;304;2;0.0;321.14266775836325;0;0;2
491;0;0;335;19.0;255;7;73737.36;593678.0;58;3;18;22;409;18;30;13.92;42;3;1219.39;0;305;2;0.0;153.87446150766016;0;0;2
492;0;7;293;19.0;255;7;73737.36;593678.0;58;3;18;22;409;12;43;13.92;42;3;1219.39;0;306;2;0.0;424.0584111572644;0;0;2
493;0;5;293;19.0;255;8;0.0;593678.0;58;3;18;22;409;18;43;13.92;42;3;1219.39;0;307;2;0.0;188.5743324361481;0;0;2
494;0;4;293;19.0;255;7;0.0;593678.0;58;3;18;50;409;18;43;13.92;42;3;1219.39;0;308;2;0.0;245.0679746502728;0;0;2
495;0;1;293;19.0;255;7;73737.36;0.0;58;3;18;22;409;18;30;13.92;42;3;1219.39;0;309;2;0.0;428.4559993294142;0;0;2
496;0;3;102;33.0;477;11;88362.46;0.0;45;2;8;16;192;14;93;11.01;58;1;325.93;0;404;1;0.0;185.327295201892;0;0;0
497;0;2;102;33.0;625;11;88362.46;0.0;45;2;8;16;192;12;10;9.01;58;1;325.93;0;298;1;0.0;472.7754275357305;0;0;0
498;0;6;102;33.0;477;11;88362.46;0.0;45;2;8;16;192;14;105;11.01;58;1;325.93;0;289;1;0.0;187.5698796552039;0;0;2
499;0;0;102;34.0;477;11;88362.46;0.0;45;2;8;16;192;12;105;11.01;58;1;325.93;0;290;1;0.0;283.38123281541544;0;0;0
500;0;7;102;34.0;477;8;88362.46;0.0;45;2;8;16;192;12;105;11.01;69;2;325.93;0;299;0;0.0;0.0;0;0;0
501;0;5;102;34.0;477;11;88362.46;0.0;45;2;8;16;192;12;97;11.01;69;1;325.93;0;300;1;0.0;214.61010981498777;0;0;0
502;0;4;102;34.0;477;8;88362.46;0.0;45;2;8;16;192;12;112;11.01;69;1;325.93;0;404;1;0.0;354.45915774777245;0;0;0
503;0;1;102;34.0;477;11;88362.46;0.0;45;2;8;16;192;12;99;11.01;16;1;325.93;0;304;1;0.0;80.07134635979541;0;0;0
504;0;3;373;45.0;101;5;118248.6;1011505.0;45;1;4;2;277;10;10;3.69;58;1;191.09;0;108;0;0.0;227.6187415383298;0;0;0
505;0;2;373;45.0;101;5;118248.6;1011505.0;45;1;4;2;277;10;10;3.69;58;2;191.09;0;111;1;0.0;338.76421705530504;0;0;2
506;0;6;373;45.0;101;5;118248.6;1011505.0;45;1;4;2;277;10;99;-0.31;58;1;191.09;0;112;1;0.0;545.8997341448642;0;0;0
507;0;0;373;45.0;101;5;118248.6;1011505.0;45;1;4;2;277;10;99;3.69;58;1;191.09;0;113;1;0.0;0.0;0;0;0
508;0;7;373;45.0;101;5;118248.6;0.0;45;1;4;2;277;10;10;3.69;76;1;191.09;0;114;0;0.0;670.5779060877218;0;0;2
509;0;5;373;45.0;101;8;118248.6;1011505.0;45;1;4;2;277;10;10;3.69;76;1;191.09;0;115;1;0.0;324.6255705491216;0;0;0
510;0;4;373;45.0;101;5;118248.6;1011505.0;45;1;4;2;277;10;112;4.69;76;1;191.09;0;116;1;0.0;509.4292024207016;0;0;0
511;0;1;373;45.0;101;5;118248.6;1011505.0;45;1;4;2;277;15;18;3.69;76;1;191.09;0;117;0;0.0;614.4651135333024;0;0;0
512;0;3;514;26.0;545;12;60162.1;0.0;45;7;5;36;665;15;10;14.79;72;3;1037.45;0;63;2;0.0;80.01264638361248;0;0;2
513;0;2;514;26.0;545;12;60162.1;0.0;45;7;5;36;665;15;10;14.79;72;3;1037.45;0;64;2;0.0;153.44754019420438;0;0;2
514;0;6;514;26.0;545;12;60162.1;0.0;45;7;2607;0;665;15;10;18.79;72;3;1037.45;0;65;2;0.0;184.55314853714057;0;0;2
515;0;0;514;26.0;545;12;60162.1;0.0;45;7;5;36;665;15;16;14.79;81;3;1037.45;0;66;2;0.0;356.38582469502177;0;0;2
516;0;7;514;26.0;545;12;60162.1;0.0;45;7;5;36;665;14;10;14.79;81;2;1037.45;0;67;2;0.0;96.84467310163116;0;0;2
517;0;5;514;26.0;545;12;60162.1;0.0;45;7;5;36;665;15;12;14.79;81;3;1037.45;0;404;2;0.0;450.56017807702966;0;0;2
518;0;4;335;26.0;545;12;60162.1;0.0;45;7;5;36;665;15;18;14.79;81;3;1037.45;0;69;2;0.0;0.0;0;0;2
519;0;1;514;26.0;545;8;60162.1;0.0;45;7;5;36;665;15;10;12.79;81;3;1037.45;0;70;2;508120.0;231.76646742375289;0;0;2
520;0;3;581;17.0;396;11;75273.24;655277.0;63;943;32;29;251;51;110;12.8;69;2;2497.34;0;348;0;0.0;124.6322882481766;0;0;2
521;0;2;581;17.0;396;11;0.0;655277.0;63;6;32;29;251;48;110;19.8;69;3;2497.34;0;349;2;0.0;482.08828418691695;0;0;1
522;0;6;581;17.0;625;11;75273.24;655277.0;63;6;32;29;251;51;10;12.8;69;2;2497.34;0;350;2;0.0;162.18886453458583;0;0;2
523;0;0;581;18.0;396;11;75273.24;655277.0;63;6;32;29;251;51;10;12.8;69;2;2497.34;0;351;2;0.0;170.31515916376813;0;0;1
524;0;7;581;0.0;396;11;75273.24;0.0;63;6;32;29;251;51;110;12.8;76;3;2497.34;0;352;0;0.0;141.1879101903233;0;0;2
525;0;5;581;18.0;396;11;75273.24;0.0;63;6;32;29;251;51;110;12.8;76;3;2497.34;0;353;2;0.0;76.6873108918622;0;0;1
526;0;4;581;18.0;396;11;75273.24;0.0;63;6;32;29;251;51;10;17.8;76;3;2497.34;0;354;2;0.0;73.1795426964801;0;0;1
527;0;1;581;18.0;396;11;75273.24;0.0;63;6;32;29;251;51;12;12.8;76;3;2497.34;0;355;2;0.0;369.49172024092206;0;0;2
528;0;3;189;18.0;328;8;54820.89;42954075.0;63;7;28;32;263;35;43;18.42;76;0;4795.13;0;146;2;0.0;479.5857747498436;0;0;2
529;0;2;189;18.0;328;8;54820.89;0.0;63;7;28;32;263;41;26;18.42;76;2;4795.13;0;275;2;0.0;229.8721223062265;0;0;2
530;0;6;189;18.0;328;8;54820.89;42954075.0;63;7;28;32;263;41;30;18.42;76;2;4795.13;0;276;2;0.0;92.22239677955722;0;0;2
531;0;0;189;18.0;625;8;54820.89;42954075.0;63;7;28;32;263;41;26;18.42;76;2;4795.13;0;279;2;0.0;87.26667315412584;0;0;2
532;0;7;189;18.0;328;8;0.0;42954075.0;63;7;28;32;263;43;30;18.42;7;0;4795.13;0;280;2;0.0;359.55416280399146;0;0;2
533;0;5;335;18.0;328;8;54820.89;42954075.0;63;7;28;32;263;41;30;18.42;7;0;4795.13;0;281;2;0.0;0.0;0;0;2
534;0;4;189;18.0;328;8;54820.89;42954075.0;63;7;28;32;263;41;30;18.42;7;0;4795.13;0;282;0;0.0;177.13166897101985;0;0;2
535;0;1;189;18.0;328;8;54820.89;42954075.0;63;7;28;32;263;41;30;18.42;7;0;4795.13;0;283;2;0.0;118.8780758552012;0;0;2
536;0;3;497;42.0;272;5;58674.66;4824555.0;63;5;15;22;415;58;54;2.29;85;2;2425.38;0;60;2;0.0;121.37983046452118;0;0;1
537;0;2;497;42.0;272;5;58674.66;4824555.0;63;5;15;22;415;58;54;1.29;7;2;2425.38;0;63;2;393470.0;262.73329583597786;0;0;1
538;0;6;497;42.0;272;5;0.0;4824555.0;63;5;15;22;415;60;54;6.29;7;0;2425.38;0;64;2;0.0;182.54649061023127;0;0;1
539;0;0;497;42.0;272;5;58674.66;4824555.0;63;5;15;22;415;58;112;1.29;7;0;2425.38;0;65;2;0.0;69.22823274816861;0;0;2
540;0;7;497;42.0;272;5;58674.66;4824555.0;63;5;15;22;415;58;54;1.29;7;0;2425.38;0;66;2;38640.0;113.39590151241136;0;0;2
541;0;5;497;42.0;272;5;58674.66;4824555.0;63;5;15;22;415;58;60;1.29;7;0;2425.38;0;67;2;0.0;628.7091521225693;0;0;2
542;0;4;497;42.0;272;5;58674.66;4824555.0;63;5;15;22;415;64;112;3.29;7;2;2425.38;0;68;2;0.0;250.482839909112;0;0;1
543;0;1;497;4431.0;625;5;58674.66;0.0;63;5;15;22;415;56;54;1.29;7;2;2425.38;0;69;0;0.0;334.26916451172764;0;0;1
544;0;3;113;30.0;474;1;30390.44;0.0;45;6;5;22;353;16;43;8.36;85;3;580.31;0;208;1;0.0;0.0;0;0;2
545;0;2;113;30.0;474;1;30390.44;0.0;45;6;5;22;353;16;54;8.36;58;3;580.31;0;209;1;0.0;149.61343969134492;0;0;2
546;0;6;335;30.0;474;1;30390.44;0.0;45;6;5;22;353;16;32;8.36;58;3;580.31;0;210;1;0.0;0.0;0;0;2
547;0;0;113;30.0;474;1;30390.44;0.0;45;6;5;22;353;16;30;8.36;58;3;580.31;0;211;1;0.0;60.91459665428536;0;0;2
548;0;7;113;30.0;474;1;0.0;0.0;45;6;5;22;353;12;32;8.36;58;3;580.31;0;212;1;645040.0;169.87637431078454;0;0;2
549;0;5;113;30.0;625;1;0.0;0.0;45;6;5;22;353;13;43;8.36;58;3;580.31;0;213;1;0.0;225.919788067928;0;0;2
550;0;4;335;30.0;474;1;30390.44;0.0;45;6;5;22;353;16;47;13.36;58;2;580.31;0;214;1;0.0;68.78610896685818;0;0;2
551;0;1;113;30.0;474;1;30390.44;0.0;45;6;5;22;353;16;43;8.36;58;3;580.31;0;404;1;0.0;127.93517796334363;0;0;2
552;0;3;320;42.0;352;3;45207.54;3507295.0;63;8;24;32;333;19;43;9.78;81;0;2497.48;0;101;2;0.0;39.83022939385767;0;0;1
553;0;2;320;42.0;352;3;45207.54;3507295.0;63;8;24;32;333;22;49;9.78;81;0;2497.48;0;102;2;0.0;375.7330661562452;0;0;1
554;0;6;320;42.0;352;3;45207.54;0.0;63;8;24;32;333;24;47;4.779999999999999;81;0;2497.48;0;103;2;0.0;0.0;0;0;1
555;0;0;320;42.0;352;8;45207.54;3507295.0;63;8;24;32;333;19;43;9.78;81;0;2497.48;0;104;2;0.0;131.0961680113018;0;0;1
556;0;7;320;43.0;352;3;45207.54;3507295.0;63;8;24;32;333;23;43;9.78;81;0;2497.48;0;105;2;0.0;119.08709838739055;0;0;1
557;0;5;320;43.0;352;8;45207.54;3507295.0;63;8;24;32;333;22;54;9.78;81;0;2497.48;0;106;2;0.0;55.563679348528325;0;0;1
558;0;4;320;43.0;352;3;45207.54;0.0;63;8;24;32;333;20;43;9.78;81;0;2497.48;0;97;2;0.0;154.86275853516457;0;0;1
559;0;1;320;43.0;352;3;45207.54;3507295.0;63;8;2724;32;333;22;43;9.78;20;0;2497.48;0;98;2;0.0;331.9257292023161;0;0;1
560;0;3;318;-500.0;324;12;144546.72;1180956.0;0;3;7;14;500;12;99;6.08;1;1;1045.11;0;182;1;0.0;573.4115904774258;0;0;2
561;0;2;335;18.0;324;12;0.0;1180956.0;0;3;7;14;500;12;112;6.08;1;1;1045.11;0;191;1;0.0;0.0;0;0;2
562;0;6;318;18.0;625;12;144546.72;1180956.0;0;3;7;14;500;12;105;12.08;1;1;1045.11;0;404;1;0.0;103.9012093399207;0;0;2
563;0;0;318;18.0;324;12;144546.72;1180956.0;0;3;7;14;500;12;112;6.08;1;2;1045.11;0;195;1;0.0;205.47486805859864;0;0;2
564;0;7;318;0.0;324;12;19257912.0;1180956.0;0;3;7;14;500;11;99;6.08;1;1;1045.11;0;196;1;0.0;0.0;0;0;0
565;0;5;318;18.0;324;12;144546.72;0.0;0;3;7;14;500;12;99;6.08;1;1;1045.11;0;197;1;0.0;415.1834125230349;0;0;0
566;0;4;318;18.0;324;12;144546.72;0.0;0;3;7;14;500;11;93;6.08;1;2;1045.11;0;198;1;0.0;893.3631575106706;0;0;0
567;0;1;318;18.0;324;12;144546.72;0.0;0;3;7;14;500;10;99;6.08;1;2;1045.11;0;199;1;0.0;226.50893584179911;0;0;0
568;0;3;413;38.0;388;4;30346.35;26518625.0;45;4;14;50;59;25;110;18.8;64;3;523.56;0;386;2;0.0;145.10837488507798;0;0;2
569;0;2;413;39.0;388;4;30346.35;26518625.0;45;4;14;36;59;27;110;18.8;64;3;523.56;0;387;2;0.0;332.4861615608296;0;0;2
570;0;6;335;2657.0;388;4;30346.35;26518625.0;45;4;14;36;59;27;110;25.8;64;3;523.56;0;388;2;0.0;106.29922675029448;0;0;2
571;0;0;413;39.0;388;8;30346.35;26518625.0;45;4;14;36;59;22;110;18.8;64;2;523.56;0;389;0;0.0;98.62135851365716;0;0;2
572;0;7;413;39.0;388;4;30346.35;26518625.0;45;4;14;36;59;27;110;18.8;64;2;523.56;0;390;2;575160.0;106.44857495286008;0;0;2
573;0;5;413;39.0;388;4;30346.35;26518625.0;45;4;14;36;59;25;97;18.8;64;2;523.56;0;404;2;0.0;151.60960007441082;0;0;2
574;0;4;413;39.0;388;4;30346.35;26518625.0;45;4;14;36;59;24;110;23.8;64;3;523.56;0;382;2;0.0;99.62847379534055;0;0;2
575;0;1;413;39.0;388;4;0.0;0.0;45;4;14;36;59;27;97;18.8;64;3;523.56;0;383;2;0.0;29.045193182720087;0;0;2
576;0;3;147;46.0;364;10;18681.465;158478875.0;37;3;9;14;276;61;105;3.9;1;1;327.88;0;298;1;0.0;52.09642061214282;0;0;2
577;0;2;147;0.0;364;10;18681.465;158478875.0;37;3;9;14;276;61;93;3.9;1;2;327.88;0;289;0;0.0;140.65475582933448;0;0;0
578;0;6;147;0.0;364;10;18681.465;158478875.0;37;3;9;14;276;61;105;7.9;55;1;327.88;0;290;1;0.0;55.33162201252645;0;0;0
579;0;0;147;46.0;364;10;18681.465;0.0;37;3;9;14;276;61;112;3.9;55;1;327.88;0;299;1;0.0;90.57533568235743;0;0;2
580;0;7;147;47.0;364;10;18681.465;0.0;37;3;9;14;276;61;112;3.9;55;1;327.88;0;300;1;575230.0;77.79346467816269;0;0;0
581;0;5;335;47.0;364;10;18681.465;158478875.0;37;3;9;14;276;61;105;3.9;55;1;327.88;0;303;1;0.0;131.10743136537062;0;0;0
582;0;4;147;47.0;364;10;18681.465;158478875.0;37;3;9;14;276;61;105;3.9;55;1;327.88;0;304;1;0.0;32.94987664874939;0;0;0
583;0;1;147;47.0;364;10;18681.465;158478875.0;37;3;9;14;276;61;97;3.9;55;1;327.88;0;305;1;0.0;0.0;0;0;0
584;0;3;126;41.0;510;12;9841.34;0.0;63;9;31;29;573;63;28;29.52;76;2;4984.82;0;339;2;0.0;0.0;0;0;2
585;0;2;126;41.0;510;12;9841.34;0.0;63;9;31;29;573;67;26;29.52;76;0;4984.82;0;340;0;0.0;55.92433093901893;0;0;2
586;0;6;126;41.0;510;8;9841.34;0.0;63;9;31;29;573;63;26;31.52;76;0;4984.82;0;341;2;0.0;0.0;0;0;2
587;0;0;335;42.0;510;12;9841.34;0.0;63;9;31;29;573;63;26;29.52;76;0;4984.82;0;342;2;0.0;22.701739120764213;0;0;2
588;0;7;126;42.0;510;12;9841.34;0.0;63;9;31;29;573;63;18;29.52;76;2;4984.82;0;343;2;0.0;37.94400951622149;0;0;2
589;0;5;126;42.0;510;12;9841.34;0.0;63;9;31;29;573;63;26;29.52;2;0;4984.82;0;334;2;357880.0;74.72478200014827;0;0;2
590;0;4;126;42.0;510;12;9841.34;0.0;63;9;31;50;573;63;26;29.52;2;0;4984.82;0;335;2;0.0;57.486481049133616;0;0;2
591;0;1;126;42.0;510;12;9841.34;0.0;63;9;31;50;573;63;26;29.52;2;2;4984.82;0;344;2;0.0;20.40645221387888;0;0;2
592;0;3;404;35.0;201;8;72330.98;0.0;0;262;11;4;0;6;99;4.62;1;1;596.78;0;321;1;0.0;390.5462005003155;0;0;0
593;0;2;404;35.0;201;8;72330.98;0.0;0;3;11;4;0;17;97;4.62;1;1;596.78;0;322;1;0.0;171.74353317565652;0;0;0
594;0;6;404;35.0;201;8;0.0;0.0;0;3;11;4;0;6;97;0.0;1;1;596.78;0;313;1;0.0;110.06710874271435;0;0;0
595;0;0;404;35.0;201;8;72330.98;0.0;0;3;11;4;0;17;97;4.62;1;1;596.78;0;314;1;0.0;701.6599477029933;0;0;0
596;0;7;404;0.0;201;8;72330.98;0.0;0;3;11;4;0;6;97;4.62;1;1;596.78;0;323;1;0.0;339.22892111880657;0;0;0
597;0;5;404;35.0;201;8;72330.98;0.0;0;3;11;4;0;50;112;4.62;1;2;596.78;0;324;1;350220.0;48.328753294668296;0;0;0
598;0;4;404;35.0;201;8;72330.98;0.0;0;3;11;4;0;6;97;4.62;1;1;596.78;0;325;1;448340.0;147.02511766105624;0;0;2
599;0;1;404;35.0;201;8;72330.98;0.0;0;3;11;4;0;6;97;4.62;1;1;596.78;0;326;1;0.0;301.22251829285426;0;0;0
600;0;3;534;1032.0;576;13;43241.49;35804575.0;2;7;30;32;139;35;30;8.47;2;0;2174.16;0;51;2;0.0;410.19024914620064;0;0;2
601;0;2;534;15.0;576;13;43241.49;35804575.0;2;7;30;32;139;35;37;8.47;2;2;2174.16;0;52;2;0.0;72.4725253518681;0;0;1
602;0;6;335;15.0;576;13;22335783.0;35804575.0;2;7;30;32;139;35;30;8.47;2;0;2174.16;0;404;2;0.0;230.3893890806388;0;0;2
603;0;0;534;16.0;576;13;43241.49;0.0;2;7;30;32;139;32;30;7.4700000000000015;2;0;2174.16;0;54;2;0.0;179.35592336274476;0;0;1
604;0;7;534;16.0;576;13;0.0;35804575.0;2;7;30;32;139;31;30;8.47;2;0;2174.16;0;55;2;0.0;63.59658328530968;0;0;1
605;0;5;534;0.0;576;13;43241.49;35804575.0;2;7;30;32;139;31;30;0.0;2;0;2174.16;0;56;2;0.0;134.12459927032774;0;0;1
606;0;4;534;16.0;576;13;43241.49;0.0;2;7;30;32;139;35;23;8.47;2;0;2174.16;0;57;2;0.0;50.83162520163431;0;0;2
607;0;1;534;16.0;576;13;43241.49;0.0;2;7;30;32;139;35;30;8.47;2;0;2174.16;0;58;2;0.0;94.60039479976264;0;0;2
608;0;3;505;19.0;354;8;34106.78;0.0;63;5;17;2;277;70;112;10.06;0;3;996.54;0;302;2;0.0;115.15173734729656;0;0;2
609;0;2;505;19.0;354;8;34106.78;0.0;63;5;1224;2;277;70;10;10.06;0;3;996.54;0;311;2;0.0;24.071903173565943;0;0;2
610;0;6;505;0.0;354;10;34106.78;0.0;63;5;17;2;277;70;10;10.06;0;2;996.54;0;312;2;0.0;135.8018888356476;0;0;2
611;0;0;505;19.0;354;8;34106.78;0.0;63;5;17;2;277;70;10;10.06;0;3;996.54;0;315;2;0.0;216.36543589675853;0;0;2
612;0;7;505;19.0;354;10;34106.78;0.0;63;5;17;50;277;70;10;10.06;0;3;996.54;0;316;2;0.0;338.0036514928921;0;0;2
613;0;5;505;0.0;354;10;34106.78;0.0;63;5;17;2;277;70;10;7.0600000000000005;0;3;996.54;0;317;2;0.0;118.67437531471852;0;0;2
614;0;4;335;19.0;354;10;34106.78;0.0;63;5;17;2;277;8;10;10.06;0;2;996.54;0;318;2;0.0;129.34682924912744;0;0;0
615;0;1;505;19.0;354;10;34106.78;0.0;63;5;17;50;277;70;112;10.06;0;3;996.54;0;319;2;0.0;77.87534431690659;0;0;0
616;0;3;184;24.0;166;13;129067.59;107956325.0;1;3;1;50;643;71;93;1.54;0;1;137.15;0;236;1;0.0;215.21748793274503;0;0;0
617;0;2;184;24.0;166;13;16367214.0;107956325.0;1;3;1;22;643;71;99;4.54;85;1;137.15;0;237;1;0.0;511.2114299296352;0;0;2
618;0;6;184;24.0;166;13;129067.59;107956325.0;1;3;1;22;643;71;93;4.54;0;2;137.15;0;238;1;0.0;126.26900744899416;0;0;0
619;0;0;184;25.0;166;13;129067.59;107956325.0;1;3;1;22;643;71;93;4.54;0;1;137.15;0;404;1;0.0;0.0;0;0;0
620;0;7;335;25.0;166;13;129067.59;0.0;1;3;1;22;643;71;97;4.54;0;1;137.15;0;230;0;0.0;112.01452602775016;0;0;0
621;0;5;184;25.0;166;13;129067.59;0.0;1;3;1;0;643;71;93;4.54;0;1;137.15;0;239;1;0.0;264.7400105652328;0;0;0
622;0;4;184;25.0;166;13;129067.59;107956325.0;1;3;1;50;643;71;93;4.54;0;1;137.15;0;240;1;0.0;717.8975298624595;0;0;0
623;0;1;184;25.0;166;13;129067.59;107956325.0;1;3;1;22;643;69;93;4.54;0;1;137.15;0;404;1;0.0;249.3614828062854;0;0;0
624;0;3;410;34.0;559;1;17001.34;0.0;50;5;5;4;201;8;43;5.62;0;3;1093.87;0;404;1;0.0;97.555513512813;0;0;2
625;0;2;410;34.0;559;1;17001.34;0.0;50;5;5;4;201;7;112;5.62;0;3;1093.87;0;112;1;0.0;0.0;0;0;2
626;0;6;410;34.0;559;1;17001.34;0.0;50;5;5;4;201;8;43;5.62;0;3;1093.87;0;113;1;0.0;120.97121961577176;0;0;2
627;0;0;410;34.0;559;1;17001.34;0.0;50;5;5;4;201;7;32;12.62;0;3;1093.87;0;114;0;0.0;51.90518470263;0;0;1
628;0;7;410;34.0;559;1;17001.34;0.0;50;5;5;4;201;7;43;5.62;0;2;1093.87;0;115;1;123710.0;0.0;0;0;1
629;0;5;410;34.0;559;1;17001.34;0.0;50;5;5;4;201;69;43;5.62;0;2;1093.87;0;116;1;0.0;51.24574814599036;0;0;2
630;0;4;410;34.0;559;1;17001.34;0.0;50;5;5;4;201;7;47;5.62;42;3;1093.87;0;117;1;0.0;50.59241299418775;0;0;2
631;0;1;335;34.0;559;1;17001.34;0.0;50;5;5;4;201;50;43;5.62;42;3;1093.87;0;118;1;0.0;99.294457791796;0;0;2
632;0;3;65;21.0;619;0;44719.17;39695975.0;50;6;29;36;478;41;37;23.21;7;0;0.0;0;50;2;0.0;130.25122507434963;0;0;1
633;0;2;65;21.0;619;0;44719.17;39695975.0;50;6;29;36;478;38;43;29.21;7;0;3818.57;0;59;0;0.0;167.65605301285854;0;0;1
634;0;6;65;21.0;619;0;44719.17;39695975.0;50;6;29;36;478;47;47;23.21;7;0;3818.57;0;60;0;0.0;0.0;0;0;1
635;0;0;65;21.0;619;0;44719.17;39695975.0;50;6;29;36;478;47;43;23.21;7;0;3818.57;0;63;2;0.0;316.1728449334878;0;0;1
636;0;7;65;21.0;619;0;44719.17;39695975.0;50;6;29;36;478;44;37;23.21;7;2;3818.57;0;404;2;0.0;312.0946329163964;0;0;1
637;0;5;65;21.0;619;8;44719.17;39695975.0;50;6;29;36;478;46;43;23.21;7;2;3818.57;0;65;2;0.0;116.46392699248328;0;0;1
638;0;4;65;21.0;619;8;44719.17;39695975.0;50;6;29;36;478;42;37;28.21;7;2;3818.57;0;66;2;0.0;446.41009136448434;0;0;1
639;0;1;65;21.0;619;0;44719.17;39695975.0;50;6;29;36;478;46;37;23.21;25;0;3818.57;0;67;2;0.0;115.76449205650242;0;0;1
640;0;3;539;47.0;237;0;17787.34;0.0;63;4;16;14;666;5;26;5.65;0;3;730.9;0;274;1;0.0;42.298588028682495;0;0;2
641;0;2;539;0.0;237;0;17787.34;0.0;63;4;16;14;666;50;26;5.65;0;3;730.9;0;404;1;0.0;54.89407315545213;0;0;2
642;0;6;539;47.0;237;0;0.0;0.0;63;4;16;14;666;17;26;5.65;0;3;730.9;0;266;1;215240.0;98.42059162449928;0;0;2
643;0;0;539;47.0;237;0;17787.34;0.0;63;4;16;14;666;61;112;5.65;0;3;730.9;0;287;0;0.0;28.516043623264604;0;0;2
644;0;7;539;47.0;237;0;17787.34;0.0;63;4;16;14;666;50;28;5.65;0;3;730.9;0;404;1;0.0;157.55247218936458;0;0;2
645;0;5;539;47.0;237;0;17787.34;0.0;63;4;16;14;666;69;28;5.65;0;3;730.9;0;291;1;0.0;119.1483872479078;0;0;2
646;0;4;539;47.0;237;8;17787.34;0.0;63;4;16;14;666;50;30;5.65;85;2;730.9;0;292;1;0.0;89.98634736802835;0;0;2
647;0;1;335;48.0;237;0;17787.34;0.0;63;4;16;14;666;50;26;5.65;0;3;730.9;0;293;1;0.0;31.71381628337271;0;0;2
648;0;3;446;-500.0;135;13;103353.06;8527755.0;39;3;6;4;590;39;110;3.11;42;1;1374.56;0;224;1;0.0;0.0;0;0;0
649;0;2;446;456.0;135;8;103353.06;8527755.0;39;3;6;4;590;39;110;8.11;42;2;1374.56;0;225;1;0.0;326.4827489349896;0;0;0
650;0;6;446;41.0;135;13;103353.06;8527755.0;39;3;6;50;590;39;99;3.11;42;1;1374.56;0;226;1;0.0;173.1808383657975;0;0;2
651;0;0;446;42.0;135;13;103353.06;8527755.0;39;3;6;4;590;39;110;3.11;42;1;1374.56;0;217;1;0.0;1043.8736115710117;0;0;0
652;0;7;446;42.0;135;13;103353.06;8527755.0;39;3;6;4;590;39;110;3.11;42;2;1374.56;0;218;1;0.0;165.44837065048912;0;0;0
653;0;5;446;42.0;135;13;103353.06;8527755.0;39;3;6;4;590;39;97;3.11;42;2;1374.56;0;227;1;0.0;124.28948244015392;0;0;0
654;0;4;446;5717.0;135;13;103353.06;8527755.0;39;3;6;4;590;17;112;3.11;42;1;1374.56;0;228;1;0.0;1038.7009403582074;0;0;0
655;0;1;446;42.0;135;13;103353.06;8527755.0;39;3;6;4;590;39;16;3.11;42;1;1374.56;0;231;1;0.0;67.10576784585814;0;0;0
656;0;3;24;38.0;475;6;31021.24;0.0;58;7;11;22;47;13;47;18.21;58;3;852.81;0;313;1;0.0;68.51358027398932;0;0;2
657;0;2;24;38.0;475;6;31021.24;0.0;58;809;11;22;47;10;30;11.21;58;3;852.81;0;314;1;0.0;58.53848336369268;0;0;2
658;0;6;24;38.0;475;6;31021.24;0.0;58;7;11;22;47;19;43;11.21;72;3;852.81;0;323;1;0.0;136.9906688908975;0;0;2
659;0;0;335;38.0;475;6;31021.24;0.0;58;7;11;22;47;14;112;9.21;72;3;852.81;0;324;1;0.0;0.0;0;0;2
660;0;7;24;38.0;475;6;31021.24;0.0;58;7;11;22;47;13;43;5.210000000000001;72;3;852.81;0;325;0;0.0;153.4035982175167;0;0;2
661;0;5;24;38.0;475;6;31021.24;0.0;58;7;11;22;47;18;43;11.21;72;3;852.81;0;326;1;0.0;56.97757258677189;0;0;2
662;0;4;24;38.0;475;6;31021.24;0.0;58;7;11;22;47;13;43;11.21;72;3;852.81;0;327;1;0.0;81.08806112719697;0;0;2
663;0;1;24;38.0;625;6;31021.24;0.0;58;7;11;22;47;13;47;15.21;72;2;852.81;0;404;1;0.0;343.84650660726106;0;0;2
664;0;3;156;36.0;527;6;134978.24;0.0;63;5;15;14;359;71;28;9.89;55;2;668.14;0;231;0;0.0;834.1444378722018;0;0;2
665;0;2;156;36.0;527;6;134978.24;0.0;63;5;15;14;359;9;28;9.89;55;3;668.14;0;232;2;0.0;129.5214490981345;0;0;2
666;0;6;156;36.0;527;6;134978.24;0.0;63;5;15;14;359;71;23;9.89;55;3;668.14;0;233;2;0.0;0.0;0;0;2
667;0;0;156;36.0;527;6;0.0;0.0;63;5;15;14;359;71;30;9.89;55;3;668.14;0;234;2;0.0;0.0;0;0;0
668;0;7;335;36.0;527;6;134978.24;0.0;63;5;15;14;359;71;28;9.89;55;3;668.14;0;235;2;0.0;148.88750693710654;0;0;0
669;0;5;156;36.0;527;6;134978.24;0.0;63;5;15;14;359;71;28;9.89;64;3;668.14;0;236;2;0.0;663.6269364898525;0;0;0
670;0;4;335;37.0;527;6;134978.24;0.0;63;5;15;14;359;71;28;6.8900000000000015;64;3;668.14;0;237;2;0.0;780.4179941398078;0;0;0
671;0;1;156;37.0;527;6;134978.24;0.0;63;5;15;14;359;71;26;16.89;64;3;668.14;0;238;2;0.0;0.0;0;0;0
672;0;3;335;0.0;53;14;39800.12;0.0;58;5;12;16;577;14;32;18.53;58;2;660.69;0;118;2;0.0;404.21822446877366;0;0;2
673;0;2;232;28.0;53;14;39800.12;0.0;58;5;12;16;577;14;112;0.0;58;3;660.69;0;109;2;0.0;169.8630825999946;0;0;2
674;0;6;232;28.0;53;14;39800.12;0.0;58;5;12;16;577;14;32;18.53;58;3;660.69;0;110;2;0.0;410.2436030862397;0;0;2
675;0;0;232;28.0;53;14;39800.12;0.0;58;5;12;16;577;14;32;18.53;58;3;660.69;0;119;2;0.0;33.79278212331266;0;0;0
676;0;7;335;28.0;53;14;39800.12;0.0;58;5;12;16;577;14;43;18.53;58;3;660.69;0;120;2;0.0;42.10063082782701;0;0;2
677;0;5;232;28.0;53;14;39800.12;0.0;58;5;12;16;577;14;32;18.53;58;3;660.69;0;123;2;0.0;121.04412241217136;0;0;2
678;0;4;232;28.0;53;14;39800.12;0.0;58;5;12;16;577;14;32;16.53;58;2;660.69;0;124;2;0.0;42.294237864931496;0;0;2
679;0;1;232;28.0;53;14;39800.12;0.0;58;5;12;16;577;14;43;11.53;58;3;660.69;0;125;2;0.0;274.45624868905134;0;0;2
680;0;3;14;17.0;482;9;0.0;0.0;50;5;17;36;342;62;28;27.64;69;0;3865.15;0;404;2;0.0;110.77777957257334;0;0;2
681;0;2;14;17.0;482;9;14841.35;0.0;50;5;17;36;342;62;28;27.64;69;0;3865.15;0;376;2;0.0;82.8883325945393;0;0;2
682;0;6;14;17.0;482;9;14841.35;0.0;50;5;17;36;342;66;23;32.64;69;0;3865.15;0;377;2;0.0;171.08625776015526;0;0;2
683;0;0;14;17.0;482;9;14841.35;0.0;50;5;17;36;342;62;112;27.64;69;0;3865.15;0;378;2;0.0;91.84978304553704;0;0;2
684;0;7;14;17.0;482;9;14841.35;0.0;50;5;17;36;342;62;28;27.64;69;0;3865.15;0;379;2;614900.0;60.98737809925237;0;0;2
685;0;5;14;17.0;482;9;14841.35;0.0;50;5;17;36;342;62;28;20.64;69;0;3865.15;0;370;2;0.0;112.76381987028498;0;0;2
686;0;4;14;17.0;482;9;14841.35;0.0;50;5;17;0;342;62;28;27.64;69;2;3865.15;0;404;2;0.0;28.82234687359458;0;0;0
687;0;1;14;17.0;482;9;14841.35;0.0;50;5;17;36;342;62;112;28.64;69;0;3865.15;0;380;0;0.0;96.59041285280132;0;0;0
688;0;3;316;21.0;526;1;66105.4;0.0;50;8;31;50;332;24;49;5.52;81;2;1549.56;0;39;2;0.0;180.14684869734245;0;0;2
689;0;2;316;21.0;526;1;0.0;0.0;50;8;31;29;332;24;49;5.52;81;2;1549.56;0;40;2;0.0;449.1873822219152;0;0;1
690;0;6;316;21.0;625;1;66105.4;0.0;50;8;31;29;332;24;112;-1.4800000000000004;81;0;1549.56;0;41;2;0.0;291.4013793253048;0;0;1
691;0;0;316;21.0;526;1;66105.4;0.0;50;8;31;29;332;24;54;5.52;81;0;1549.56;0;42;2;0.0;169.8398152059745;0;0;1
692;0;7;316;21.0;526;1;66105.4;0.0;50;8;31;29;332;21;49;5.52;81;0;1549.56;0;43;2;0.0;732.6818427000247;0;0;1
693;0;5;335;21.0;625;8;66105.4;0.0;50;8;31;29;332;24;37;0.5199999999999996;81;0;1549.56;0;44;2;0.0;116.065986186524;0;0;2
694;0;4;316;22.0;526;8;66105.4;0.0;50;8;31;29;332;24;49;10.52;14;0;1549.56;0;45;0;0.0;274.572674146153;0;0;1
695;0;1;316;22.0;526;1;66105.4;0.0;50;8;31;29;332;24;49;5.52;14;0;1549.56;0;46;2;0.0;0.0;0;0;1
696;0;3;45;28.0;220;10;15398.95;0.0;1;7;5;22;655;6;41;11.41;55;2;343.84;0;256;1;0.0;81.67810682135054;0;0;2
697;0;2;45;28.0;220;10;15398.95;0.0;1;7;5;22;655;6;6;8.41;55;1;343.84;0;257;1;0.0;74.65272755017808;0;0;2
698;0;6;45;28.0;220;10;15398.95;0.0;1;7;5;22;655;6;0;8.41;55;1;343.84;0;258;0;0.0;47.60747045142004;0;0;2
699;0;0;45;28.0;220;10;15398.95;0.0;1;7;5;22;655;6;6;8.41;76;1;343.84;0;259;1;0.0;0.0;0;0;2
700;0;7;45;28.0;220;10;15398.95;0.0;1;7;5;22;655;0;6;8.41;76;1;343.84;0;260;0;0.0;123.416843254174;0;0;2
701;0;5;45;28.0;220;10;15398.95;0.0;1;7;5;22;655;6;6;8.41;76;1;343.84;0;261;1;0.0;107.9849309340017;0;0;2
702;0;4;45;-500.0;220;8;15398.95;0.0;1;932;5;22;655;6;6;8.41;76;1;343.84;0;262;0;0.0;197.94261236228328;0;0;2
703;0;1;45;28.0;220;10;15398.95;0.0;1;7;5;22;655;6;8;8.41;76;1;0.0;0;253;1;0.0;95.38656229488775;0;0;2
704;0;3;393;18.0;266;2;27070.07;0.0;58;3;11;22;254;9;26;5.68;1;3;919.76;0;267;1;0.0;76.31458794990105;0;0;2
705;0;2;393;18.0;266;2;27070.07;0.0;58;3;11;22;254;9;26;5.68;69;3;919.76;0;268;0;0.0;314.08757466977005;0;0;2
706;0;6;393;18.0;266;2;27070.07;0.0;58;3;11;22;254;14;14;5.68;69;3;919.76;0;269;1;0.0;104.18110390526935;0;0;2
707;0;0;393;18.0;266;2;27070.07;0.0;58;3;11;22;254;9;32;5.68;69;3;919.76;0;270;1;0.0;231.0897387966637;0;0;2
708;0;7;393;18.0;266;2;27070.07;0.0;58;3;11;22;254;9;30;7.68;69;2;919.76;0;271;1;0.0;58.00991024253165;0;0;2
709;0;5;393;18.0;266;2;0.0;0.0;58;3;11;22;254;71;26;5.68;69;3;919.76;0;272;1;0.0;17.6888357749622;0;0;2
710;0;4;393;18.0;266;2;27070.07;0.0;58;3;11;22;254;69;18;5.68;69;3;919.76;0;273;1;0.0;190.2773796747631;0;0;2
711;0;1;393;18.0;266;2;27070.07;0.0;58;3;11;22;254;8;26;5.68;69;2;919.76;0;274;1;0.0;138.38176935677842;0;0;2
712;0;3;173;0.0;142;4;17992.775;0.0;39;5;6;0;277;50;110;8.61;42;1;565.22;0;122;1;0.0;88.44275346564012;0;0;1
713;0;2;335;53.0;142;4;0.0;0.0;39;5;6;2;277;8;26;8.61;42;2;565.22;0;131;0;0.0;137.39842895242538;0;0;1
714;0;6;173;-500.0;142;4;17992.775;0.0;39;5;6;2;277;39;16;4.609999999999999;42;2;565.22;0;132;1;0.0;95.65646110813336;0;0;1
715;0;0;173;0.0;625;4;17992.775;0.0;39;5;6;2;277;70;16;4.609999999999999;42;1;565.22;0;135;1;0.0;162.64325434416995;0;0;1
716;0;7;173;53.0;142;4;17992.775;0.0;39;5;6;2;277;70;10;8.61;55;2;565.22;0;136;1;0.0;0.0;0;0;2
717;0;5;173;53.0;142;4;17992.775;0.0;39;5;6;2;277;50;10;8.61;55;1;565.22;0;137;1;0.0;23.00301883990674;0;0;1
718;0;4;173;53.0;142;4;17992.775;0.0;39;5;6;2;277;61;112;8.61;55;2;565.22;0;138;1;0.0;14.78725003902928;0;0;1
719;0;1;173;53.0;142;8;17992.775;0.0;39;5;570;2;277;70;112;8.61;55;2;565.22;0;139;1;0.0;79.04022403290668;0;0;1
720;0;3;540;55.0;67;11;139354.48;0.0;39;1247;18;2;277;14;32;9.94;55;3;519.3;0;134;1;0.0;382.2110718661232;0;0;2
721;0;2;540;55.0;67;8;139354.48;0.0;39;3;18;2;277;7;28;4.94;55;3;519.3;0;155;1;0.0;568.2347294161319;0;0;2
722;0;6;540;55.0;67;11;139354.48;0.0;39;3;18;2;277;12;28;4.94;55;2;519.3;0;156;0;0.0;277.29571482010255;0;0;2
723;0;0;540;55.0;67;8;139354.48;0.0;39;3;18;2;277;12;28;4.94;55;3;519.3;0;159;1;483320.0;899.262390873496;0;0;0
724;0;7;540;55.0;67;11;139354.48;0.0;39;3;18;2;277;12;32;0.0;55;3;519.3;0;160;1;0.0;607.9420858050403;0;0;0
725;0;5;540;55.0;67;11;139354.48;0.0;39;3;18;2;277;16;28;-1.0599999999999996;55;3;519.3;0;161;1;0.0;737.8098216113028;0;0;0
726;0;4;540;56.0;67;11;139354.48;0.0;39;3;18;2;277;12;28;4.94;55;2;519.3;0;162;1;0.0;495.2079374996368;0;0;2
727;0;1;540;56.0;67;11;139354.48;0.0;39;3;18;50;277;12;28;4.94;58;3;519.3;0;163;1;0.0;408.0045657757278;0;0;2
728;0;3;335;22.0;40;13;18305.25;0.0;37;1;4;2;277;11;12;5.27;42;1;363.51;0;404;1;0.0;73.8795539918927;0;0;0
729;0;2;526;22.0;625;8;18305.25;0.0;37;1;4;2;277;11;112;5.27;42;1;363.51;0;159;1;0.0;137.9464987947675;0;0;0
730;0;6;335;22.0;40;13;18305.25;15574375.0;37;1;4;2;277;8;16;5.27;42;1;363.51;0;160;1;0.0;112.25943310644912;0;0;0
731;0;0;526;22.0;40;13;18305.25;0.0;37;1;4;2;277;11;112;5.27;55;1;0.0;0;161;1;0.0;201.31928040314105;0;0;0
732;0;7;526;22.0;40;13;18305.25;15574375.0;37;1;4;50;277;11;105;5.27;55;1;363.51;0;162;1;0.0;49.56528039204874;0;0;0
733;0;5;526;22.0;40;8;18305.25;15574375.0;37;1;4;2;277;11;112;6.27;55;1;363.51;0;163;1;0.0;179.31123106371157;0;0;0
734;0;4;526;22.0;40;13;18305.25;15574375.0;37;1;4;2;277;11;110;5.27;55;1;363.51;0;164;0;0.0;142.7518957641688;0;0;0
735;0;1;526;22.0;40;13;0.0;15574375.0;37;1;207;2;277;11;12;5.27;55;1;363.51;0;165;1;0.0;187.3347604446041;0;0;0
736;0;3;17;25.0;455;6;27865.26;0.0;41;3;6;4;590;20;32;19.05;64;3;635.59;0;293;2;0.0;213.43960097610943;0;0;2
737;0;2;17;25.0;455;6;27865.26;2606105.0;41;3;6;4;590;25;32;19.05;64;3;635.59;0;404;2;0.0;339.148727665386;0;0;2
738;0;6;17;25.0;455;6;27865.26;0.0;41;3;6;4;590;20;32;19.05;64;3;635.59;0;295;2;0.0;0.0;0;0;2
739;0;0;17;25.0;455;6;27865.26;2606105.0;41;3;6;4;590;20;37;19.05;64;3;635.59;0;296;2;0.0;73.26685797872419;0;0;2
740;0;7;17;25.0;625;6;27865.26;2606105.0;41;3;6;4;590;20;32;12.05;64;3;635.59;0;297;2;0.0;156.3272160786797;0;0;2
741;0;5;17;26.0;455;6;27865.26;2606105.0;41;3;6;4;590;25;32;19.05;64;3;635.59;0;298;2;0.0;46.78581394303207;0;0;2
742;0;4;17;26.0;455;6;27865.26;2606105.0;41;3;6;4;590;20;28;19.05;64;3;635.59;0;404;2;0.0;153.61116639767738;0;0;1
743;0;1;17;26.0;455;6;27865.26;2606105.0;41;3;6;4;590;20;32;19.05;64;3;635.59;0;290;2;0.0;117.03365813386696;0;0;1
744;0;3;513;36.0;12;1;23404.86;1899405.0;50;5;7;2;277;11;30;15.82;64;3;35.54;0;260;2;0.0;84.46263178711256;0;0;2
745;0;2;513;36.0;12;1;23404.86;0.0;50;5;7;2;277;70;43;15.82;64;3;35.54;0;404;0;0.0;55.563966074190674;0;0;2
746;0;6;513;36.0;12;1;23404.86;1899405.0;50;5;7;2;277;9;30;15.82;64;2;35.54;0;262;2;0.0;80.32476097737587;0;0;2
747;0;0;335;36.0;625;8;23404.86;1899405.0;50;5;7;2;277;9;30;15.82;64;3;35.54;0;253;2;0.0;91.24510932136472;0;0;2
748;0;7;513;36.0;625;1;23404.86;1899405.0;50;5;7;2;277;9;30;15.82;64;3;35.54;0;254;2;0.0;137.27452100320278;0;0;2
749;0;5;513;36.0;12;1;23404.86;1899405.0;50;5;7;2;277;9;28;15.82;64;3;35.54;0;263;2;0.0;34.38842729423941;0;0;2
750;0;4;513;36.0;12;1;23404.86;1899405.0;50;5;7;2;277;9;43;21.82;64;3;35.54;0;404;2;0.0;45.10209479208043;0;0;2
751;0;1;513;36.0;625;1;23404.86;1899405.0;50;5;7;2;277;9;30;0.0;64;3;35.54;0;267;2;0.0;86.55597978430912;0;0;2
752;0;3;517;33.0;131;11;14205.09;10867575.0;58;10;21;41;657;32;32;19.42;14;2;4845.24;0;404;2;0.0;47.62770058007192;0;0;1
753;0;2;517;33.0;131;11;14205.09;10867575.0;58;10;21;50;657;32;32;19.42;29;0;4845.24;0;66;0;0.0;86.99729208827097;0;0;1
754;0;6;517;33.0;131;11;14205.09;10867575.0;58;10;21;41;657;34;37;19.42;29;0;4845.24;0;67;2;0.0;129.60934742460415;0;0;1
755;0;0;517;33.0;131;8;14205.09;10867575.0;58;10;21;41;657;32;30;19.42;29;0;4845.24;0;68;2;0.0;72.76043068592436;0;0;2
756;0;7;517;33.0;131;11;14205.09;10867575.0;71;10;21;41;657;35;37;19.42;29;0;4845.24;0;404;2;0.0;64.58804984795468;0;0;2
757;0;5;335;33.0;131;11;14205.09;10867575.0;58;10;21;41;657;32;37;19.42;29;2;4845.24;0;70;2;0.0;15.336224597153636;0;0;2
758;0;4;517;34.0;131;11;0.0;10867575.0;58;688;21;41;657;32;37;19.42;29;0;4845.24;0;61;2;0.0;90.16718068095766;0;0;2
759;0;1;517;34.0;131;11;14205.09;0.0;58;10;21;41;657;32;47;19.42;29;2;4845.24;0;62;2;0.0;45.089126057845725;0;0;1
760;0;3;603;28.0;340;12;62320.56;506838.0;70;9;18;29;190;24;26;21.24;2;0;3589.56;0;17;2;0.0;179.65030626450252;0;0;2
761;0;2;603;28.0;340;12;62320.56;506838.0;70;9;18;29;190;21;26;17.24;26;0;3589.56;0;18;2;0.0;102.42004863150606;0;0;2
762;0;6;603;28.0;340;12;62320.56;506838.0;70;9;18;29;190;20;30;17.24;26;0;3589.56;0;19;0;0.0;162.84136549864638;0;0;2
763;0;0;603;0.0;340;12;62320.56;506838.0;70;9;18;29;190;21;26;17.24;26;0;3589.56;0;20;2;0.0;672.9965674057812;0;0;2
764;0;7;603;28.0;340;12;62320.56;506838.0;70;9;18;29;190;21;30;17.24;26;0;3589.56;0;21;2;0.0;327.67257482733817;0;0;2
765;0;5;603;-500.0;340;12;62320.56;506838.0;70;9;18;29;190;21;112;17.24;26;0;3589.56;0;22;2;0.0;0.0;0;0;2
766;0;4;603;28.0;340;12;62320.56;506838.0;70;9;3366;29;190;21;26;17.24;26;0;3589.56;0;13;2;0.0;0.0;0;0;2
767;0;1;603;28.0;340;12;62320.56;506838.0;70;9;18;29;190;21;26;17.24;26;2;3589.56;0;14;0;0.0;171.51086339613434;0;0;2
768;0;3;240;25.0;311;9;43758.34;0.0;45;6;12;14;588;71;41;4.18;1;1;1194.28;0;324;1;0.0;229.2590695740992;0;0;0
769;0;2;240;25.0;311;9;43758.34;0.0;45;6;12;14;588;10;41;4.18;1;1;1194.28;0;325;1;0.0;417.5305244151969;0;0;0
770;0;6;240;25.0;311;9;43758.34;0.0;45;6;5565;14;588;15;41;4.18;42;1;1194.28;0;326;1;0.0;0.0;0;0;0
771;0;0;240;25.0;625;8;43758.34;0.0;45;6;12;0;588;10;8;4.18;42;1;1194.28;0;327;1;0.0;0.0;0;0;0
772;0;7;335;25.0;311;9;43758.34;0.0;45;6;12;14;588;10;6;0.0;42;1;1194.28;0;328;1;0.0;389.0516108846349;0;0;0
773;0;5;240;25.0;311;8;43758.34;0.0;45;6;12;14;588;10;93;4.18;42;1;1194.28;0;329;1;0.0;147.57321762080718;0;0;0
774;0;4;240;0.0;311;9;0.0;0.0;45;6;12;14;588;10;41;4.18;42;2;1194.28;0;330;1;0.0;36.81438810916744;0;0;2
775;0;1;240;25.0;311;8;43758.34;0.0;45;6;12;14;588;8;41;4.18;42;1;1194.28;0;331;1;0.0;364.2379929007962;0;0;0
776;0;3;335;20.0;539;14;144881.68;0.0;39;4;15;22;648;61;18;10.1;42;3;404.51;0;226;2;0.0;0.0;0;0;2
777;0;2;50;20.0;625;14;144881.68;0.0;39;848;15;22;648;7;26;10.1;42;3;404.51;0;404;2;445810.0;237.60528299744087;0;0;2
778;0;6;50;20.0;539;14;144881.68;0.0;39;4;15;22;648;50;18;10.1;42;2;404.51;0;404;2;0.0;1270.3279611808646;0;0;2
779;0;0;50;20.0;539;14;0.0;0.0;39;4;15;22;648;50;18;13.1;42;2;404.51;0;227;2;0.0;990.2115187956024;0;0;2
780;0;7;50;20.0;539;14;144881.68;0.0;39;4;15;22;648;50;28;10.1;42;2;404.51;0;228;2;0.0;443.91572783608;0;0;2
781;0;5;335;20.0;539;14;144881.68;0.0;39;4;15;22;648;39;18;10.1;42;2;404.51;0;231;2;237030.0;757.8121973426181;0;0;2
782;0;4;50;20.0;539;14;144881.68;0.0;39;4;15;22;648;6;18;8.1;42;3;0.0;0;232;2;0.0;1075.4156812000438;0;0;2
783;0;1;50;20.0;539;14;144881.68;0.0;39;4;15;22;648;28;16;10.1;42;3;404.51;0;233;2;0.0;553.2672857325957;0;0;2
784;0;3;311;0.0;275;8;108147.3;8926275.0;39;6;6;22;565;11;43;7.57;0;3;1113.06;0;262;2;0.0;328.48004275460164;0;0;2
785;0;2;311;38.0;625;8;108147.3;8926275.0;39;6;6;22;565;10;37;7.57;0;3;1113.06;0;253;2;0.0;799.3782051437732;0;0;2
786;0;6;311;38.0;275;8;108147.3;8926275.0;39;6;6;22;565;11;47;7.57;0;3;1113.06;0;404;2;0.0;116.53311639609774;0;0;2
787;0;0;311;38.0;275;8;108147.3;8926275.0;39;6;6;22;565;11;112;7.57;0;3;1113.06;0;263;2;0.0;0.0;0;0;2
788;0;7;311;38.0;275;8;108147.3;0.0;39;6;6;22;565;11;43;0.0;0;3;1113.06;0;264;2;0.0;184.592531656502;0;0;2
789;0;5;311;38.0;275;8;108147.3;8926275.0;39;6;6;22;565;11;43;7.57;42;2;1113.06;0;404;2;0.0;122.70358184607036;0;0;2
790;0;4;335;38.0;275;8;108147.3;8926275.0;39;6;6;22;565;10;43;3.5700000000000003;42;3;1113.06;0;268;2;0.0;366.43288836662657;0;0;0
791;0;1;311;38.0;275;8;108147.3;8926275.0;39;6;6;22;565;11;43;7.57;42;3;1113.06;0;269;2;375140.0;946.1555102888016;0;0;0
792;0;3;569;27.0;359;7;17759.1;1533925.0;50;8;19;29;660;18;43;5.2;2;0;3598.39;0;343;2;0.0;190.0547611675572;0;0;2
793;0;2;569;27.0;359;7;17759.1;0.0;50;8;19;29;660;22;43;5.2;2;0;3598.39;0;404;2;0.0;114.17431664606649;0;0;1
794;0;6;569;27.0;359;7;17759.1;1533925.0;50;8;19;29;660;22;47;10.2;2;0;3598.39;0;335;2;0.0;130.31795049682506;0;0;1
795;0;0;569;0.0;359;7;17759.1;1533925.0;50;8;19;29;660;22;43;5.2;2;0;3598.39;0;344;2;0.0;195.10924623136205;0;0;1
796;0;7;569;27.0;359;7;17759.1;1533925.0;50;8;19;29;660;22;112;5.2;2;0;3598.39;0;345;0;0.0;206.45038385232945;0;0;2
797;0;5;569;27.0;359;7;17759.1;1533925.0;50;8;19;29;660;22;112;5.2;2;2;3598.39;0;348;0;0.0;157.3673522960543;0;0;1
798;0;4;569;28.0;359;7;17759.1;1533925.0;50;8;19;29;660;22;54;10.2;2;0;3598.39;0;349;2;0.0;170.52382032259527;0;0;1
799;0;1;569;28.0;359;7;17759.1;1533925.0;50;8;19;29;660;24;43;5.2;2;0;3598.39;0;350;2;0.0;123.08003660070644;0;0;1
800;0;3;143;37.0;419;13;85328.73;68587275.0;39;4;11;50;590;8;30;1.83;1;1;585.05;0;308;1;0.0;145.09078436691792;0;0;0
801;0;2;143;37.0;419;13;85328.73;68587275.0;39;4;11;4;590;9;32;6.83;42;1;585.05;0;404;1;0.0;106.58773865318442;0;0;0
802;0;6;335;37.0;419;13;85328.73;68587275.0;39;4;11;4;590;69;30;1.83;85;1;585.05;0;310;1;0.0;318.30734168238035;0;0;0
803;0;0;143;37.0;419;13;85328.73;68587275.0;39;4;11;4;590;9;30;-2.17;42;1;585.05;0;301;1;0.0;203.07053313588744;0;0;0
804;0;7;143;37.0;419;8;85328.73;68587275.0;39;4;11;4;590;9;23;1.83;42;1;585.05;0;302;1;0.0;95.81963873724104;0;0;0
805;0;5;143;0.0;625;13;85328.73;68587275.0;39;4;11;4;590;9;23;1.83;42;1;585.05;0;311;1;0.0;137.170284402368;0;0;0
806;0;4;143;37.0;419;13;85328.73;0.0;39;4;11;4;590;9;30;1.83;42;1;585.05;0;312;0;0.0;440.180323888752;0;0;0
807;0;1;143;37.0;419;13;85328.73;68587275.0;48;4;11;4;590;14;108;1.83;42;2;585.05;0;315;1;0.0;610.8695367356431;0;0;0
808;0;3;335;26.0;346;14;134321.44;0.0;39;5;12;22;663;24;37;11.09;55;3;1428.68;0;321;2;0.0;715.7040604932922;0;0;2
809;0;2;335;26.0;346;14;134321.44;0.0;39;5;12;0;663;24;37;11.09;55;3;1428.68;0;322;2;0.0;0.0;0;0;2
810;0;6;12;26.0;346;14;134321.44;0.0;39;5;12;11;663;24;47;4.09;55;3;1428.68;0;313;2;0.0;0.0;0;0;2
811;0;0;12;27.0;346;14;134321.44;0.0;39;5;12;22;663;24;112;11.09;55;2;1428.68;0;314;2;0.0;461.5302282783446;0;0;2
812;0;7;12;27.0;346;14;134321.44;0.0;39;5;12;22;663;24;47;11.09;55;3;1428.68;0;323;2;0.0;259.4569535922815;0;0;0
813;0;5;335;27.0;346;14;134321.44;0.0;39;5;12;22;663;24;37;11.09;55;3;1428.68;0;324;2;0.0;598.8624396713553;0;0;0
814;0;4;12;0.0;346;14;0.0;0.0;39;5;12;22;663;24;37;12.09;55;3;1428.68;0;325;2;0.0;530.8205695340205;0;0;0
815;0;1;12;27.0;346;14;134321.44;0.0;39;5;12;22;663;27;43;11.09;55;3;1428.68;0;326;0;0.0;209.5174827021613;0;0;2
816;0;3;228;24.0;377;7;61008.0;52350.0;2;5;32;22;50;13;112;19.44;14;3;1755.81;0;391;2;0.0;218.2076697051532;0;0;1
817;0;2;228;24.0;377;7;61008.0;52350.0;2;5;32;22;50;13;37;19.44;14;3;1755.81;0;382;2;0.0;677.4251029457807;0;0;1
818;0;6;335;24.0;377;7;61008.0;52350.0;2;5;32;22;50;13;37;19.44;14;3;1755.81;0;383;2;0.0;165.21711540224246;0;0;1
819;0;0;228;24.0;377;7;61008.0;52350.0;2;5;32;22;50;13;37;19.44;14;3;0.0;0;392;2;204780.0;73.60092893712022;0;0;1
820;0;7;228;24.0;377;8;61008.0;0.0;2;5;32;22;50;13;43;19.44;14;3;1755.81;0;393;2;0.0;255.87718883726544;0;0;2
821;0;5;228;24.0;377;7;61008.0;52350.0;2;5;32;22;50;13;37;19.44;14;2;1755.81;0;396;2;0.0;201.68609119514105;0;0;1
822;0;4;228;24.0;377;7;61008.0;52350.0;2;5;32;22;50;11;37;15.44;35;2;1755.81;0;397;2;290710.0;123.60622274677958;0;0;1
823;0;1;228;24.0;377;7;61008.0;52350.0;2;5;32;22;50;13;37;19.44;35;3;1755.81;0;404;2;0.0;196.6664451267237;0;0;1
824;0;3;32;19.0;29;2;28665.76;0.0;58;3;5;4;156;11;10;11.32;0;3;1237.46;0;208;1;0.0;340.9908375742304;0;0;2
825;0;2;32;19.0;29;2;28665.76;0.0;58;3;5;4;156;13;10;0.3200000000000003;0;3;1237.46;0;209;1;0.0;182.03367121739225;0;0;2
826;0;6;32;19.0;29;8;28665.76;0.0;58;3;5;4;156;13;18;4.32;0;3;1237.46;0;210;0;0.0;117.04735282565404;0;0;2
827;0;0;32;19.0;29;2;28665.76;0.0;58;3;5;4;156;13;12;4.32;0;3;1237.46;0;211;1;0.0;80.25709666066416;0;0;2
828;0;7;32;19.0;29;2;28665.76;0.0;58;1163;5;4;156;13;10;4.32;0;3;1237.46;0;212;1;0.0;236.8815961023156;0;0;2
829;0;5;32;19.0;29;2;28665.76;0.0;58;3;5;4;156;13;10;4.32;0;3;1237.46;0;213;1;0.0;138.3066032567022;0;0;2
830;0;4;32;19.0;625;2;28665.76;0.0;58;3;5;4;156;13;16;4.32;0;3;1237.46;0;214;1;0.0;0.0;0;0;2
831;0;1;32;19.0;29;2;28665.76;0.0;58;3;713;4;156;13;10;4.32;0;2;1237.46;0;205;1;0.0;175.79261437685767;0;0;2
832;0;3;28;18.0;293;7;56803.71;46206425.0;58;5;25;32;355;52;62;16.23;7;0;2593.44;0;355;2;0.0;0.0;0;0;2
833;0;2;28;18.0;293;7;0.0;46206425.0;58;5;25;32;355;46;54;16.23;7;0;2593.44;0;346;0;0.0;272.4220304734316;0;0;2
834;0;6;28;18.0;293;7;56803.71;0.0;58;5;25;32;355;46;43;16.23;7;0;2593.44;0;347;2;0.0;154.37285805823794;0;0;2
835;0;0;28;18.0;293;8;56803.71;46206425.0;58;5;3951;32;355;46;54;21.23;7;2;0.0;0;356;2;0.0;186.06855656543976;0;0;2
836;0;7;28;19.0;293;7;56803.71;46206425.0;58;5;25;32;355;46;112;16.23;7;0;2593.44;0;357;0;0.0;160.9121209391136;0;0;2
837;0;5;335;19.0;293;7;56803.71;46206425.0;58;5;25;32;355;46;54;16.23;7;2;2593.44;0;360;0;0.0;94.38794944530976;0;0;2
838;0;4;28;0.0;293;7;56803.71;46206425.0;58;5;25;32;355;44;54;16.23;7;0;2593.44;0;361;2;0.0;199.85100812368623;0;0;1
839;0;1;335;19.0;293;7;0.0;46206425.0;58;5;25;32;355;44;54;16.23;7;0;2593.44;0;404;2;0.0;359.73869396507706;0;0;1
840;0;3;510;31.0;530;1;38364.82;0.0;70;6;32;22;411;33;49;3.44;7;0;1973.63;0;404;0;0.0;74.79251895261616;0;0;1
841;0;2;510;31.0;530;1;38364.82;0.0;70;6;32;22;411;33;49;3.44;7;0;1973.63;0;137;2;0.0;280.3850231837437;0;0;1
842;0;6;510;32.0;530;1;38364.82;0.0;70;6;32;22;411;33;49;0.44;7;0;1973.63;0;138;2;0.0;123.9038605928886;0;0;1
843;0;0;510;32.0;530;1;38364.82;0.0;70;6;32;22;411;33;49;3.44;7;0;1973.63;0;139;2;0.0;111.03943208652024;0;0;1
844;0;7;510;32.0;530;1;38364.82;0.0;70;6;32;22;411;30;43;3.44;7;0;1973.63;0;140;2;0.0;42.18845307623343;0;0;1
845;0;5;510;32.0;530;1;38364.82;0.0;70;6;32;22;411;33;49;3.44;7;0;1973.63;0;141;0;0.0;0.0;0;0;1
846;0;4;510;32.0;530;1;38364.82;0.0;70;6;32;22;411;33;54;3.44;7;2;1973.63;0;142;2;0.0;41.52856863202232;0;0;1
847;0;1;335;32.0;530;1;38364.82;0.0;70;6;32;22;411;33;49;3.44;85;0;1973.63;0;133;2;0.0;73.0126754399525;0;0;1
848;0;3;459;0.0;243;7;66528.24;0.0;45;5;5189;2;277;14;110;7.65;42;3;1460.8;0;185;2;0.0;139.57456070445244;0;0;2
849;0;2;459;21.0;243;7;66528.24;573302.0;45;5;11;2;277;16;105;13.65;42;3;1460.8;0;186;2;0.0;38.94642667199516;0;0;2
850;0;6;459;21.0;243;7;66528.24;573302.0;45;5;11;2;277;12;110;13.65;42;3;1460.8;0;187;2;0.0;98.8275537457479;0;0;2
851;0;0;459;0.0;243;8;66528.24;573302.0;45;5;11;2;277;14;12;13.65;42;3;1460.8;0;188;2;0.0;215.618637897162;0;0;2
852;0;7;459;21.0;243;7;0.0;573302.0;45;5;11;2;277;14;16;13.65;42;2;1460.8;0;404;2;0.0;247.42728555050323;0;0;2
853;0;5;459;21.0;243;7;66528.24;573302.0;45;5;872;2;277;14;110;13.65;42;3;1460.8;0;190;2;0.0;97.04179086433912;0;0;2
854;0;4;459;21.0;243;7;66528.24;573302.0;45;5;11;2;277;14;10;13.65;42;2;1460.8;0;181;2;0.0;106.2105465776434;0;0;2
855;0;1;459;22.0;243;7;66528.24;573302.0;45;5;11;2;277;18;16;13.65;42;2;1460.8;0;182;0;0.0;158.42020476590392;0;0;2
856;0;3;600;55.0;493;3;19403.405;0.0;1;7;3;16;189;10;110;3.9;42;2;339.11;0;101;1;0.0;52.12810761980296;0;0;2
857;0;2;600;55.0;493;3;19403.405;0.0;1;7;3;16;189;10;12;3.9;42;1;339.11;0;102;1;0.0;125.94836870886463;0;0;2
858;0;6;600;55.0;493;3;19403.405;0.0;1;7;3;16;189;8;110;3.9;42;1;339.11;0;103;1;0.0;192.7187540262183;0;0;2
859;0;0;600;55.0;493;3;19403.405;0.0;1;7;3;0;189;10;112;3.9;42;2;339.11;0;104;0;0.0;186.9890357535752;0;0;2
860;0;7;600;0.0;493;3;0.0;0.0;1;7;3;16;189;9;110;3.9;42;2;339.11;0;105;1;0.0;169.85819735076564;0;0;2
861;0;5;600;55.0;493;8;19403.405;0.0;1;7;3;0;189;10;110;0.0;42;1;339.11;0;404;1;31250.0;71.55927578844995;0;0;2
862;0;4;600;55.0;493;3;0.0;0.0;1;7;3;16;189;10;110;3.9;42;1;339.11;0;97;1;0.0;93.05878805164696;0;0;1
863;0;1;600;55.0;493;3;19403.405;0.0;1;7;3;16;189;10;10;-1.1;42;1;339.11;0;98;1;0.0;214.8208575171537;0;0;1
864;0;3;352;19.0;473;6;31122.79;0.0;58;5;12;2;277;26;43;9.75;42;3;358.6;0;190;1;0.0;220.5130602079842;0;0;2
865;0;2;335;19.0;473;6;31122.79;0.0;58;5;12;2;277;26;43;9.75;42;3;358.6;0;181;1;0.0;249.69688007956373;0;0;2
866;0;6;352;19.0;473;6;31122.79;0.0;58;5;12;2;277;26;43;9.75;42;3;358.6;0;182;1;0.0;57.240722395755135;0;0;2
867;0;0;352;19.0;473;6;31122.79;0.0;58;5;12;2;277;26;47;2.75;58;3;358.6;0;404;1;0.0;158.26977337236502;0;0;2
868;0;7;352;19.0;473;6;31122.79;0.0;58;5;12;50;277;26;43;9.75;58;3;358.6;0;192;1;0.0;230.7221019529555;0;0;2
869;0;5;352;19.0;473;6;31122.79;0.0;58;5;12;2;277;21;32;9.75;58;3;358.6;0;195;1;0.0;200.08380008646432;0;0;2
870;0;4;352;19.0;473;6;31122.79;0.0;58;5;12;2;277;26;37;9.75;58;3;358.6;0;196;1;0.0;372.67842462913626;0;0;2
871;0;1;352;19.0;473;6;31122.79;0.0;58;5;12;2;277;30;43;9.75;58;2;358.6;0;404;1;0.0;0.0;0;0;2
872;0;3;246;19.0;242;8;15015.4;0.0;45;5;9;4;156;21;110;5.04;1;1;330.17;0;176;1;0.0;92.11412377952726;0;0;1
873;0;2;246;19.0;242;1;15015.4;0.0;45;5;9;0;156;23;10;5.04;1;1;330.17;0;177;1;0.0;75.14400571642805;0;0;1
874;0;6;246;19.0;242;1;15015.4;0.0;45;5;9;4;156;23;12;5.04;1;1;330.17;0;178;1;0.0;48.258652757399;0;0;1
875;0;0;246;0.0;242;1;15015.4;0.0;45;5;9;4;156;23;112;1.04;1;1;330.17;0;169;0;0.0;69.6000330948333;0;0;1
876;0;7;246;19.0;625;1;0.0;0.0;45;5;9;4;156;19;23;5.04;1;2;330.17;0;170;1;0.0;136.4954553466842;0;0;1
877;0;5;246;20.0;242;1;15015.4;0.0;45;5;9;50;156;21;12;5.04;1;1;330.17;0;179;1;0.0;50.73793309301692;0;0;1
878;0;4;246;20.0;242;1;15015.4;0.0;45;5;9;4;156;23;12;5.04;1;2;330.17;0;404;1;0.0;143.6535739091367;0;0;1
879;0;1;246;20.0;242;1;15015.4;0.0;45;5;9;4;156;25;105;5.04;1;1;330.17;0;183;1;0.0;162.57530838511798;0;0;2
880;0;3;209;34.0;467;4;19777.05;17280875.0;45;3;3;16;649;16;112;5.95;1;1;186.16;0;176;1;0.0;0.0;0;0;1
881;0;2;209;34.0;467;8;19777.05;17280875.0;45;3;3;16;649;16;112;0.0;1;1;186.16;0;177;1;0.0;39.27209392081849;0;0;1
882;0;6;209;34.0;467;4;19777.05;17280875.0;45;3;3;16;649;16;73;11.95;1;1;186.16;0;404;0;0.0;25.151200502889903;0;0;2
883;0;0;209;34.0;467;4;0.0;17280875.0;45;3;3;16;649;22;73;5.95;1;2;186.16;0;169;1;0.0;193.1579357944063;0;0;1
884;0;7;209;34.0;467;4;19777.05;17280875.0;45;3;3;16;649;20;73;5.95;1;2;186.16;0;170;1;0.0;0.0;0;0;1
885;0;5;209;34.0;467;4;19777.05;17280875.0;45;3;3;16;649;16;112;5.95;1;1;186.16;0;179;1;0.0;0.0;0;0;1
886;0;4;209;34.0;467;4;19777.05;17280875.0;45;3;2199;16;649;13;112;-0.0499999999999998;1;1;186.16;0;180;1;0.0;178.2016825214594;0;0;1
887;0;1;209;34.0;467;4;19777.05;17280875.0;45;3;3;16;649;16;73;5.95;1;1;186.16;0;183;1;0.0;65.37503748055806;0;0;1
888;0;3;561;24.0;48;11;20188.02;1851335.0;41;3;6;16;356;7;93;1.31;0;2;399.92;0;159;1;0.0;147.63621347336863;0;0;2
889;0;2;561;24.0;48;11;20188.02;1851335.0;41;3;6;16;356;71;97;8.31;0;1;399.92;0;160;0;0.0;35.501119337577194;0;0;2
890;0;6;335;24.0;48;11;20188.02;1851335.0;41;3;6;16;356;71;105;3.31;0;1;399.92;0;161;1;0.0;79.87742610206409;0;0;0
891;0;0;561;24.0;48;11;20188.02;0.0;41;3;6;16;356;10;73;1.31;0;1;399.92;0;404;1;0.0;98.28930196054152;0;0;0
892;0;7;561;24.0;48;11;20188.02;1851335.0;41;3;6;50;356;71;97;1.31;0;1;399.92;0;163;1;0.0;148.2581691785004;0;0;2
893;0;5;561;25.0;48;11;20188.02;1851335.0;41;3;2862;16;356;71;97;1.31;0;1;399.92;0;164;0;0.0;22.789935163440266;0;0;0
894;0;4;561;25.0;48;11;20188.02;1851335.0;41;3;6;16;356;71;97;1.31;0;1;399.92;0;165;1;0.0;50.96786774008395;0;0;0
895;0;1;335;25.0;48;11;9351702.0;1851335.0;41;3;6;16;356;71;97;1.31;0;1;399.92;0;166;1;0.0;101.35383209290453;0;0;0
896;0;3;335;54.0;20;12;41345.58;0.0;0;5;10;2;277;69;73;2.42;58;2;646.47;0;404;1;0.0;0.0;0;0;2
897;0;2;10;54.0;20;12;41345.58;3260465.0;0;5;10;2;277;69;112;6.42;58;2;646.47;0;255;1;0.0;110.07447802563765;0;0;2
898;0;6;10;54.0;20;12;41345.58;3260465.0;0;674;10;2;277;69;6;3.42;72;2;646.47;0;256;1;0.0;69.2888247266963;0;0;2
899;0;0;10;54.0;20;12;41345.58;3260465.0;0;5;10;2;277;9;6;6.42;72;1;646.47;0;257;1;0.0;0.0;0;0;1
900;0;7;10;54.0;20;12;41345.58;3260465.0;0;5;10;2;277;69;6;6.42;72;1;646.47;0;258;1;0.0;36.94720504158939;0;0;1
901;0;5;10;54.0;20;12;41345.58;3260465.0;0;5;3863;2;277;17;6;6.42;72;1;646.47;0;259;1;0.0;115.5128541653676;0;0;1
902;0;4;10;54.0;20;12;41345.58;3260465.0;0;5;10;2;277;71;6;6.42;72;1;646.47;0;260;1;0.0;286.3830601377169;0;0;1
903;0;1;335;54.0;20;8;41345.58;3260465.0;0;5;10;2;277;69;6;6.42;72;1;646.47;0;261;1;0.0;101.59095840125008;0;0;1
904;0;3;518;31.0;497;4;55151.04;0.0;2;6;23;32;48;30;30;10.64;85;0;1743.83;0;51;2;0.0;262.83729212987333;0;0;1
905;0;2;518;0.0;497;4;55151.04;470492.0;2;6;23;0;48;30;30;10.64;81;0;1743.83;0;52;2;0.0;139.07448184901406;0;0;1
906;0;6;518;32.0;497;4;55151.04;470492.0;2;6;23;32;48;30;30;14.64;81;0;1743.83;0;404;2;0.0;467.7339130961728;0;0;1
907;0;0;518;32.0;497;4;0.0;470492.0;2;6;23;32;48;30;112;10.64;81;0;1743.83;0;404;2;0.0;287.5477079329868;0;0;1
908;0;7;518;32.0;497;4;55151.04;0.0;2;6;23;32;48;35;30;10.64;81;0;1743.83;0;55;2;0.0;174.92103710408318;0;0;1
909;0;5;518;32.0;497;4;55151.04;470492.0;2;6;23;32;48;30;30;10.64;81;0;1743.83;0;56;2;0.0;104.87753270580296;0;0;1
910;0;4;518;32.0;497;4;55151.04;470492.0;2;6;23;32;48;27;37;10.64;81;0;1743.83;0;57;2;0.0;112.54961484800027;0;0;1
911;0;1;518;32.0;497;4;55151.04;0.0;2;6;23;32;48;30;30;10.64;85;0;1743.83;0;404;2;0.0;0.0;0;0;2
912;0;3;344;39.0;609;9;30536.62;0.0;50;6;7;14;66;16;99;9.33;58;3;687.87;0;89;2;0.0;96.72899419598096;0;0;2
913;0;2;344;39.0;609;9;30536.62;0.0;50;6;7;14;66;16;105;9.33;85;3;687.87;0;90;2;0.0;75.76028912170352;0;0;2
914;0;6;344;39.0;609;9;30536.62;0.0;50;6;7;14;66;16;105;9.33;58;2;687.87;0;91;2;0.0;36.64142430103261;0;0;2
915;0;0;344;39.0;609;8;30536.62;0.0;50;6;7;14;66;16;105;9.33;58;3;687.87;0;92;2;0.0;140.1876944207382;0;0;2
916;0;7;344;39.0;609;9;30536.62;0.0;50;6;7;14;66;16;105;4.33;58;2;687.87;0;93;2;0.0;115.58449752925809;0;0;1
917;0;5;335;39.0;609;9;30536.62;0.0;50;6;7;14;66;16;105;9.33;58;2;687.87;0;94;2;0.0;97.51183620038783;0;0;1
918;0;4;344;39.0;609;9;2547968.0;0.0;50;6;7;14;66;16;10;5.33;58;3;687.87;0;85;2;0.0;0.0;0;0;1
919;0;1;344;39.0;609;9;0.0;0.0;50;6;7;50;66;16;105;9.33;58;3;687.87;0;86;2;0.0;227.9884330635849;0;0;2
920;0;3;460;3169.0;406;1;147499.6;0.0;37;2;12;14;498;11;73;4.21;1;1;1250.67;0;160;1;0.0;0.0;0;0;2
921;0;2;460;1191.0;406;1;147499.6;0.0;37;2;12;14;498;11;73;8.21;1;1;1250.67;0;161;1;0.0;0.0;0;0;0
922;0;6;460;29.0;406;1;147499.6;0.0;37;2;12;14;498;9;97;5.21;1;1;1250.67;0;162;1;0.0;443.1864810976069;0;0;0
923;0;0;460;29.0;406;8;147499.6;0.0;37;2;12;50;498;11;73;4.21;1;2;1250.67;0;163;1;0.0;1031.3308087627008;0;0;2
924;0;7;460;29.0;406;1;147499.6;0.0;37;2;12;14;498;71;6;4.21;1;1;1250.67;0;164;1;0.0;396.4144419339614;0;0;0
925;0;5;460;29.0;406;1;147499.6;0.0;37;1315;12;14;498;12;73;4.21;1;2;1250.67;0;165;1;0.0;960.8408779067768;0;0;0
926;0;4;335;29.0;406;1;147499.6;0.0;37;2;12;50;498;11;6;4.21;42;1;1250.67;0;166;1;0.0;825.2416859639533;0;0;0
927;0;1;460;29.0;406;1;147499.6;0.0;37;2;12;14;498;11;41;0.21;42;1;1250.67;0;404;1;0.0;855.2316936907898;0;0;0
928;0;3;278;42.0;538;1;20005.22;0.0;63;3;6;22;253;20;43;18.33;76;2;1859.45;0;54;2;0.0;219.6562014744781;0;0;2
929;0;2;278;42.0;538;1;20005.22;0.0;63;3;6;22;253;20;49;21.33;76;3;1859.45;0;55;2;0.0;166.33381500745415;0;0;2
930;0;6;278;42.0;538;1;20005.22;0.0;63;3;6;22;253;23;54;0.0;20;3;1859.45;0;56;2;0.0;127.66459570059796;0;0;2
931;0;0;278;42.0;538;1;20005.22;0.0;63;3;6;22;253;20;43;16.33;20;2;1859.45;0;57;0;0.0;99.0557025940862;0;0;2
932;0;7;278;42.0;625;1;20005.22;0.0;63;3;6;22;253;14;43;18.33;20;3;1859.45;0;58;2;0.0;34.82607388082376;0;0;2
933;0;5;278;43.0;538;1;20005.22;0.0;63;3;6;22;253;20;43;18.33;20;3;1859.45;0;49;2;0.0;33.732895023802726;0;0;2
934;0;4;335;43.0;538;1;20005.22;0.0;63;3;6;22;253;21;47;18.33;20;2;1859.45;0;50;0;0.0;71.54625559777725;0;0;1
935;0;1;278;43.0;538;1;20005.22;0.0;63;3;6;22;253;20;43;18.33;20;3;1859.45;0;59;2;0.0;176.44557305338955;0;0;1
936;0;3;110;32.0;605;8;19795.52;0.0;50;9;34;50;337;12;47;22.79;2;0;3135.02;0;148;2;0.0;77.06641227007594;0;0;2
937;0;2;110;32.0;605;12;19795.52;0.0;58;10;34;41;337;12;49;22.79;26;0;3135.02;0;149;2;0.0;174.71031023405513;0;0;1
938;0;6;110;32.0;605;12;19795.52;0.0;58;10;34;41;337;12;47;22.79;26;0;3135.02;0;150;2;0.0;61.278636992966575;0;0;1
939;0;0;110;32.0;605;12;19795.52;0.0;58;10;34;41;337;12;32;28.79;26;2;3135.02;0;151;2;0.0;76.75799674942185;0;0;1
940;0;7;110;32.0;605;12;0.0;0.0;58;10;34;41;337;12;47;22.79;26;0;3135.02;0;152;2;0.0;143.60987072812384;0;0;1
941;0;5;335;33.0;605;12;19795.52;0.0;58;10;34;41;337;12;47;22.79;26;0;3135.02;0;153;0;0.0;104.30033017016196;0;0;1
942;0;4;110;33.0;605;12;19795.52;0.0;58;10;34;41;337;12;47;22.79;26;0;3135.02;0;154;2;0.0;110.61003014274073;0;0;1
943;0;1;110;0.0;605;12;19795.52;0.0;58;10;34;41;337;11;47;22.79;26;0;3135.02;0;145;2;0.0;176.07363706159992;0;0;1
944;0;3;547;33.0;391;3;60938.13;51631775.0;2;8;31;41;493;22;32;12.489999999999998;81;0;3947.24;0;334;2;0.0;166.48767607357289;0;0;1
945;0;2;547;33.0;391;3;60938.13;51631775.0;2;8;31;41;493;21;32;16.49;81;2;3947.24;0;404;2;0.0;0.0;0;0;1
946;0;6;547;33.0;391;3;60938.13;51631775.0;2;8;31;41;493;24;30;17.49;74;0;3947.24;0;344;2;0.0;570.8378293960601;0;0;2
947;0;0;547;33.0;391;3;60938.13;51631775.0;2;8;3579;41;493;24;32;17.49;81;0;3947.24;0;345;2;0.0;205.3559549728582;0;0;1
948;0;7;547;34.0;391;3;60938.13;51631775.0;2;1130;31;41;493;24;47;17.49;81;0;3947.24;0;348;2;0.0;464.5784431851196;0;0;1
949;0;5;547;34.0;391;8;60938.13;51631775.0;2;8;31;41;493;24;32;23.49;81;0;3947.24;0;349;2;0.0;118.58252104523535;0;0;1
950;0;4;335;34.0;391;3;60938.13;51631775.0;2;8;31;0;493;24;32;17.49;81;2;3947.24;0;350;2;0.0;509.0452194193505;0;0;1
951;0;1;547;0.0;391;3;60938.13;51631775.0;2;8;31;41;493;24;47;17.49;81;0;3947.24;0;351;2;0.0;0.0;0;0;1
952;0;3;343;54.0;349;9;80396.86;0.0;45;7;9;2;277;70;12;10.47;0;1;1357.54;0;234;1;0.0;266.013045204628;0;0;0
953;0;2;343;54.0;349;9;80396.86;0.0;45;7;9;0;277;70;12;10.47;0;1;1357.54;0;235;1;0.0;482.11425724040186;0;0;0
954;0;6;343;54.0;349;9;80396.86;0.0;45;7;9;2;277;70;18;10.47;0;2;1357.54;0;236;1;0.0;159.90307182355355;0;0;2
955;0;0;343;54.0;349;9;80396.86;0.0;45;7;9;2;277;70;10;10.47;0;1;1357.54;0;237;1;0.0;305.4240013071364;0;0;2
956;0;7;335;54.0;349;9;80396.86;0.0;45;451;1649;2;277;69;112;17.47;0;1;1357.54;0;238;1;0.0;0.0;0;0;2
957;0;5;343;54.0;349;9;80396.86;0.0;45;7;9;2;277;70;12;10.47;0;1;1357.54;0;229;1;0.0;422.5870728867617;0;0;2
958;0;4;343;54.0;349;9;80396.86;0.0;45;7;9;2;277;70;12;10.47;0;1;1357.54;0;230;1;0.0;230.976428677776;0;0;2
959;0;1;343;54.0;625;9;80396.86;0.0;45;7;9;2;277;70;12;10.47;85;1;1357.54;0;239;1;0.0;665.0311265156918;0;0;2
960;0;3;68;42.0;361;8;57610.32;0.0;63;10;25;44;584;41;54;21.31;72;0;4428.64;0;18;0;0.0;0.0;0;0;1
961;0;2;68;42.0;361;14;57610.32;451786.0;63;10;25;44;584;41;54;21.31;72;0;4428.64;0;19;2;0.0;135.04495673019014;0;0;1
962;0;6;68;42.0;361;14;57610.32;451786.0;63;10;25;44;584;41;112;21.31;72;0;4428.64;0;20;2;0.0;146.1472209986389;0;0;2
963;0;0;68;42.0;361;14;57610.32;451786.0;63;10;25;44;584;41;54;21.31;72;0;4428.64;0;21;2;0.0;36.03012554918;0;0;1
964;0;7;68;42.0;361;14;57610.32;451786.0;63;10;25;44;584;41;112;21.31;72;0;4428.64;0;22;2;0.0;186.60438103996051;0;0;1
965;0;5;68;42.0;361;14;57610.32;451786.0;63;10;25;44;584;41;54;21.31;72;0;4428.64;0;13;2;0.0;415.0140242777817;0;0;1
966;0;4;68;0.0;361;14;57610.32;451786.0;63;10;25;44;584;44;112;21.31;72;0;4428.64;0;14;2;0.0;68.05560653217209;0;0;1
967;0;1;68;0.0;361;14;57610.32;451786.0;63;10;25;44;584;41;54;21.31;72;0;4428.64;0;143;2;0.0;110.75256034642612;0;0;1
968;0;3;379;36.0;602;8;0.0;0.0;63;5;15;29;187;11;43;10.3;72;3;2103.99;0;89;2;0.0;172.28316529161307;0;0;1
969;0;2;379;36.0;602;6;18717.02;0.0;63;5;15;29;187;71;37;10.3;2;3;2103.99;0;90;0;0.0;51.66822153654412;0;0;1
970;0;6;335;36.0;602;6;18717.02;0.0;63;5;15;0;187;71;30;9.3;2;2;2103.99;0;91;2;0.0;0.0;0;0;1
971;0;0;379;36.0;602;6;18717.02;0.0;63;5;15;29;187;8;32;10.3;2;3;2103.99;0;92;2;0.0;71.00854510484608;0;0;2
972;0;7;379;36.0;602;6;18717.02;0.0;63;5;15;29;187;71;37;10.3;2;2;2103.99;0;93;2;0.0;39.90549923980939;0;0;2
973;0;5;379;36.0;602;6;18717.02;0.0;63;5;15;29;187;71;28;10.3;2;3;2103.99;0;94;2;0.0;0.0;0;0;2
974;0;4;335;37.0;602;6;18717.02;0.0;63;5;15;29;187;69;32;10.3;2;3;2103.99;0;85;2;0.0;82.39371115980401;0;0;1
975;0;1;379;37.0;602;6;18717.02;0.0;63;5;15;29;187;39;32;15.3;2;3;2103.99;0;86;2;0.0;66.72044915641453;0;0;2
976;0;3;335;-500.0;355;6;19163.22;0.0;39;7;7;14;588;21;32;8.76;64;3;2226.37;0;99;2;0.0;15.206733513024965;0;0;2
977;0;2;486;17.0;355;6;19163.22;0.0;39;7;7;50;588;21;37;8.76;64;3;2226.37;0;100;2;0.0;165.73487170262868;0;0;2
978;0;6;486;17.0;355;6;19163.22;0.0;39;7;7;14;588;19;32;5.76;64;3;2226.37;0;101;2;0.0;167.87811909274245;0;0;2
979;0;0;486;17.0;355;6;19163.22;0.0;39;7;7;14;588;15;37;8.76;64;2;2226.37;0;102;2;0.0;35.39321437337522;0;0;0
980;0;7;486;17.0;355;6;19163.22;0.0;39;7;7;14;588;23;32;2.76;64;3;2226.37;0;103;0;0.0;13.802486568675134;0;0;0
981;0;5;486;17.0;355;6;19163.22;0.0;39;7;7;14;588;15;32;8.76;64;3;2226.37;0;104;2;0.0;81.72630032547832;0;0;0
982;0;4;486;17.0;355;6;19163.22;0.0;39;7;7;14;588;21;37;15.76;64;3;2226.37;0;105;2;0.0;0.0;0;0;2
983;0;1;486;17.0;355;8;19163.22;0.0;39;7;7;14;588;21;49;8.76;81;3;2226.37;0;404;2;0.0;175.65981942954707;0;0;2
984;0;3;524;48.0;218;8;94554.87;0.0;37;6;2;2;277;71;6;9.24;55;2;1487.9;0;180;1;0.0;626.3090099805695;0;0;0
985;0;2;524;7140.0;218;8;94554.87;0.0;37;6;2;2;277;71;6;9.24;55;1;1487.9;0;404;1;0.0;300.3255396707255;0;0;0
986;0;6;524;48.0;218;8;94554.87;0.0;37;6;2;0;277;71;8;9.24;55;2;1487.9;0;184;1;0.0;443.7484005823777;0;0;0
987;0;0;524;48.0;218;8;94554.87;0.0;37;6;2;2;277;71;6;2.24;55;1;1487.9;0;185;1;250560.0;409.4268585769902;0;0;0
988;0;7;524;48.0;218;8;94554.87;0.0;37;6;2;2;277;71;6;9.24;55;1;1487.9;0;186;1;0.0;119.40208445431972;0;0;0
989;0;5;524;48.0;218;8;94554.87;0.0;37;6;2;2;277;39;112;9.24;55;1;1487.9;0;187;1;0.0;0.0;0;0;0
990;0;4;524;48.0;218;8;94554.87;0.0;37;6;2;2;277;71;8;9.24;55;2;1487.9;0;188;1;0.0;312.0343642350663;0;0;2
991;0;1;524;48.0;218;8;94554.87;0.0;37;6;2;2;277;71;6;3.24;55;1;1487.9;0;189;1;0.0;240.11199770604992;0;0;0
992;0;3;200;27.0;385;11;63536.98;0.0;41;5;12;14;198;27;23;15.78;58;2;0.0;0;298;2;0.0;517.0200746737141;0;0;2
993;0;2;200;-500.0;385;11;63536.98;0.0;41;5;12;14;198;32;112;14.78;58;3;89.62;0;289;2;0.0;36.732411953841904;0;0;2
994;0;6;200;0.0;385;11;63536.98;0.0;41;5;12;14;198;24;28;17.78;58;3;89.62;0;290;2;0.0;97.69166507125584;0;0;2
995;0;0;200;27.0;385;11;63536.98;0.0;41;5;12;14;198;27;26;18.78;58;3;89.62;0;299;0;0.0;528.3349930094088;0;0;2
996;0;7;200;27.0;385;11;63536.98;0.0;41;5;12;14;198;27;18;14.78;58;3;89.62;0;300;2;0.0;0.0;0;0;2
997;0;5;200;27.0;385;11;63536.98;0.0;41;5;12;14;198;27;28;14.78;58;3;89.62;0;303;2;0.0;451.63818886419983;0;0;2
998;0;4;200;27.0;385;11;63536.98;0.0;41;5;12;14;198;27;28;14.78;58;3;89.62;0;304;2;0.0;151.03887049601283;0;0;2
999;0;1;200;27.0;385;11;63536.98;0.0;41;5;12;50;198;27;28;14.78;81;3;89.62;0;305;2;0.0;0.0;0;0;2
1000;0;3;335;39.0;17;1;9983.345;0.0;50;10;15;29;421;20;28;10.26;7;3;1823.35;0;396;0;0.0;0.0;0;0;1
1001;0;2;229;39.0;17;1;9983.345;0.0;50;10;15;29;421;20;28;10.26;7;2;1823.35;0;397;2;0.0;18.18202076651747;0;0;1
1002;0;6;229;39.0;17;8;9983.345;0.0;58;11;15;29;421;20;28;12.26;7;3;1823.35;0;398;2;0.0;47.6492134812721;0;0;2
1003;0;0;229;39.0;625;1;9983.345;0.0;58;11;15;29;421;20;28;17.259999999999998;7;3;1823.35;0;399;0;0.0;42.379896403360725;0;0;2
1004;0;7;229;40.0;17;1;9983.345;0.0;58;11;15;29;421;20;112;14.26;7;2;1823.35;0;404;2;0.0;0.0;0;0;2
1005;0;5;229;40.0;17;1;9983.345;0.0;58;11;15;29;421;25;28;10.26;7;2;1823.35;0;401;2;0.0;0.0;0;0;2
1006;0;4;229;40.0;17;1;9983.345;0.0;58;11;15;29;421;20;28;4.26;7;3;1823.35;0;402;2;0.0;30.959561869923395;0;0;2
1007;0;1;229;40.0;17;1;9983.345;0.0;58;11;15;29;421;20;28;10.26;7;3;1823.35;0;403;2;0.0;10.612907877548746;0;0;2
1008;0;3;107;14.0;625;0;0.0;0.0;50;5;16;14;276;15;23;11.85;72;3;1073.94;0;240;2;0.0;128.21619016797754;0;0;2
1009;0;2;107;14.0;625;0;27796.42;0.0;50;5;16;0;276;15;23;11.85;72;3;1073.94;0;243;2;0.0;130.09961140666988;0;0;2
1010;0;6;107;14.0;415;0;27796.42;0.0;50;5;16;14;276;18;18;11.85;72;2;1073.94;0;244;2;0.0;75.71790453528291;0;0;2
1011;0;0;107;15.0;415;8;27796.42;0.0;50;5;16;14;276;15;28;0.0;72;3;1073.94;0;245;2;0.0;84.99894038349623;0;0;2
1012;0;7;107;15.0;415;0;27796.42;0.0;50;5;16;14;276;15;12;11.85;2;2;1073.94;0;246;2;0.0;200.6710898484904;0;0;2
1013;0;5;107;15.0;415;0;27796.42;0.0;50;5;16;14;276;18;23;11.85;2;3;1073.94;0;404;2;0.0;302.0617221802914;0;0;2
1014;0;4;107;15.0;415;0;27796.42;0.0;50;5;16;14;276;15;26;11.85;2;3;1073.94;0;248;2;0.0;34.567422020091726;0;0;2
1015;0;1;107;15.0;415;0;27796.42;0.0;50;5;16;14;276;15;12;10.85;2;3;1073.94;0;249;0;0.0;56.36788662920443;0;0;2
1016;0;3;42;29.0;249;4;132872.72;0.0;39;3;10;50;276;8;99;10.28;42;1;89.68;0;249;1;272280.0;353.1228639995384;0;0;0
1017;0;2;42;30.0;249;4;132872.72;0.0;39;3;10;14;276;11;97;10.28;54;1;89.68;0;250;1;0.0;475.9167981204607;0;0;0
1018;0;6;42;0.0;249;4;132872.72;0.0;39;3;10;14;276;11;93;13.28;42;1;89.68;0;241;1;0.0;258.8751188467216;0;0;0
1019;0;0;42;30.0;249;4;132872.72;0.0;39;3;10;14;276;11;99;10.28;42;1;89.68;0;404;1;466980.0;913.1710383176132;0;0;0
1020;0;7;42;30.0;249;4;132872.72;0.0;39;3;4353;14;276;8;105;10.28;42;1;89.68;0;251;1;0.0;514.0429430918309;0;0;2
1021;0;5;335;30.0;249;4;0.0;0.0;39;3;10;14;276;11;112;10.28;42;1;89.68;0;404;1;0.0;223.31836709566943;0;0;0
1022;0;4;42;30.0;249;4;132872.72;0.0;39;3;10;14;276;11;89;10.28;58;1;89.68;0;255;1;0.0;918.7235207653414;0;0;0
1023;0;1;42;30.0;249;4;132872.72;0.0;39;3;10;14;276;11;93;10.28;58;1;89.68;0;256;1;0.0;173.51080191051963;0;0;0
1024;0;3;87;41.0;431;1;140014.36;0.0;39;7;18;22;261;21;105;3.9;55;3;1151.7;0;108;0;0.0;423.6241662413102;0;0;2
1025;0;2;87;41.0;431;1;140014.36;0.0;39;7;18;22;261;25;10;4.9;55;3;1151.7;0;111;0;0.0;377.0611543369629;0;0;2
1026;0;6;87;41.0;431;1;140014.36;0.0;39;7;18;22;261;25;10;3.9;55;3;1151.7;0;112;1;0.0;843.1987395541125;0;0;2
1027;0;0;87;41.0;431;1;140014.36;0.0;39;7;18;22;261;25;10;3.9;55;3;1151.7;0;113;1;0.0;0.0;0;0;2
1028;0;7;87;41.0;431;1;140014.36;0.0;39;7;18;22;261;25;16;3.9;55;2;1151.7;0;114;1;0.0;364.0138411471718;0;0;2
1029;0;5;335;42.0;431;1;140014.36;0.0;39;7;18;22;261;25;10;3.9;55;3;1151.7;0;115;1;0.0;388.0007706219674;0;0;2
1030;0;4;335;42.0;431;1;140014.36;0.0;39;7;18;22;261;25;110;3.9;55;3;1151.7;0;116;1;0.0;572.3308454909459;0;0;2
1031;0;1;87;42.0;431;1;140014.36;0.0;39;7;18;22;261;25;110;3.9;55;3;1151.7;0;117;0;0.0;0.0;0;0;2
1032;0;3;80;47.0;464;0;37071.2;0.0;1;6;6;22;258;14;66;11.56;55;2;869.99;0;125;1;0.0;386.89956133883805;0;0;0
1033;0;2;335;47.0;464;0;37071.2;0.0;1;6;6;22;258;11;93;11.56;55;2;869.99;0;126;1;0.0;68.2510482183638;0;0;0
1034;0;6;80;47.0;464;0;37071.2;0.0;1;6;6;22;258;11;93;16.560000000000002;55;1;869.99;0;404;1;0.0;142.89438110818446;0;0;2
1035;0;0;80;48.0;464;0;37071.2;0.0;1;6;6;22;258;11;73;11.56;55;1;869.99;0;128;1;0.0;276.8189914442773;0;0;0
1036;0;7;80;48.0;464;0;37071.2;0.0;1;6;6;22;258;11;93;0.0;55;1;869.99;0;129;0;0.0;57.42272997141857;0;0;0
1037;0;5;80;48.0;464;0;37071.2;0.0;1;6;6;22;258;11;93;11.56;55;1;869.99;0;130;1;0.0;68.03216108518802;0;0;0
1038;0;4;80;48.0;464;0;37071.2;0.0;1;6;6;22;258;11;93;11.56;85;1;869.99;0;404;1;0.0;119.99224916317252;0;0;0
1039;0;1;80;0.0;464;0;37071.2;0.0;1;6;6;22;258;11;105;11.56;55;1;869.99;0;122;1;0.0;53.602383645038;0;0;2
1040;0;3;40;20.0;412;5;41735.55;33579625.0;0;3;8;22;418;16;97;11.25;42;1;1480.92;0;209;1;0.0;98.89486393241624;0;0;2
1041;0;2;40;20.0;412;5;41735.55;33579625.0;0;3;8;22;418;12;97;11.25;42;1;1480.92;0;210;1;0.0;60.160863585682975;0;0;2
1042;0;6;40;20.0;412;5;41735.55;33579625.0;0;3;8;22;418;12;112;11.25;55;1;1480.92;0;211;1;0.0;0.0;0;0;2
1043;0;0;40;20.0;412;5;41735.55;33579625.0;0;3;8;22;418;12;93;11.25;55;1;1480.92;0;212;1;0.0;387.466544799006;0;0;2
1044;0;7;335;20.0;412;5;41735.55;33579625.0;0;3;8;22;418;12;89;11.25;55;1;1480.92;0;213;0;0.0;0.0;0;0;2
1045;0;5;40;20.0;412;5;0.0;33579625.0;0;3;8;50;418;12;89;11.25;55;1;1480.92;0;214;0;0.0;87.83142993533698;0;0;2
1046;0;4;40;20.0;625;5;41735.55;33579625.0;0;3;8;22;418;12;97;14.25;55;1;1480.92;0;205;1;0.0;164.2770255555719;0;0;2
1047;0;1;40;20.0;412;5;41735.55;33579625.0;0;3;8;22;418;12;99;11.25;55;1;1480.92;0;404;0;0.0;240.5894884487128;0;0;2
1048;0;3;221;38.0;323;1;40391.66;0.0;2;7;18;16;490;34;54;3.51;14;0;1950.62;0;371;2;0.0;270.6282466524589;0;0;1
1049;0;2;221;38.0;323;1;40391.66;0.0;2;7;18;16;490;34;112;3.51;14;0;1950.62;0;380;2;0.0;89.65122046732782;0;0;1
1050;0;6;221;38.0;323;1;0.0;0.0;2;7;18;16;490;34;43;3.51;14;2;1950.62;0;381;2;0.0;313.41914472140826;0;0;1
1051;0;0;221;38.0;323;1;40391.66;0.0;2;7;18;16;490;29;54;3.51;14;0;1950.62;0;384;2;0.0;253.0619062976144;0;0;1
1052;0;7;335;38.0;323;1;40391.66;0.0;2;7;18;16;490;38;47;3.51;14;0;1950.62;0;385;2;0.0;34.141433776380616;0;0;1
1053;0;5;221;0.0;323;1;40391.66;0.0;2;7;18;16;490;34;56;3.51;14;0;1950.62;0;386;2;0.0;189.486825142579;0;0;1
1054;0;4;221;38.0;323;1;40391.66;0.0;2;7;18;16;490;34;54;3.51;14;0;1950.62;0;387;2;0.0;124.10697181558012;0;0;2
1055;0;1;335;38.0;323;1;40391.66;0.0;2;7;18;16;490;32;54;3.51;14;0;1950.62;0;388;2;0.0;331.8652135329811;0;0;1
1056;0;3;545;18.0;541;14;7441.295;0.0;45;8;33;32;340;14;28;5.119999999999999;2;3;2569.3;0;353;2;712680.0;96.3072436412694;0;0;1
1057;0;2;545;0.0;541;14;7441.295;0.0;28;8;33;32;340;14;28;11.12;2;3;2569.3;0;354;2;0.0;94.21915195844852;0;0;1
1058;0;6;545;18.0;541;8;7441.295;0.0;45;8;33;32;340;14;28;10.12;85;2;2569.3;0;355;0;0.0;42.12400278173378;0;0;1
1059;0;0;545;0.0;541;14;7441.295;0.0;45;8;33;32;340;14;23;11.12;2;2;2569.3;0;346;2;0.0;38.8136083740697;0;0;2
1060;0;7;545;19.0;541;14;7441.295;0.0;45;8;33;32;340;14;28;11.12;2;3;2569.3;0;347;2;0.0;56.938237251293536;0;0;1
1061;0;5;335;19.0;541;14;7441.295;0.0;45;8;33;0;340;15;37;12.12;2;3;2569.3;0;404;2;0.0;55.39678501597884;0;0;1
1062;0;4;545;19.0;541;14;0.0;0.0;45;8;33;32;340;14;28;11.12;20;2;2569.3;0;357;2;0.0;33.63298896122568;0;0;1
1063;0;1;545;19.0;541;14;0.0;0.0;45;8;33;32;340;12;18;17.119999999999994;20;3;2569.3;0;360;2;0.0;91.76773490990148;0;0;1
1064;0;3;375;40.0;625;12;19065.32;0.0;39;6;5;29;422;21;23;7.81;58;3;2008.06;0;104;2;0.0;63.52147976988476;0;0;2
1065;0;2;375;40.0;586;12;19065.32;0.0;39;6;5;29;422;21;23;7.81;58;2;2008.06;0;105;2;0.0;20.96898279881401;0;0;2
1066;0;6;375;40.0;586;12;19065.32;0.0;39;6;5;29;422;21;23;7.81;58;2;2008.06;0;404;2;0.0;32.88341822356684;0;0;2
1067;0;0;375;0.0;586;12;19065.32;0.0;39;6;5;29;422;21;23;7.81;64;3;2008.06;0;404;2;0.0;107.42327113341808;0;0;2
1068;0;7;335;-500.0;586;12;19065.32;0.0;39;6;5;29;422;21;23;7.81;64;3;2008.06;0;98;2;0.0;166.24444087254918;0;0;2
1069;0;5;375;40.0;586;12;19065.32;0.0;39;6;5;29;422;21;112;7.81;64;3;2008.06;0;107;2;0.0;54.20504867624296;0;0;2
1070;0;4;375;40.0;586;12;19065.32;0.0;39;6;5;29;422;25;23;13.81;64;3;2008.06;0;404;2;0.0;75.5324827796737;0;0;2
1071;0;1;375;40.0;586;12;19065.32;0.0;39;6;5;0;422;21;26;11.81;64;3;2008.06;0;111;0;0.0;83.0409639692235;0;0;2
1072;0;3;335;46.0;58;5;0.0;0.0;39;4;14;14;67;71;23;11.35;0;3;195.38;0;238;2;0.0;43.2662430770333;0;0;2
1073;0;2;335;46.0;58;5;24585.55;0.0;39;4;14;14;67;71;112;11.35;0;3;195.38;0;229;2;0.0;139.0459842955109;0;0;2
1074;0;6;262;46.0;625;5;24585.55;0.0;39;4;14;14;67;71;112;11.35;0;3;195.38;0;404;2;0.0;58.819313382391776;0;0;2
1075;0;0;262;46.0;58;5;24585.55;0.0;39;4;14;14;67;71;18;11.35;0;3;195.38;0;239;2;0.0;50.4683960100029;0;0;2
1076;0;7;335;46.0;625;5;24585.55;0.0;39;4;14;14;67;71;23;16.35;0;3;195.38;0;240;2;0.0;50.95979277653346;0;0;2
1077;0;5;335;46.0;58;5;0.0;0.0;39;4;14;14;67;7;23;11.35;0;3;195.38;0;243;2;0.0;109.38612998246936;0;0;2
1078;0;4;262;46.0;58;5;24585.55;0.0;39;4;14;14;67;71;23;11.35;0;3;195.38;0;244;2;0.0;195.585611949847;0;0;2
1079;0;1;262;46.0;58;5;24585.55;0.0;39;4;14;50;67;71;112;11.35;1;2;195.38;0;245;2;0.0;66.07688307379429;0;0;2
1080;0;3;471;26.0;495;8;15013.73;0.0;58;4;14;32;134;21;16;8.22;64;3;1403.17;0;46;2;0.0;75.20945228513598;0;0;2
1081;0;2;471;26.0;495;9;15013.73;0.0;58;1486;14;32;134;15;99;8.22;64;2;1403.17;0;404;2;0.0;138.00874128044282;0;0;2
1082;0;6;471;26.0;495;9;15013.73;0.0;58;4;14;32;134;18;110;1.2200000000000006;64;3;1403.17;0;38;0;379410.0;38.9880358724792;0;0;2
1083;0;0;471;27.0;495;9;15013.73;0.0;58;4;3010;32;134;21;110;8.22;64;3;1403.17;0;47;2;0.0;129.52713329283085;0;0;2
1084;0;7;471;27.0;495;9;15013.73;0.0;58;4;14;32;134;21;16;8.22;64;3;1403.17;0;48;2;0.0;151.22532700266294;0;0;2
1085;0;5;471;27.0;495;9;15013.73;0.0;58;4;14;32;134;21;99;8.22;64;3;1403.17;0;51;2;0.0;0.0;0;0;2
1086;0;4;471;27.0;495;9;0.0;0.0;58;4;14;32;134;16;110;8.22;64;3;1403.17;0;404;2;0.0;39.56497520880101;0;0;2
1087;0;1;471;27.0;495;9;15013.73;0.0;58;4;14;32;134;21;110;8.22;64;3;1403.17;0;53;2;0.0;0.0;0;0;2
1088;0;3;394;43.0;258;6;126006.68;0.0;41;3;2127;16;568;10;16;7.28;0;3;385.8;0;218;2;0.0;1069.389909917204;0;0;2
1089;0;2;394;44.0;258;6;126006.68;0.0;41;3;20;16;568;8;12;10.28;0;3;385.8;0;227;2;0.0;718.6753576919807;0;0;2
1090;0;6;394;44.0;258;6;126006.68;0.0;41;3;20;16;568;13;112;7.28;0;3;385.8;0;228;2;0.0;264.1068677879902;0;0;2
1091;0;0;394;44.0;258;6;126006.68;0.0;41;3;20;16;568;71;16;7.28;0;3;385.8;0;231;2;0.0;1082.8207308741428;0;0;2
1092;0;7;394;44.0;258;6;126006.68;0.0;41;3;20;16;568;70;16;7.28;0;3;385.8;0;232;2;0.0;408.2953698500015;0;0;2
1093;0;5;394;44.0;258;6;126006.68;0.0;41;3;20;16;568;10;16;7.28;0;3;385.8;0;233;2;0.0;248.7005807628313;0;0;2
1094;0;4;394;44.0;258;6;126006.68;0.0;41;3;20;16;568;10;12;7.28;0;3;385.8;0;234;2;0.0;547.7266912833952;0;0;2
1095;0;1;394;44.0;258;6;126006.68;0.0;41;3;20;16;568;10;18;7.28;0;3;385.8;0;235;2;0.0;212.270132932984;0;0;2
1096;0;3;469;49.0;322;2;102885.32;0.0;39;5;16;4;502;8;112;10.31;58;3;605.34;0;253;2;0.0;857.7632223732379;0;0;2
1097;0;2;469;49.0;322;2;102885.32;0.0;39;5;16;4;502;11;112;11.31;58;3;605.34;0;254;2;0.0;142.0658007927357;0;0;2
1098;0;6;469;49.0;322;2;102885.32;0.0;39;5;16;4;502;10;18;10.31;58;3;605.34;0;263;2;0.0;298.14396084590567;0;0;2
1099;0;0;335;0.0;322;2;102885.32;0.0;39;5;16;4;502;11;18;10.31;58;2;605.34;0;264;2;0.0;547.8315331679927;0;0;2
1100;0;7;335;49.0;322;2;102885.32;0.0;39;5;16;4;502;11;18;10.31;11;3;605.34;0;404;2;0.0;495.63102644589895;0;0;2
1101;0;5;469;49.0;322;2;102885.32;0.0;39;5;16;4;502;11;112;10.31;58;3;605.34;0;404;2;0.0;215.63445773971267;0;0;2
1102;0;4;469;49.0;322;8;102885.32;0.0;39;5;16;4;502;11;18;10.31;58;3;605.34;0;269;2;0.0;152.2626082458763;0;0;2
1103;0;1;469;49.0;322;8;102885.32;0.0;39;5;16;4;502;11;23;10.31;58;3;605.34;0;270;2;0.0;79.74686437036993;0;0;2
1104;0;3;179;38.0;625;13;34212.01;0.0;50;5;10;16;412;19;110;8.12;1;3;512.38;0;242;1;0.0;270.2397718355112;0;0;2
1105;0;2;179;38.0;512;13;34212.01;0.0;50;5;10;16;412;15;110;8.12;1;2;512.38;0;404;1;0.0;380.92333367345947;0;0;2
1106;0;6;179;38.0;512;8;34212.01;0.0;50;5;10;16;412;15;110;8.12;1;2;512.38;0;252;1;0.0;205.3957987555585;0;0;2
1107;0;0;179;38.0;512;13;34212.01;0.0;50;5;10;16;412;15;112;8.12;1;3;512.38;0;255;1;0.0;150.70680257032674;0;0;2
1108;0;7;179;38.0;512;13;34212.01;0.0;50;5;10;16;412;13;10;8.12;1;3;512.38;0;256;1;0.0;26.270084804365894;0;0;2
1109;0;5;179;38.0;512;13;0.0;0.0;50;5;10;16;412;15;110;8.12;1;3;512.38;0;404;1;0.0;236.87551335103333;0;0;2
1110;0;4;179;38.0;512;13;34212.01;0.0;50;5;10;16;412;15;110;8.12;1;3;512.38;0;404;1;0.0;147.24512390524674;0;0;1
1111;0;1;179;38.0;512;8;34212.01;0.0;50;5;10;0;412;15;110;8.12;1;3;512.38;0;259;1;0.0;116.9269340645926;0;0;1
1112;0;3;370;26.0;593;5;118487.16;981093.0;63;4;20;22;651;14;43;12.76;1;3;140.26;0;305;1;0.0;354.2155580510482;0;0;2
1113;0;2;370;26.0;593;5;118487.16;981093.0;63;4;20;22;651;12;43;9.76;1;3;140.26;0;306;1;0.0;361.42718879840623;0;0;2
1114;0;6;370;26.0;593;5;118487.16;0.0;63;4;20;22;651;12;49;9.76;1;3;140.26;0;307;1;0.0;0.0;0;0;2
1115;0;0;370;26.0;593;5;118487.16;981093.0;63;4;20;22;651;12;43;9.76;1;3;140.26;0;308;1;0.0;359.2148111532985;0;0;2
1116;0;7;370;26.0;593;5;118487.16;981093.0;63;4;20;22;651;12;112;9.76;1;2;140.26;0;309;1;0.0;0.0;0;0;2
1117;0;5;370;26.0;593;5;118487.16;981093.0;63;4;20;22;651;12;43;9.76;85;3;140.26;0;310;1;0.0;683.3484299104707;0;0;2
1118;0;4;370;26.0;593;5;118487.16;981093.0;63;4;20;22;651;12;47;9.76;1;3;140.26;0;301;1;0.0;170.98420089604724;0;0;2
1119;0;1;370;26.0;593;5;118487.16;981093.0;63;4;20;22;651;8;30;9.76;1;2;140.26;0;302;1;0.0;386.4132287027871;0;0;2
1120;0;3;525;26.0;78;10;77418.52;0.0;58;9;20;36;133;37;112;20.05;69;0;3962.08;0;41;2;0.0;144.96034860397404;0;0;1
1121;0;2;525;26.0;78;10;77418.52;0.0;58;9;20;36;133;37;56;16.05;69;0;3962.08;0;42;2;0.0;212.3977646375187;0;0;1
1122;0;6;525;26.0;78;10;77418.52;0.0;33;9;20;36;133;33;32;17.05;69;0;3962.08;0;43;2;0.0;398.466650554938;0;0;1
1123;0;0;525;26.0;78;10;77418.52;0.0;58;9;20;50;133;37;47;20.05;69;0;3962.08;0;44;2;492370.0;260.77814077782574;0;0;1
1124;0;7;525;26.0;78;10;77418.52;0.0;58;9;20;36;133;37;56;20.05;69;0;3962.08;0;45;0;0.0;135.73984565768305;0;0;1
1125;0;5;525;26.0;78;10;77418.52;0.0;58;9;20;36;133;37;47;20.05;69;0;3962.08;0;46;2;0.0;78.03120583236945;0;0;1
1126;0;4;525;26.0;78;10;77418.52;0.0;58;9;20;36;133;37;32;20.05;81;0;3962.08;0;37;2;0.0;141.0930373149117;0;0;1
1127;0;1;525;26.0;78;10;77418.52;0.0;58;9;20;36;133;37;54;20.05;81;0;3962.08;0;38;2;0.0;180.42204314859828;0;0;1
1128;0;3;242;45.0;64;1;24199.24;0.0;39;7;6;4;72;24;23;0.67;42;2;784.35;0;168;1;0.0;22.73334864045816;0;0;0
1129;0;2;242;46.0;64;1;24199.24;0.0;39;7;6;4;72;24;23;0.67;42;1;784.35;0;171;1;0.0;36.25883985476772;0;0;0
1130;0;6;242;8233.0;64;1;0.0;0.0;39;7;6;4;72;24;30;0.67;42;1;784.35;0;404;1;0.0;57.54456033519843;0;0;0
1131;0;0;242;46.0;64;1;24199.24;0.0;39;7;3959;4;72;24;23;0.67;42;1;784.35;0;173;1;0.0;89.24234196886617;0;0;0
1132;0;7;242;46.0;64;1;24199.24;0.0;39;7;6;4;72;26;16;1.67;42;1;784.35;0;174;1;0.0;0.0;0;0;0
1133;0;5;242;46.0;64;1;24199.24;0.0;39;7;6;4;72;24;23;0.67;42;1;784.35;0;175;1;0.0;42.25344080277093;0;0;0
1134;0;4;242;46.0;64;1;24199.24;0.0;39;7;6;4;72;25;23;0.67;58;1;784.35;0;404;1;0.0;255.02632430722127;0;0;0
1135;0;1;242;46.0;64;1;24199.24;0.0;39;7;6;4;72;27;112;0.67;58;1;784.35;0;177;1;0.0;48.20542533260876;0;0;0
1136;0;3;292;47.0;563;11;28587.29;0.0;41;1;7;2;277;5;112;1.22;0;1;1496.38;0;207;1;477590.0;185.96036419707488;0;0;0
1137;0;2;292;47.0;625;11;28587.29;0.0;41;1;7;2;277;5;41;1.22;0;1;1496.38;0;208;1;0.0;129.73713399160098;0;0;0
1138;0;6;335;47.0;563;11;28587.29;0.0;41;1;7;2;277;5;89;1.22;0;1;1496.38;0;209;1;0.0;135.70928055342048;0;0;0
1139;0;0;292;47.0;563;11;28587.29;0.0;41;1;7;2;277;5;41;1.22;0;1;1496.38;0;210;0;0.0;88.74306479368437;0;0;0
1140;0;7;292;47.0;563;11;28587.29;0.0;41;1;7;2;277;39;41;3.22;1;2;1496.38;0;211;1;0.0;210.62438007776328;0;0;0
1141;0;5;292;47.0;563;11;28587.29;0.0;41;1;7;2;277;5;41;1.22;1;2;1496.38;0;212;1;0.0;84.66215366681094;0;0;0
1142;0;4;292;6955.0;563;11;0.0;0.0;41;1;7;2;277;5;41;1.22;1;1;1496.38;0;213;1;0.0;94.14628842680057;0;0;0
1143;0;1;292;48.0;563;8;28587.29;0.0;41;1;7;2;277;2;41;1.22;1;1;1496.38;0;214;1;0.0;123.20256314871656;0;0;0
1144;0;3;166;31.0;95;9;16578.115;0.0;39;5;15;14;669;7;28;13.29;42;3;1054.86;0;190;2;0.0;25.856414547455763;0;0;2
1145;0;2;166;31.0;95;9;16578.115;0.0;39;5;15;14;669;7;18;13.29;42;3;1054.86;0;181;2;0.0;58.176799318603706;0;0;2
1146;0;6;166;32.0;95;9;16578.115;0.0;39;5;15;14;669;7;18;0.0;42;3;1054.86;0;182;2;0.0;28.291332257724715;0;0;2
1147;0;0;166;32.0;95;9;16578.115;0.0;39;5;15;14;669;71;18;8.29;42;3;0.0;0;191;2;0.0;54.14674132054632;0;0;2
1148;0;7;166;32.0;95;9;16578.115;0.0;39;5;15;50;669;7;18;13.29;72;3;0.0;0;192;0;0.0;120.49076320180689;0;0;2
1149;0;5;166;32.0;95;9;16578.115;0.0;39;5;15;14;669;7;16;17.29;72;3;1054.86;0;195;2;0.0;53.91212945916464;0;0;2
1150;0;4;166;32.0;95;9;0.0;0.0;39;5;15;14;669;7;16;13.29;72;3;1054.86;0;196;2;0.0;160.054057289336;0;0;2
1151;0;1;166;32.0;95;9;16578.115;0.0;39;5;15;14;669;7;18;13.29;72;3;1054.86;0;197;2;0.0;0.0;0;0;2
1152;0;3;595;20.0;585;14;74647.4;0.0;50;5;20;32;414;53;30;26.16;76;0;4167.43;0;64;2;0.0;142.36149897540682;0;0;2
1153;0;2;335;20.0;585;14;74647.4;0.0;50;5;20;32;414;53;23;26.16;76;2;4167.43;0;65;2;244230.0;59.456790003768255;0;0;2
1154;0;6;595;20.0;585;14;74647.4;0.0;50;5;20;32;414;53;30;26.16;76;0;4167.43;0;404;2;0.0;161.5712331283246;0;0;2
1155;0;0;595;20.0;585;14;74647.4;0.0;50;5;20;32;414;53;112;26.16;76;0;4167.43;0;404;0;0.0;141.27123716193228;0;0;2
1156;0;7;595;20.0;625;14;74647.4;0.0;50;5;20;50;414;53;30;26.16;76;0;4167.43;0;68;2;0.0;553.8526994870209;0;0;2
1157;0;5;595;-500.0;585;14;74647.4;0.0;50;5;20;32;414;49;30;26.16;76;0;4167.43;0;69;2;0.0;158.3173100895806;0;0;2
1158;0;4;335;20.0;585;14;74647.4;0.0;50;5;20;32;414;53;43;26.16;20;0;4167.43;0;70;2;0.0;93.96183185719676;0;0;2
1159;0;1;595;20.0;585;14;74647.4;0.0;50;5;20;50;414;53;30;26.16;20;0;4167.43;0;61;0;0.0;130.46824328757367;0;0;2
1160;0;3;493;43.0;625;10;0.0;0.0;0;1;11;16;249;61;89;5.71;85;2;1374.23;0;85;1;0.0;339.1781647504636;0;0;0
1161;0;2;493;43.0;439;10;34766.06;0.0;0;1;11;16;249;39;93;12.71;0;1;1374.23;0;86;1;0.0;0.0;0;0;0
1162;0;6;493;43.0;439;10;34766.06;0.0;0;1;11;16;249;39;97;5.71;0;1;0.0;0;95;1;0.0;182.6155518974313;0;0;0
1163;0;0;493;43.0;439;10;34766.06;0.0;0;1;11;0;249;39;89;5.71;0;1;1374.23;0;96;1;0.0;139.51360382358544;0;0;0
1164;0;7;493;43.0;439;10;34766.06;0.0;0;1;11;16;249;39;89;5.71;0;1;1374.23;0;99;1;0.0;59.758586272784825;0;0;0
1165;0;5;335;43.0;439;10;34766.06;0.0;0;1;11;50;249;39;112;5.71;0;1;1374.23;0;100;0;0.0;72.89949540851455;0;0;0
1166;0;4;493;43.0;439;10;34766.06;0.0;0;1;11;16;249;39;89;6.71;0;1;1374.23;0;101;0;0.0;277.367935256679;0;0;2
1167;0;1;493;43.0;439;10;34766.06;0.0;0;1;11;0;249;39;99;5.71;0;1;1374.23;0;404;1;0.0;0.0;0;0;0
1168;0;3;335;22.0;560;4;16852.635;0.0;41;6;9;2;277;27;18;19.68;69;3;775.22;0;404;2;0.0;136.2137083621921;0;0;2
1169;0;2;335;22.0;560;4;16852.635;0.0;41;6;9;2;277;25;18;19.68;69;3;775.22;0;263;2;0.0;69.04340588866569;0;0;2
1170;0;6;335;22.0;560;4;16852.635;0.0;41;6;9;2;277;25;18;19.68;69;3;775.22;0;264;0;0.0;114.6230506573965;0;0;2
1171;0;0;335;22.0;625;4;16852.635;0.0;41;6;9;2;277;30;18;19.68;76;2;775.22;0;267;2;667680.0;26.87019240117108;0;0;0
1172;0;7;335;23.0;560;4;16852.635;0.0;41;6;9;0;277;27;18;19.68;71;3;775.22;0;404;2;0.0;39.609766235065386;0;0;2
1173;0;5;335;2534.0;560;4;16852.635;0.0;41;6;9;2;277;25;28;19.68;76;2;775.22;0;269;2;233650.0;61.12651060446528;0;0;0
1174;0;4;335;23.0;560;4;16852.635;0.0;41;6;9;2;277;25;18;19.68;76;3;775.22;0;270;2;0.0;186.20064563508305;0;0;2
1175;0;1;335;23.0;560;4;0.0;0.0;41;6;9;2;277;25;18;16.68;76;3;775.22;0;271;2;0.0;53.91582238232171;0;0;0
1176;0;3;377;20.0;507;12;33502.1;0.0;58;9;27;32;343;58;43;7.06;81;2;2362.68;0;404;2;0.0;186.6985264321312;0;0;1
1177;0;2;377;20.0;507;12;33502.1;0.0;58;9;27;32;343;58;43;7.06;81;3;2362.68;0;119;2;0.0;191.27711208245083;0;0;2
1178;0;6;377;20.0;507;12;33502.1;0.0;58;9;27;32;343;58;37;7.06;81;3;2362.68;0;120;2;0.0;335.3377229837071;0;0;1
1179;0;0;335;20.0;507;12;33502.1;0.0;58;9;27;32;343;58;43;7.06;81;3;2362.68;0;123;2;0.0;72.56920724061601;0;0;1
1180;0;7;377;20.0;507;12;33502.1;0.0;58;9;27;32;343;58;43;7.06;81;3;2362.68;0;124;2;0.0;123.56805488263808;0;0;1
1181;0;5;377;20.0;507;12;33502.1;0.0;58;9;27;32;343;58;49;7.06;14;3;2362.68;0;125;2;0.0;45.48514242128582;0;0;1
1182;0;4;377;20.0;507;12;33502.1;0.0;58;9;27;32;343;58;32;7.06;14;3;2362.68;0;126;0;0.0;73.51952212206103;0;0;1
1183;0;1;377;3115.0;507;12;33502.1;0.0;58;9;27;32;343;58;43;12.06;14;3;2362.68;0;127;2;0.0;184.5481872661235;0;0;1
1184;0;3;61;27.0;457;8;91690.53;0.0;37;6;3325;14;275;61;110;4.95;42;1;1295.18;0;290;1;0.0;254.86996011482745;0;0;2
1185;0;2;61;27.0;457;8;91690.53;77958775.0;37;6;2;14;275;61;105;4.95;42;1;1295.18;0;299;1;0.0;156.05106569209758;0;0;0
1186;0;6;335;27.0;625;8;91690.53;77958775.0;37;6;2;14;275;61;112;4.95;58;1;1295.18;0;300;1;0.0;217.3947251183109;0;0;0
1187;0;0;61;27.0;457;8;91690.53;77958775.0;37;6;2;14;275;61;105;4.95;58;1;1295.18;0;303;0;0.0;545.478027653361;0;0;0
1188;0;7;61;27.0;457;8;91690.53;0.0;37;6;2;14;275;61;105;4.95;58;1;1295.18;0;404;1;0.0;371.4258096789305;0;0;0
1189;0;5;61;27.0;457;8;91690.53;77958775.0;37;6;2;14;275;61;105;4.95;58;1;1295.18;0;305;1;0.0;289.44778663732933;0;0;2
1190;0;4;61;27.0;457;8;91690.53;0.0;37;6;2;14;275;61;105;4.95;58;2;1295.18;0;306;1;0.0;229.8692499545296;0;0;0
1191;0;1;61;27.0;457;8;91690.53;77958775.0;37;6;2;14;275;61;105;4.95;58;1;1295.18;0;307;1;0.0;653.4233341850993;0;0;0
1192;0;3;454;36.0;479;5;30502.54;0.0;63;7;24;36;131;24;47;18.23;76;3;1672.68;0;78;2;0.0;43.839912122027854;0;0;1
1193;0;2;454;36.0;479;5;30502.54;0.0;63;7;24;36;131;26;43;18.23;76;2;1672.68;0;79;2;0.0;168.02048754699098;0;0;1
1194;0;6;454;37.0;479;5;30502.54;0.0;63;7;24;36;131;23;112;13.23;76;3;1672.68;0;80;2;0.0;216.17963011550145;0;0;1
1195;0;0;454;37.0;479;5;30502.54;0.0;63;7;24;36;131;23;43;18.23;76;3;1672.68;0;81;2;0.0;0.0;0;0;2
1196;0;7;454;37.0;479;5;30502.54;0.0;63;7;24;36;131;23;43;18.23;76;3;1672.68;0;82;2;0.0;106.58244538094496;0;0;1
1197;0;5;454;37.0;479;5;30502.54;0.0;63;7;24;36;131;23;30;18.23;76;3;1672.68;0;73;2;0.0;20.997237025746237;0;0;1
1198;0;4;454;37.0;479;5;30502.54;0.0;63;7;24;36;131;23;43;18.23;76;3;1672.68;0;74;2;0.0;199.5862852916872;0;0;1
1199;0;1;454;37.0;479;5;30502.54;0.0;63;7;24;36;131;23;43;13.23;76;3;1672.68;0;83;2;0.0;215.382797039876;0;0;1
1200;0;3;178;20.0;66;8;30272.61;22587175.0;39;3;15;4;430;29;105;8.83;76;2;180.94;0;85;2;0.0;128.35344939640535;0;0;2
1201;0;2;178;20.0;66;8;30272.61;22587175.0;39;3;15;0;430;29;105;8.83;76;3;180.94;0;86;2;0.0;156.73518857577358;0;0;2
1202;0;6;335;20.0;66;8;30272.61;22587175.0;39;3;15;50;430;29;97;8.83;76;3;180.94;0;95;2;0.0;145.72324238372204;0;0;2
1203;0;0;178;20.0;66;8;30272.61;22587175.0;39;3;15;4;430;29;105;8.83;81;3;180.94;0;96;0;0.0;128.64107761951075;0;0;2
1204;0;7;178;20.0;66;8;30272.61;22587175.0;39;3;15;4;430;29;105;8.83;81;3;180.94;0;99;2;0.0;124.73413589514368;0;0;2
1205;0;5;178;21.0;66;8;30272.61;0.0;39;3;15;4;430;29;105;8.83;81;3;180.94;0;100;2;0.0;162.78971038004275;0;0;2
1206;0;4;178;21.0;66;8;30272.61;22587175.0;39;3;15;4;430;29;105;8.83;81;2;180.94;0;101;0;0.0;80.76136899318294;0;0;2
1207;0;1;178;21.0;66;8;30272.61;22587175.0;39;3;15;50;430;29;105;8.83;81;3;180.94;0;102;2;0.0;110.21545884520472;0;0;2
1208;0;3;521;31.0;463;0;59971.42;0.0;63;5;6;16;193;8;43;0.52;0;2;203.03;0;159;1;0.0;217.69306331999687;0;0;2
1209;0;2;521;31.0;463;0;59971.42;0.0;63;5;6;16;193;8;43;0.52;0;3;203.03;0;160;1;0.0;398.1844950780817;0;0;2
1210;0;6;521;31.0;463;8;59971.42;0.0;63;5;6;16;193;8;43;0.0;0;3;203.03;0;161;0;0.0;108.96024771140164;0;0;2
1211;0;0;521;31.0;625;0;59971.42;0.0;63;5;6;16;193;8;32;0.52;0;3;203.03;0;162;1;0.0;81.93143455401052;0;0;2
1212;0;7;521;31.0;625;0;59971.42;0.0;63;5;6;16;193;9;45;0.52;58;3;203.03;0;163;1;0.0;171.7678290171303;0;0;2
1213;0;5;521;31.0;463;0;59971.42;0.0;63;5;6;16;193;8;43;0.52;58;3;203.03;0;164;1;0.0;63.43139146797594;0;0;2
1214;0;4;521;31.0;463;0;59971.42;0.0;63;5;6;16;193;8;43;-5.48;85;3;203.03;0;165;1;0.0;123.09794792721196;0;0;2
1215;0;1;521;31.0;463;0;59971.42;0.0;63;5;2398;16;193;8;43;-4.48;58;3;203.03;0;166;1;0.0;66.87314027472985;0;0;2
1216;0;3;139;32.0;513;0;42220.39;0.0;1;4;1;0;151;71;110;7.48;1;1;257.81;0;185;0;0.0;93.31106008777203;0;0;2
1217;0;2;139;32.0;513;0;42220.39;0.0;1;4;1;22;151;8;110;7.48;1;1;257.81;0;186;1;0.0;219.43596640064183;0;0;2
1218;0;6;139;32.0;513;0;42220.39;0.0;1;4;1;22;151;61;110;2.4800000000000004;1;1;257.81;0;187;1;0.0;331.30879250021826;0;0;2
1219;0;0;139;32.0;513;0;42220.39;0.0;1;4;1;22;151;71;110;7.48;1;1;257.81;0;188;1;0.0;166.28785494454158;0;0;2
1220;0;7;139;7657.0;513;0;42220.39;0.0;1;4;1;22;151;71;110;7.48;1;1;257.81;0;189;0;0.0;138.82286796566777;0;0;2
1221;0;5;139;32.0;513;0;42220.39;0.0;1;4;1;22;151;50;110;7.48;1;1;257.81;0;190;0;0.0;181.28261347470573;0;0;2
1222;0;4;139;32.0;513;8;42220.39;0.0;1;4;1;22;151;71;105;7.48;1;1;257.81;0;181;1;0.0;244.3060778111576;0;0;2
1223;0;1;139;33.0;513;0;42220.39;0.0;1;4;1;22;151;71;12;0.0;1;2;257.81;0;182;1;0.0;140.45231159397528;0;0;2
1224;0;3;77;51.0;612;1;43581.13;0.0;41;3;4595;16;65;11;41;8.56;42;1;900.83;0;192;1;0.0;120.20387898227423;0;0;0
1225;0;2;77;51.0;612;1;43581.13;0.0;41;3;9;16;65;11;112;8.56;42;1;900.83;0;195;1;0.0;451.54035739972863;0;0;0
1226;0;6;77;51.0;612;1;43581.13;0.0;41;3;9;16;65;8;73;8.56;42;1;900.83;0;196;1;0.0;39.5345799332659;0;0;0
1227;0;0;77;51.0;612;1;43581.13;0.0;41;3;9;16;65;11;73;8.56;42;2;900.83;0;197;1;0.0;57.05960795611526;0;0;0
1228;0;7;335;51.0;612;1;43581.13;0.0;41;3;9;16;65;11;41;3.5600000000000005;42;1;900.83;0;198;1;0.0;79.46497696403914;0;0;0
1229;0;5;335;51.0;612;8;43581.13;0.0;41;3;9;16;65;15;73;8.56;42;1;900.83;0;199;1;0.0;182.61815773334416;0;0;0
1230;0;4;77;51.0;612;1;43581.13;0.0;41;3;9;16;65;11;73;8.56;42;1;900.83;0;404;1;0.0;100.15565798912536;0;0;0
1231;0;1;77;51.0;612;1;43581.13;0.0;41;3;9;16;65;15;73;8.56;42;1;900.83;0;404;1;0.0;136.72036070878443;0;0;2
1232;0;3;499;49.0;625;8;28681.38;0.0;39;5;2;2;277;17;93;2.82;58;1;467.64;0;122;1;0.0;189.6885180441536;0;0;0
1233;0;2;499;50.0;273;8;28681.38;0.0;39;5;2;2;277;17;93;2.82;58;2;467.64;0;131;1;0.0;57.8473247059548;0;0;0
1234;0;6;499;50.0;273;8;28681.38;0.0;39;5;2;2;277;0;112;2.82;58;1;467.64;0;132;1;0.0;183.9762248637423;0;0;0
1235;0;0;499;50.0;273;8;28681.38;0.0;39;5;2;2;277;39;99;2.82;58;2;467.64;0;135;1;0.0;0.0;0;0;2
1236;0;7;335;50.0;273;8;28681.38;0.0;39;5;2;2;277;6;93;7.82;58;2;467.64;0;136;1;0.0;177.08870866320967;0;0;0
1237;0;5;499;50.0;273;8;28681.38;2127115.0;39;5;2;2;277;17;112;2.82;58;1;467.64;0;404;1;0.0;42.14609887839264;0;0;0
1238;0;4;499;5112.0;625;8;28681.38;2127115.0;14;5;2;2;277;17;93;2.82;58;2;467.64;0;138;1;0.0;161.8166084076109;0;0;0
1239;0;1;499;0.0;273;8;28681.38;2127115.0;39;5;2;2;277;17;93;4.82;58;1;467.64;0;139;1;0.0;0.0;0;0;0
1240;0;3;120;33.0;580;3;35376.32;0.0;63;3;19;16;578;9;30;15.14;72;3;1166.47;0;123;2;0.0;57.835489532555066;0;0;2
1241;0;2;120;33.0;580;3;35376.32;0.0;63;3;19;16;578;9;30;21.14;72;3;1166.47;0;124;2;0.0;61.49090919929335;0;0;2
1242;0;6;120;33.0;580;3;0.0;0.0;63;3;19;16;578;9;32;15.14;72;3;1166.47;0;125;2;0.0;317.50635634855115;0;0;2
1243;0;0;335;33.0;580;3;35376.32;0.0;63;3;19;16;578;9;26;19.14;72;3;0.0;0;126;0;0.0;0.0;0;0;2
1244;0;7;120;33.0;580;3;35376.32;0.0;63;3;19;16;578;9;26;15.14;72;3;1166.47;0;127;2;0.0;126.15431472551016;0;0;2
1245;0;5;120;34.0;580;3;35376.32;0.0;52;3;19;16;578;70;26;15.14;72;3;1166.47;0;128;0;0.0;59.79900183721489;0;0;2
1246;0;4;120;34.0;580;3;35376.32;0.0;63;3;19;16;578;9;32;15.14;15;3;1166.47;0;129;2;0.0;87.9821740640868;0;0;2
1247;0;1;120;34.0;580;3;35376.32;0.0;63;3;19;0;578;9;26;15.14;72;3;1166.47;0;130;0;0.0;0.0;0;0;2
1248;0;3;380;48.0;214;3;15488.885;0.0;0;4;4;2;277;71;73;1.38;58;1;1287.59;0;219;1;0.0;0.0;0;0;2
1249;0;2;380;48.0;214;3;15488.885;0.0;0;4;4;2;277;39;8;1.38;58;1;1287.59;0;220;0;0.0;29.447195785440268;0;0;0
1250;0;6;380;48.0;214;3;15488.885;0.0;0;4;4;2;277;61;6;1.38;58;2;1287.59;0;221;1;0.0;155.22324452242478;0;0;0
1251;0;0;380;48.0;214;3;15488.885;0.0;0;4;4;2;277;28;41;1.38;58;1;1287.59;0;222;1;0.0;73.24941749473838;0;0;2
1252;0;7;380;49.0;214;3;15488.885;0.0;0;4;4;2;277;61;6;1.38;58;2;1287.59;0;223;1;0.0;144.92263802154142;0;0;2
1253;0;5;380;49.0;214;3;15560525.0;0.0;0;4;4;2;277;6;4;1.38;58;1;1287.59;0;224;0;0.0;97.70545172465349;0;0;2
1254;0;4;380;49.0;214;3;15488.885;0.0;0;4;4;2;277;61;6;1.38;58;1;1287.59;0;225;1;0.0;108.38418890354636;0;0;0
1255;0;1;380;-500.0;214;3;15488.885;0.0;0;4;4;2;277;7;112;1.38;81;1;1287.59;0;226;1;0.0;155.91866746968122;0;0;0
1256;0;3;95;26.0;212;5;19853.35;0.0;58;4;6;14;200;19;30;11.63;1;3;816.46;0;121;1;0.0;0.0;0;0;2
1257;0;2;95;26.0;212;5;19853.35;0.0;58;4;6;50;200;19;30;11.63;1;3;816.46;0;122;1;0.0;22.030263470475568;0;0;2
1258;0;6;95;26.0;212;5;19853.35;0.0;58;4;6;14;200;19;32;11.63;1;3;816.46;0;404;1;0.0;62.06471233465186;0;0;2
1259;0;0;95;26.0;212;5;19853.35;0.0;58;1201;6;14;200;19;43;11.63;42;3;816.46;0;132;1;0.0;123.7961781192918;0;0;2
1260;0;7;95;26.0;212;5;19853.35;0.0;58;4;6;14;200;20;30;11.63;42;2;816.46;0;135;0;0.0;84.41866077025755;0;0;2
1261;0;5;95;26.0;212;5;19853.35;0.0;58;4;6;14;200;19;30;11.63;85;3;816.46;0;136;1;0.0;104.26535781638594;0;0;2
1262;0;4;95;26.0;212;5;19853.35;0.0;58;4;6;14;200;19;30;11.63;42;2;816.46;0;137;1;0.0;64.88849631129409;0;0;2
1263;0;1;95;26.0;625;5;19853.35;0.0;58;4;6;14;200;23;30;11.63;42;3;816.46;0;404;1;0.0;68.85193779899774;0;0;2
1264;0;3;335;0.0;183;14;115643.01;99109175.0;39;7;2;50;424;15;8;6.89;1;2;951.36;0;110;1;0.0;414.0255925351669;0;0;1
1265;0;2;330;32.0;183;14;115643.01;99109175.0;39;7;2;16;424;10;89;6.89;1;1;951.36;0;119;1;0.0;670.2124916931373;0;0;2
1266;0;6;330;32.0;183;14;115643.01;99109175.0;39;7;2;16;424;15;8;8.89;1;2;951.36;0;120;1;0.0;102.03197848026636;0;0;1
1267;0;0;330;33.0;183;14;115643.01;99109175.0;39;7;2;16;424;15;6;6.89;1;1;951.36;0;123;1;0.0;868.421595441833;0;0;1
1268;0;7;330;33.0;183;14;115643.01;99109175.0;39;7;2;16;424;15;8;6.89;1;2;951.36;0;124;1;0.0;133.55567408288653;0;0;2
1269;0;5;330;33.0;183;14;115643.01;0.0;39;7;2;50;424;15;73;0.0;1;1;951.36;0;125;0;0.0;644.4721303117957;0;0;1
1270;0;4;330;33.0;183;14;115643.01;99109175.0;39;7;2;16;424;15;8;6.89;1;1;951.36;0;126;1;0.0;116.46391308182652;0;0;1
1271;0;1;330;33.0;183;14;115643.01;99109175.0;39;7;2;16;424;15;8;13.89;1;1;951.36;0;127;1;0.0;731.125162760684;0;0;1
1272;0;3;151;44.0;356;6;7512.225;0.0;58;7;14;29;576;61;37;11.87;72;3;540.07;0;381;2;0.0;32.37729897620768;0;0;2
1273;0;2;151;44.0;356;6;7512.225;0.0;58;7;14;29;576;61;30;10.87;81;3;540.07;0;384;2;0.0;63.02139643618153;0;0;2
1274;0;6;151;44.0;356;6;7512.225;0.0;58;7;14;29;576;61;30;11.87;81;3;540.07;0;385;0;0.0;53.16535684489391;0;0;2
1275;0;0;151;6452.0;356;6;7512.225;0.0;58;7;14;29;576;61;28;11.87;81;3;540.07;0;386;2;560740.0;42.597954972442594;0;0;2
1276;0;7;151;44.0;356;6;7512.225;0.0;58;7;14;29;576;61;43;11.87;81;3;540.07;0;387;2;0.0;10.13191094078467;0;0;2
1277;0;5;151;44.0;356;6;7512.225;0.0;58;7;2800;29;576;61;30;11.87;81;3;540.07;0;404;2;0.0;25.80361934199099;0;0;2
1278;0;4;151;44.0;356;6;7512.225;0.0;58;7;14;29;576;17;26;11.87;81;3;540.07;0;389;2;0.0;35.66272971591653;0;0;2
1279;0;1;151;44.0;356;6;7512.225;0.0;58;7;14;29;576;61;30;11.87;81;2;540.07;0;390;2;0.0;27.98080462652288;0;0;2
1280;0;3;114;15.0;43;10;35161.46;0.0;2;8;32;32;645;63;56;2.49;14;0;4445.32;0;371;2;0.0;123.58542603450276;0;0;1
1281;0;2;114;15.0;43;10;35161.46;0.0;2;8;32;32;645;59;43;2.49;14;0;4445.32;0;380;2;0.0;82.98997859474899;0;0;2
1282;0;6;114;16.0;43;10;35161.46;0.0;2;8;32;32;645;63;54;2.49;14;0;4445.32;0;381;2;0.0;204.83292972681824;0;0;2
1283;0;0;114;0.0;43;10;35161.46;0.0;2;8;32;32;645;63;47;2.49;26;0;4445.32;0;384;2;0.0;78.34093426180173;0;0;1
1284;0;7;335;16.0;43;10;35161.46;0.0;2;8;32;32;645;57;37;2.49;26;2;4445.32;0;385;2;0.0;37.42498443190748;0;0;1
1285;0;5;114;16.0;43;8;35161.46;0.0;2;8;32;32;645;67;56;0.0;26;0;4445.32;0;386;2;0.0;19.01948975717301;0;0;1
1286;0;4;114;16.0;43;10;35161.46;0.0;2;8;32;32;645;67;47;2.49;26;0;4445.32;0;404;2;0.0;362.09472167497313;0;0;1
1287;0;1;114;0.0;43;10;35161.46;0.0;2;8;32;32;645;63;47;2.49;26;0;4445.32;0;388;2;0.0;367.55193726387336;0;0;1
1288;0;3;6;33.0;133;14;9133.045;0.0;50;7;34;32;260;57;28;10.26;7;0;3035.88;0;383;2;0.0;26.308159840519448;0;0;2
1289;0;2;6;0.0;133;14;9133.045;0.0;50;7;34;32;260;62;28;11.26;7;0;3035.88;0;392;2;0.0;60.066507591479336;0;0;2
1290;0;6;6;34.0;133;14;9133.045;0.0;50;7;34;32;260;65;28;15.26;7;0;3035.88;0;393;2;0.0;42.17712509602918;0;0;2
1291;0;0;6;0.0;133;14;9133.045;0.0;50;7;34;32;260;63;28;15.26;7;0;3035.88;0;396;2;0.0;46.48832382527743;0;0;0
1292;0;7;6;34.0;133;14;9133.045;0.0;50;7;34;32;260;63;37;15.26;7;0;3035.88;0;397;2;0.0;35.771462978969986;0;0;0
1293;0;5;6;2744.0;133;14;9133.045;0.0;50;7;34;32;260;63;23;13.26;7;0;3035.88;0;398;2;777670.0;48.45451194279436;0;0;0
1294;0;4;6;34.0;133;14;9133.045;0.0;50;7;34;32;260;63;28;16.259999999999998;7;0;3035.88;0;399;0;0.0;75.6261401271317;0;0;0
1295;0;1;335;34.0;133;14;9133.045;0.0;50;7;34;32;260;63;28;15.26;7;0;3035.88;0;400;2;0.0;31.012636052888016;0;0;0
1296;0;3;208;0.0;582;5;0.0;0.0;2;8;34;44;256;37;26;26.43;14;0;4404.48;0;354;2;0.0;87.58752722041406;0;0;2
1297;0;2;208;22.0;582;5;19283.47;0.0;2;8;34;44;256;37;28;26.43;14;0;4404.48;0;355;2;0.0;43.34465041527278;0;0;2
1298;0;6;208;22.0;625;5;19283.47;0.0;2;8;34;44;256;37;26;26.43;14;0;4404.48;0;346;2;580380.0;0.0;0;0;2
1299;0;0;208;22.0;582;5;19283.47;0.0;69;8;34;44;256;37;26;26.43;37;0;4404.48;0;347;2;0.0;118.97626294945394;0;0;2
1300;0;7;208;22.0;582;5;19283.47;0.0;2;8;34;44;256;37;112;33.43;14;0;4404.48;0;356;2;0.0;45.36876136869966;0;0;2
1301;0;5;208;22.0;582;5;19283.47;0.0;2;8;34;44;256;37;26;26.43;14;2;4404.48;0;357;2;0.0;25.493821949901925;0;0;2
1302;0;4;208;0.0;582;5;19283.47;0.0;2;8;34;44;256;42;30;26.43;14;2;4404.48;0;360;2;0.0;173.70498634337588;0;0;2
1303;0;1;208;23.0;582;5;19283.47;0.0;2;8;34;44;256;37;95;27.43;14;0;4404.48;0;361;2;0.0;103.50794566542456;0;0;2
1304;0;3;8;23.0;551;12;66502.76;0.0;0;6;1;14;362;27;99;7.06;42;1;276.91;0;129;1;0.0;82.10389005187113;0;0;1
1305;0;2;8;23.0;551;12;66502.76;0.0;0;6;1;14;362;30;10;7.06;42;1;276.91;0;130;1;0.0;131.09990907261002;0;0;1
1306;0;6;8;23.0;551;12;66502.76;0.0;0;6;1;14;362;27;10;7.06;42;1;276.91;0;121;1;0.0;70.98632215787447;0;0;1
1307;0;0;8;23.0;551;12;66502.76;0.0;0;6;1;14;362;27;105;13.06;42;1;276.91;0;122;1;0.0;97.47015738705883;0;0;1
1308;0;7;8;23.0;551;12;66502.76;0.0;0;6;1;14;362;27;10;7.06;42;2;276.91;0;131;1;0.0;374.6675449730194;0;0;2
1309;0;5;8;24.0;551;12;0.0;0.0;0;6;1;0;362;27;10;7.06;40;1;276.91;0;132;0;0.0;211.13759884080127;0;0;1
1310;0;4;8;24.0;551;12;66502.76;0.0;0;6;1;14;362;27;12;7.06;42;1;276.91;0;135;1;0.0;136.5930026243069;0;0;1
1311;0;1;8;24.0;551;12;66502.76;0.0;0;6;1;14;362;27;10;7.06;42;1;276.91;0;136;1;0.0;149.12928306433614;0;0;1
1312;0;3;335;33.0;465;8;0.0;85006625.0;58;8;28;32;334;19;12;17.57;72;3;1701.58;0;350;2;0.0;92.59222788607364;0;0;2
1313;0;2;602;33.0;465;8;9444.795;85006625.0;58;8;28;32;334;24;110;17.57;72;3;1701.58;0;351;2;0.0;28.496457065596623;0;0;2
1314;0;6;602;33.0;465;8;9444.795;85006625.0;58;8;28;32;334;24;12;12.57;72;2;1701.58;0;352;2;0.0;0.0;0;0;1
1315;0;0;602;33.0;465;8;9444.795;85006625.0;58;8;28;32;334;30;12;17.57;72;3;1701.58;0;353;2;0.0;71.40615722515882;0;0;1
1316;0;7;335;34.0;465;8;9444.795;85006625.0;58;8;28;32;334;24;12;0.0;72;3;1701.58;0;354;2;0.0;83.43984726339356;0;0;1
1317;0;5;602;34.0;465;8;9444.795;85006625.0;58;8;28;32;334;23;16;17.57;72;3;1701.58;0;355;2;0.0;20.14142611542834;0;0;1
1318;0;4;602;34.0;465;8;9444.795;85006625.0;58;8;28;32;334;24;12;17.57;72;3;1701.58;0;346;2;0.0;62.57191840197893;0;0;1
1319;0;1;602;34.0;465;8;9444.795;0.0;58;8;28;32;334;24;12;17.57;72;3;1701.58;0;347;2;0.0;60.23201764784449;0;0;1
1320;0;3;335;-500.0;537;3;70112.78;0.0;1;7;3;14;363;50;73;1.75;42;1;877.06;0;205;1;0.0;433.1852677507434;0;0;1
1321;0;2;335;46.0;537;3;70112.78;0.0;1;7;3;14;363;50;73;1.75;42;1;877.06;0;206;1;0.0;469.3210995715773;0;0;2
1322;0;6;16;46.0;537;3;0.0;0.0;1;7;3;14;363;50;73;4.75;42;1;877.06;0;215;0;0.0;545.8562338550754;0;0;1
1323;0;0;16;46.0;537;3;70112.78;0.0;31;7;3;14;363;50;73;2.75;42;1;877.06;0;404;1;0.0;541.2524163829689;0;0;1
1324;0;7;16;46.0;537;3;70112.78;0.0;1;7;3;14;363;28;89;0.0;64;1;877.06;0;219;1;0.0;94.8733190776704;0;0;1
1325;0;5;16;46.0;537;3;70112.78;0.0;1;7;3;14;363;69;73;1.75;64;1;877.06;0;220;0;0.0;0.0;0;0;1
1326;0;4;16;46.0;537;3;70112.78;0.0;1;7;3;14;363;50;8;1.75;64;1;877.06;0;221;1;0.0;122.54415889427568;0;0;1
1327;0;1;16;47.0;537;3;70112.78;0.0;1;7;3;14;363;50;73;1.75;64;1;877.06;0;222;1;0.0;185.1508386069859;0;0;1
1328;0;3;11;17.0;60;5;15604.56;138938.0;70;5;25;16;191;25;54;9.08;2;2;2686.18;0;404;2;0.0;93.21312485406764;0;0;1
1329;0;2;11;17.0;60;8;15604.56;138938.0;70;5;25;16;191;25;54;8.08;2;0;2686.18;0;138;2;0.0;65.87879179651594;0;0;1
1330;0;6;11;17.0;60;5;15604.56;138938.0;70;5;25;0;191;25;54;8.08;2;0;2686.18;0;139;2;0.0;56.03908859527067;0;0;1
1331;0;0;11;17.0;60;5;15604.56;0.0;70;5;25;16;191;25;54;8.08;50;2;2686.18;0;140;2;0.0;169.06079786574497;0;0;1
1332;0;7;11;17.0;625;8;15604.56;138938.0;70;169;25;16;191;30;56;8.08;20;0;2686.18;0;141;2;0.0;62.342752379138965;0;0;1
1333;0;5;335;17.0;60;5;15604.56;138938.0;70;5;25;16;191;30;54;0.0;20;0;2686.18;0;142;2;0.0;25.986961703160556;0;0;1
1334;0;4;11;17.0;60;5;15604.56;138938.0;70;5;964;0;191;27;54;8.08;85;0;2686.18;0;133;2;0.0;124.89430262115732;0;0;2
1335;0;1;11;0.0;60;5;15604.56;0.0;70;5;25;16;191;25;54;8.08;20;0;2686.18;0;404;2;0.0;92.1139885286824;0;0;2
1336;0;3;408;36.0;276;8;68935.26;5518605.0;1;5;8;16;149;15;112;3.25;58;1;457.81;0;221;1;682650.0;208.5060891369445;0;0;0
1337;0;2;408;36.0;276;9;68935.26;5518605.0;1;5;8;16;149;11;105;3.25;58;1;457.81;0;222;0;0.0;0.0;0;0;0
1338;0;6;408;36.0;276;9;68935.26;5518605.0;1;5;8;16;149;11;110;3.25;58;1;457.81;0;223;1;0.0;739.7896615721454;0;0;0
1339;0;0;408;36.0;276;9;68935.26;5518605.0;1;5;8;16;149;11;93;3.25;58;1;0.0;0;224;1;0.0;215.03828259119695;0;0;0
1340;0;7;408;1439.0;276;9;68935.26;5518605.0;1;5;8;16;149;14;97;3.25;58;1;457.81;0;225;1;0.0;371.83413141849366;0;0;0
1341;0;5;408;37.0;276;9;0.0;5518605.0;1;5;8;50;149;11;73;2.25;58;1;457.81;0;226;1;0.0;162.81648174009976;0;0;0
1342;0;4;335;37.0;276;9;68935.26;0.0;1;5;8;16;149;11;97;3.25;64;1;457.81;0;217;1;0.0;0.0;0;0;0
1343;0;1;408;37.0;276;9;68935.26;5518605.0;1;5;8;16;149;9;110;3.25;64;2;457.81;0;218;1;0.0;37.17466132062248;0;0;0
1344;0;3;335;42.0;305;3;31807.0;0.0;63;3;14;14;668;19;105;14.68;1;3;611.04;0;156;2;0.0;195.28400711845305;0;0;2
1345;0;2;4;42.0;625;3;31807.0;0.0;63;3;14;14;668;14;105;14.68;1;2;611.04;0;404;2;0.0;59.79390724947725;0;0;2
1346;0;6;4;42.0;305;3;31807.0;0.0;63;3;14;14;668;14;105;14.68;85;3;611.04;0;160;2;0.0;0.0;0;0;2
1347;0;0;4;42.0;305;3;31807.0;0.0;63;3;14;14;668;19;112;20.68;1;3;611.04;0;161;2;0.0;32.15559293309028;0;0;0
1348;0;7;4;42.0;305;3;31807.0;0.0;63;3;14;14;668;9;112;14.68;1;3;611.04;0;162;0;0.0;159.35007426670123;0;0;0
1349;0;5;4;42.0;305;3;31807.0;0.0;63;3;14;14;668;14;12;14.68;1;2;611.04;0;163;0;0.0;104.83484549552335;0;0;0
1350;0;4;4;42.0;305;3;31807.0;0.0;63;3;14;14;668;15;105;14.68;1;3;611.04;0;164;2;0.0;202.94853823809945;0;0;0
1351;0;1;4;42.0;305;3;31807.0;0.0;63;3;14;14;668;18;105;14.68;1;2;611.04;0;165;2;0.0;35.276876374604406;0;0;0
1352;0;3;6;36.0;229;11;10025.2;0.0;2;10;21;36;137;21;23;16.88;14;3;1409.58;0;88;2;0.0;141.3578696513393;0;0;1
1353;0;2;6;36.0;229;11;10025.2;0.0;2;10;21;36;137;21;23;16.88;14;3;1409.58;0;89;2;0.0;0.0;0;0;1
1354;0;6;6;36.0;229;8;10025.2;0.0;2;10;21;36;137;21;23;16.88;14;3;1409.58;0;90;2;0.0;83.7941323636854;0;0;1
1355;0;0;6;36.0;229;11;10025.2;0.0;2;1423;21;36;137;25;12;16.88;14;2;1409.58;0;91;0;0.0;65.98234302737374;0;0;1
1356;0;7;6;36.0;625;8;10025.2;0.0;2;10;21;36;137;21;112;16.88;14;3;1409.58;0;92;2;0.0;0.0;0;0;1
1357;0;5;6;36.0;229;11;10025.2;0.0;2;10;21;50;137;21;23;16.88;14;3;1409.58;0;93;2;0.0;0.0;0;0;1
1358;0;4;6;37.0;229;11;0.0;0.0;2;10;21;36;137;21;23;16.88;14;3;1409.58;0;94;2;0.0;42.32952582016716;0;0;1
1359;0;1;6;37.0;229;8;10025.2;0.0;2;10;21;36;137;21;23;16.88;14;3;1409.58;0;85;2;0.0;145.68399446399133;0;0;1
1360;0;3;462;39.0;294;8;0.0;0.0;63;4;15;22;270;27;112;14.7;58;2;1635.19;0;378;2;0.0;475.3623658281472;0;0;2
1361;0;2;462;39.0;294;8;64036.88;0.0;63;4;15;22;270;27;30;14.7;58;3;1635.19;0;379;0;0.0;307.9415911364597;0;0;2
1362;0;6;462;39.0;294;8;64036.88;0.0;63;4;15;22;270;24;26;14.7;58;3;1635.19;0;370;2;0.0;93.1196340949682;0;0;2
1363;0;0;462;39.0;294;8;64036.88;0.0;63;4;15;22;270;27;26;14.7;58;3;1635.19;0;371;2;0.0;297.9761044470015;0;0;2
1364;0;7;462;39.0;294;8;64036.88;0.0;63;4;15;22;270;30;26;14.7;58;3;1635.19;0;380;2;0.0;408.9846947281816;0;0;2
1365;0;5;335;39.0;294;8;64036.88;0.0;63;4;15;22;270;27;26;14.7;58;3;1635.19;0;381;2;0.0;0.0;0;0;2
1366;0;4;462;39.0;294;8;64036.88;0.0;63;4;15;22;270;27;26;14.7;58;3;1635.19;0;384;2;0.0;141.93997260301632;0;0;2
1367;0;1;462;39.0;294;8;64036.88;0.0;63;4;15;22;270;30;26;14.7;81;3;1635.19;0;385;2;0.0;267.1653539717439;0;0;2
1368;0;3;550;29.0;573;13;9783.245;0.0;63;6;29;41;408;45;37;7.75;72;0;1684.06;0;126;2;0.0;94.75302404819568;0;0;1
1369;0;2;550;29.0;573;13;9783.245;0.0;63;6;29;41;408;45;37;7.75;17;0;0.0;0;127;0;0.0;87.8235252834128;0;0;2
1370;0;6;550;29.0;573;13;9783.245;0.0;63;6;29;41;408;48;32;3.75;72;0;1684.06;0;128;2;0.0;34.54547792850877;0;0;1
1371;0;0;550;29.0;573;13;9783.245;0.0;63;6;29;41;408;42;30;7.75;72;2;1684.06;0;129;2;169130.0;80.78357717067436;0;0;1
1372;0;7;550;29.0;573;13;9783.245;0.0;63;6;29;41;408;51;28;6.75;72;0;1684.06;0;130;2;0.0;31.69155149435552;0;0;1
1373;0;5;550;30.0;573;13;9783.245;0.0;63;6;29;41;408;45;30;7.75;72;0;1684.06;0;404;0;0.0;120.50555639751305;0;0;1
1374;0;4;550;30.0;573;13;9783.245;0.0;63;6;29;41;408;45;30;7.75;72;0;1684.06;0;122;2;0.0;84.6467006784026;0;0;1
1375;0;1;550;30.0;573;8;0.0;0.0;63;6;29;41;408;45;112;7.75;72;0;1684.06;0;131;2;0.0;68.58085630056777;0;0;1
1376;0;3;529;22.0;253;0;86522.72;0.0;63;5;13;4;590;14;10;15.51;76;3;455.22;0;249;2;0.0;95.86465456065368;0;0;2
1377;0;2;529;22.0;253;0;86522.72;0.0;63;5;13;4;590;11;110;15.51;76;3;455.22;0;250;2;0.0;139.8368013187196;0;0;2
1378;0;6;529;22.0;253;0;86522.72;0.0;63;5;13;4;590;11;112;15.51;76;2;455.22;0;241;0;0.0;297.1751328764372;0;0;2
1379;0;0;529;22.0;253;0;86522.72;0.0;63;5;13;4;590;11;112;8.51;76;3;455.22;0;242;2;0.0;322.2334029502532;0;0;2
1380;0;7;529;22.0;253;0;86522.72;0.0;63;5;13;4;590;11;10;15.51;76;3;455.22;0;251;0;0.0;182.12694941465256;0;0;2
1381;0;5;529;22.0;625;0;86522.72;0.0;63;5;13;4;590;11;105;9.51;76;3;455.22;0;252;2;0.0;179.70841977458963;0;0;2
1382;0;4;335;22.0;253;0;86522.72;0.0;63;5;13;4;590;13;18;15.51;76;3;455.22;0;255;2;0.0;472.9484215983242;0;0;2
1383;0;1;529;22.0;253;8;86522.72;0.0;63;5;13;4;590;11;105;15.51;20;3;455.22;0;256;2;0.0;577.9699494898528;0;0;2
1384;0;3;322;21.0;44;7;124419.66;10221305.0;39;4;11;22;259;10;110;7.12;0;1;923.85;0;302;1;0.0;338.64743982080387;0;0;2
1385;0;2;322;21.0;44;8;124419.66;10221305.0;39;4;11;22;259;10;105;12.12;0;1;923.85;0;311;1;0.0;153.50734523763285;0;0;0
1386;0;6;322;21.0;44;7;124419.66;10221305.0;39;4;11;22;259;10;105;7.12;0;1;923.85;0;312;1;0.0;489.4492843608788;0;0;2
1387;0;0;322;21.0;44;7;124419.66;10221305.0;39;4;11;22;259;10;105;3.12;0;1;923.85;0;315;1;0.0;460.3270409879148;0;0;0
1388;0;7;322;21.0;44;7;124419.66;10221305.0;39;1297;11;22;259;10;105;7.12;0;2;923.85;0;316;1;0.0;685.6839887429195;0;0;2
1389;0;5;322;21.0;44;7;124419.66;0.0;39;1299;11;22;259;13;105;14.12;0;1;923.85;0;317;1;0.0;384.98613563457087;0;0;2
1390;0;4;322;21.0;44;7;124419.66;10221305.0;39;4;11;34;259;71;10;7.12;17;1;923.85;0;318;1;0.0;288.5644231990985;0;0;2
1391;0;1;322;21.0;44;7;124419.66;10221305.0;39;4;11;22;259;15;105;7.12;0;2;923.85;0;319;1;0.0;133.60381193661848;0;0;2
1392;0;3;573;50.0;489;5;15606.515;0.0;39;4;6;22;581;70;8;9.37;42;2;257.85;0;314;1;347060.0;11.912535825073387;0;0;1
1393;0;2;573;50.0;489;8;15606.515;0.0;39;4;6;22;581;69;8;9.37;42;1;257.85;0;404;1;640460.0;83.466279055254;0;0;1
1394;0;6;335;50.0;489;8;15606.515;0.0;39;4;6;22;581;69;8;9.37;42;2;257.85;0;324;1;0.0;110.87301636069776;0;0;1
1395;0;0;573;50.0;489;5;15606.515;0.0;39;4;6;22;581;69;8;9.37;42;1;257.85;0;325;0;0.0;35.993125721631095;0;0;1
1396;0;7;573;50.0;489;5;15606.515;0.0;39;4;6;22;581;69;112;9.37;42;2;257.85;0;326;0;0.0;42.60892273452949;0;0;2
1397;0;5;573;50.0;489;5;15606.515;0.0;39;4;6;22;581;9;6;9.37;42;2;257.85;0;404;1;0.0;116.26242086189352;0;0;2
1398;0;4;573;50.0;489;5;15606.515;0.0;39;4;6;22;581;69;8;9.37;42;1;257.85;0;328;1;0.0;33.174268418591964;0;0;1
1399;0;1;573;50.0;489;8;15606.515;0.0;39;4;6;22;581;69;73;9.37;42;1;257.85;0;329;0;0.0;49.832777168698165;0;0;1
1400;0;3;355;24.0;416;2;28230.92;0.0;63;6;32;36;567;49;30;22.17;7;0;2989.13;0;358;2;0.0;0.0;0;0;2
1401;0;2;355;24.0;416;2;28230.92;0.0;63;6;32;36;567;49;28;25.17;7;0;2989.13;0;359;2;0.0;278.5433234444494;0;0;2
1402;0;6;355;24.0;416;2;28230.92;0.0;63;6;32;36;567;49;37;25.17;85;0;2989.13;0;404;0;0.0;47.014391071601416;0;0;2
1403;0;0;355;24.0;416;2;28230.92;0.0;63;6;32;36;567;49;28;25.17;7;0;2989.13;0;369;2;0.0;186.019220103192;0;0;2
1404;0;7;355;24.0;416;2;28230.92;0.0;63;6;32;36;567;49;28;26.17;7;0;2989.13;0;372;2;0.0;194.74235759872985;0;0;2
1405;0;5;355;24.0;416;8;28230.92;0.0;63;6;32;36;567;45;112;18.17;25;0;2989.13;0;373;0;0.0;278.1910809593105;0;0;2
1406;0;4;355;24.0;416;2;0.0;0.0;63;6;32;36;567;52;37;25.17;25;2;2989.13;0;374;2;0.0;71.01671964276635;0;0;2
1407;0;1;355;25.0;416;2;28230.92;0.0;63;6;32;36;567;49;28;25.17;25;0;2989.13;0;375;0;0.0;90.90504612959884;0;0;2
1408;0;3;235;28.0;578;2;10623.765;0.0;50;3;18;16;271;69;16;16.39;72;2;181.68;0;404;2;0.0;33.32194172310758;0;0;2
1409;0;2;235;28.0;578;2;0.0;0.0;50;3;18;16;271;69;16;16.39;72;3;181.68;0;93;2;0.0;21.04730907454246;0;0;2
1410;0;6;235;29.0;578;2;10623.765;0.0;50;3;18;50;271;69;16;16.39;72;3;181.68;0;404;2;0.0;35.2797749477872;0;0;2
1411;0;0;235;0.0;578;2;10623.765;0.0;50;3;18;16;271;69;110;16.39;72;3;181.68;0;404;2;0.0;32.34011518379724;0;0;2
1412;0;7;235;29.0;578;2;0.0;0.0;50;3;18;16;271;28;16;21.39;72;3;181.68;0;86;2;0.0;106.14341219792384;0;0;2
1413;0;5;235;5795.0;578;2;10623.765;0.0;50;3;18;16;271;69;18;14.39;72;3;181.68;0;95;2;0.0;45.37842492909017;0;0;2
1414;0;4;335;29.0;578;2;10623.765;0.0;50;3;18;16;271;17;10;16.39;72;2;181.68;0;96;2;0.0;62.24967271547821;0;0;2
1415;0;1;335;29.0;578;2;10623.765;0.0;50;3;18;0;271;71;16;16.39;72;3;181.68;0;99;2;0.0;111.84569421121132;0;0;2
1416;0;3;335;19.0;178;13;11970.955;0.0;63;4;7;14;497;24;105;4.72;1;2;889.62;0;218;1;0.0;44.42759779270026;0;0;2
1417;0;2;123;19.0;178;13;11970.955;0.0;63;4;7;14;497;30;105;11.72;1;3;889.62;0;227;1;0.0;109.94363524039228;0;0;2
1418;0;6;123;19.0;178;13;11970.955;0.0;63;4;7;14;497;24;105;4.72;1;3;889.62;0;228;1;0.0;49.99400701913177;0;0;2
1419;0;0;123;19.0;178;8;11970.955;0.0;63;4;7;14;497;30;105;-1.2800000000000002;1;3;889.62;0;231;1;0.0;65.0565585946686;0;0;2
1420;0;7;335;19.0;178;13;11970.955;0.0;63;4;7;14;497;24;93;4.72;1;2;889.62;0;404;1;0.0;106.84320322345464;0;0;2
1421;0;5;335;19.0;178;13;11970.955;0.0;63;4;7;14;497;24;99;4.72;1;3;889.62;0;233;1;0.0;63.8349835532429;0;0;2
1422;0;4;123;19.0;178;8;11970.955;0.0;63;4;7;14;497;20;105;0.0;1;3;889.62;0;234;1;0.0;95.29863481215271;0;0;2
1423;0;1;123;19.0;178;13;11970.955;0.0;63;183;7;14;497;24;112;4.72;1;3;889.62;0;235;1;0.0;39.11298920131493;0;0;2
1424;0;3;470;40.0;625;9;0.0;0.0;41;4;5;22;494;23;43;5.86;42;2;1358.65;0;195;1;0.0;163.72354242566448;0;0;2
1425;0;2;470;40.0;491;9;112362.76;0.0;41;4;5;22;494;24;112;5.86;42;3;1358.65;0;196;1;0.0;191.54647893901875;0;0;2
1426;0;6;470;40.0;491;9;112362.76;0.0;41;4;5;22;494;23;43;12.86;42;3;1358.65;0;197;1;0.0;255.56969591885743;0;0;2
1427;0;0;470;40.0;491;9;112362.76;0.0;41;4;5;22;494;23;43;5.86;42;2;1358.65;0;198;1;0.0;146.65060057406603;0;0;2
1428;0;7;335;40.0;491;9;0.0;0.0;41;4;5;22;494;29;37;5.86;42;3;1358.65;0;199;1;0.0;256.6155197513724;0;0;1
1429;0;5;470;40.0;491;9;112362.76;0.0;41;4;5;22;494;25;43;5.86;42;3;1358.65;0;200;1;0.0;204.22743938524096;0;0;1
1430;0;4;470;40.0;491;9;112362.76;0.0;41;4;5;22;494;23;30;5.86;42;3;1358.65;0;201;1;0.0;424.6995693345499;0;0;2
1431;0;1;470;41.0;491;9;112362.76;0.0;41;4;5;22;494;23;43;5.86;42;3;1358.65;0;202;1;0.0;119.96178536493608;0;0;2
1432;0;3;186;20.0;418;9;33335.24;0.0;1;6;8;4;590;1;99;4.07;58;1;1226.23;0;171;1;0.0;88.1198722293235;0;0;2
1433;0;2;186;20.0;418;9;33335.24;0.0;1;6;8;4;590;61;99;4.07;58;1;1226.23;0;404;1;0.0;148.97132557475263;0;0;2
1434;0;6;335;20.0;418;9;33335.24;0.0;1;6;8;4;590;6;99;4.07;58;1;1226.23;0;173;1;0.0;22.44818431552221;0;0;2
1435;0;0;186;20.0;418;9;33335.24;0.0;1;6;8;4;590;6;99;-1.93;58;1;1226.23;0;174;1;0.0;53.05852243765282;0;0;2
1436;0;7;186;20.0;418;9;33335.24;0.0;1;6;8;4;590;6;99;8.07;58;1;1226.23;0;175;1;0.0;59.69212880276372;0;0;2
1437;0;5;335;20.0;418;9;33335.24;0.0;1;6;8;4;590;61;99;4.07;58;1;1226.23;0;176;1;0.0;201.2702606007532;0;0;2
1438;0;4;186;20.0;418;9;0.0;0.0;57;6;8;4;590;6;99;4.07;58;2;1226.23;0;177;1;0.0;211.4655182204405;0;0;2
1439;0;1;186;0.0;418;9;33335.24;0.0;1;6;8;4;590;6;99;4.07;58;1;1226.23;0;178;1;0.0;247.47529378766083;0;0;2
1440;0;3;475;32.0;182;8;131577.84;0.0;37;3;3;14;155;16;41;1.53;42;2;816.21;0;172;1;0.0;239.266944529906;0;0;0
1441;0;2;475;32.0;182;9;131577.84;0.0;37;3;3;14;155;11;41;4.53;42;2;816.21;0;404;0;0.0;468.3495251292237;0;0;0
1442;0;6;335;0.0;182;9;131577.84;1120582.0;37;3;3;14;155;11;41;1.53;85;1;816.21;0;174;1;0.0;281.25477248936784;0;0;0
1443;0;0;475;32.0;182;9;131577.84;0.0;37;3;3;14;155;11;41;1.53;42;1;816.21;0;175;1;0.0;585.2536115220454;0;0;0
1444;0;7;475;32.0;182;9;131577.84;0.0;37;3;3;14;155;8;41;1.53;42;1;816.21;0;404;1;0.0;988.9946789667612;0;0;0
1445;0;5;475;32.0;182;9;131577.84;0.0;37;3;3;14;155;11;41;1.53;42;1;816.21;0;177;1;0.0;167.32108152573514;0;0;0
1446;0;4;335;32.0;182;9;131577.84;1120582.0;37;3;3;14;155;11;41;3.53;42;1;816.21;0;178;1;0.0;517.7554934187345;0;0;0
1447;0;1;475;32.0;182;9;131577.84;1120582.0;37;3;3;50;155;15;41;1.53;42;2;816.21;0;169;1;0.0;236.15383719265637;0;0;2
1448;0;3;135;0.0;542;5;32314.44;280587.0;37;5;5;16;647;71;12;9.54;0;1;1339.6;0;177;1;0.0;270.2810238699064;0;0;0
1449;0;2;135;48.0;542;5;32314.44;280587.0;37;5;5;16;647;71;10;11.54;0;1;1339.6;0;178;1;0.0;151.94097991447828;0;0;0
1450;0;6;135;49.0;542;5;32314.44;280587.0;37;5;5;16;647;71;110;9.54;0;1;1339.6;0;404;1;0.0;73.3976461167261;0;0;0
1451;0;0;135;49.0;542;5;32314.44;280587.0;37;5;5;16;647;71;16;9.54;0;1;1339.6;0;170;1;0.0;176.84158531444473;0;0;0
1452;0;7;135;49.0;542;5;32314.44;280587.0;37;5;5;16;647;71;12;9.54;0;1;1339.6;0;179;1;0.0;95.19105821087228;0;0;0
1453;0;5;135;49.0;542;8;32314.44;0.0;37;5;2867;16;647;71;10;5.539999999999999;0;1;1339.6;0;180;1;0.0;189.4042624227481;0;0;0
1454;0;4;135;49.0;542;5;32314.44;0.0;37;5;5;16;647;71;110;9.54;0;1;1339.6;0;183;1;0.0;112.65746800217116;0;0;0
1455;0;1;135;49.0;542;5;32314.44;0.0;37;5;5;16;647;61;12;16.54;42;1;1339.6;0;184;1;0.0;0.0;0;0;0
1456;0;3;103;4872.0;625;9;61235.6;0.0;0;5;7;4;430;10;97;11.42;42;1;71.52;0;314;1;0.0;214.8214092990237;0;0;0
1457;0;2;103;20.0;300;9;61235.6;0.0;0;5;7;4;430;10;112;11.42;42;1;71.52;0;323;1;0.0;0.0;0;0;0
1458;0;6;103;20.0;300;8;61235.6;0.0;0;5;7;4;430;10;73;11.42;42;2;71.52;0;324;0;0.0;120.86911964921808;0;0;0
1459;0;0;103;20.0;300;9;61235.6;0.0;0;5;7;4;430;14;6;11.42;42;1;71.52;0;325;0;0.0;173.3238099112157;0;0;0
1460;0;7;103;20.0;300;9;61235.6;0.0;0;5;7;4;430;10;73;11.42;42;1;71.52;0;326;1;0.0;103.44539868614967;0;0;0
1461;0;5;103;0.0;300;9;61235.6;0.0;0;5;7;4;430;10;73;11.42;42;1;71.52;0;327;1;0.0;563.1979100000149;0;0;0
1462;0;4;335;20.0;300;9;61235.6;0.0;0;5;7;4;430;10;112;11.42;42;1;71.52;0;328;1;0.0;68.86899416675928;0;0;0
1463;0;1;103;20.0;300;9;61235.6;0.0;0;5;7;0;430;7;73;11.42;42;2;71.52;0;329;1;0.0;235.2329049546585;0;0;2
1464;0;3;54;39.0;625;6;4282515.0;0.0;45;7;20;2;277;14;112;19.34;58;2;265.86;0;124;2;0.0;91.65269595349172;0;0;2
1465;0;2;54;40.0;156;6;19078.93;0.0;45;7;20;2;277;16;112;19.34;58;2;265.86;0;125;2;0.0;57.8410319101613;0;0;2
1466;0;6;54;-500.0;156;6;19078.93;0.0;45;7;20;2;277;16;26;19.34;58;3;265.86;0;126;2;0.0;68.52655644023419;0;0;2
1467;0;0;54;40.0;156;6;19078.93;0.0;45;7;20;50;277;16;32;19.34;58;2;265.86;0;127;2;0.0;140.50617634658187;0;0;2
1468;0;7;54;40.0;156;6;19078.93;0.0;45;7;20;2;277;19;23;19.34;58;3;265.86;0;128;2;0.0;78.81926894785965;0;0;2
1469;0;5;54;40.0;625;6;19078.93;0.0;67;7;20;2;277;16;26;19.34;76;3;265.86;0;129;2;0.0;55.62420930140837;0;0;2
1470;0;4;54;1772.0;156;6;19078.93;0.0;45;7;20;2;277;16;26;14.34;76;3;265.86;0;130;2;0.0;0.0;0;0;2
1471;0;1;54;40.0;156;6;19078.93;0.0;45;7;2660;2;277;16;18;13.34;76;3;265.86;0;121;2;0.0;0.0;0;0;2
1472;0;3;418;34.0;286;10;0.0;0.0;50;9;27;50;416;24;43;21.02;2;0;4525.08;0;29;2;0.0;337.6182379409783;0;0;1
1473;0;2;418;34.0;286;10;83703.52;0.0;50;9;27;41;416;25;43;28.02;2;2;4525.08;0;404;2;0.0;0.0;0;0;1
1474;0;6;418;34.0;286;10;83703.52;0.0;50;9;27;41;416;24;49;28.02;51;0;4525.08;0;404;2;0.0;533.9793107096575;0;0;1
1475;0;0;335;34.0;286;10;83703.52;0.0;50;9;27;41;416;23;32;28.02;2;0;4525.08;0;32;2;0.0;89.17149835201793;0;0;2
1476;0;7;335;34.0;286;10;83703.52;0.0;50;9;27;41;416;24;43;28.02;2;0;4525.08;0;33;2;0.0;122.23681298006056;0;0;1
1477;0;5;418;34.0;286;10;83703.52;0.0;50;9;27;41;416;30;43;28.02;2;0;4525.08;0;34;2;0.0;386.6270806799344;0;0;1
1478;0;4;418;34.0;286;10;0.0;0.0;50;9;27;41;416;24;30;34.02;2;0;4525.08;0;25;2;0.0;258.6665486099028;0;0;2
1479;0;1;418;34.0;286;10;83703.52;0.0;50;9;27;41;416;24;112;28.02;2;0;4525.08;0;26;2;0.0;443.08066547403166;0;0;1
1480;0;3;445;45.0;226;11;99127.04;0.0;63;3;10;22;484;14;28;13.88;42;2;1126.35;0;228;2;0.0;0.0;0;0;2
1481;0;2;445;45.0;226;11;99127.04;0.0;63;3;10;22;484;14;37;13.88;85;2;1126.35;0;231;2;411790.0;194.2974589848465;0;0;2
1482;0;6;445;45.0;226;11;99127.04;0.0;63;3;10;22;484;12;37;13.88;72;3;1126.35;0;232;2;0.0;65.07212528458227;0;0;2
1483;0;0;445;45.0;226;11;99127.04;0.0;63;3;10;22;484;14;37;7.880000000000001;72;2;1126.35;0;233;2;0.0;139.09985106409744;0;0;2
1484;0;7;445;45.0;226;11;99127.04;0.0;63;3;10;22;484;14;112;13.88;72;3;1126.35;0;234;2;0.0;148.20890080860502;0;0;2
1485;0;5;445;45.0;226;11;99127.04;0.0;63;3;10;22;484;14;37;13.88;72;3;1126.35;0;235;2;0.0;353.12326554755884;0;0;2
1486;0;4;445;46.0;226;11;99127.04;0.0;63;3;10;22;484;20;37;13.88;72;3;0.0;0;236;2;0.0;246.6601884341719;0;0;2
1487;0;1;445;46.0;226;11;99127.04;0.0;63;3;10;22;484;14;37;13.88;72;3;1126.35;0;237;2;0.0;103.59412642870583;0;0;2
1488;0;3;578;15.0;316;14;10405.01;0.0;50;7;30;29;195;55;112;12.66;85;3;2086.22;0;404;2;0.0;47.82292503783197;0;0;1
1489;0;2;578;15.0;316;14;10405.01;0.0;50;7;30;29;195;55;26;12.66;81;3;2086.22;0;82;2;0.0;45.769449047484;0;0;1
1490;0;6;578;15.0;316;14;10405.01;0.0;50;7;30;29;195;52;112;12.66;81;3;2086.22;0;73;2;0.0;59.14913717473914;0;0;1
1491;0;0;578;15.0;316;14;10405.01;0.0;50;7;30;29;195;55;26;12.66;81;3;2086.22;0;74;2;0.0;27.704734987336344;0;0;1
1492;0;7;578;15.0;316;14;10405.01;0.0;50;7;30;29;195;55;26;13.66;81;3;2086.22;0;83;2;0.0;25.45425231570541;0;0;1
1493;0;5;578;15.0;316;14;10405.01;0.0;50;7;30;29;195;55;26;12.66;81;3;2086.22;0;84;2;0.0;78.66253232888491;0;0;1
1494;0;4;578;15.0;316;14;10405.01;0.0;50;7;30;29;195;57;26;0.0;81;3;2086.22;0;87;2;0.0;10.9220390794574;0;0;2
1495;0;1;578;0.0;316;14;10405.01;0.0;50;7;30;29;195;57;26;12.66;20;3;2086.22;0;88;2;0.0;80.02928607607187;0;0;2
1496;0;3;73;42.0;194;7;135895.96;0.0;63;4;6;2;277;9;30;7.45;1;1;429.77;0;125;1;0.0;239.74679717298105;0;0;0
1497;0;2;335;42.0;194;7;135895.96;0.0;63;4;6;2;277;9;30;7.45;1;1;429.77;0;126;0;0.0;226.887045825107;0;0;0
1498;0;6;73;42.0;194;7;135895.96;0.0;63;4;6;2;277;9;30;7.45;1;1;429.77;0;127;1;0.0;204.3743465725109;0;0;0
1499;0;0;73;43.0;194;7;135895.96;0.0;63;4;6;2;277;11;30;2.45;1;2;429.77;0;128;1;0.0;166.14809854595185;0;0;2
1500;0;7;73;43.0;194;7;0.0;0.0;63;4;707;2;277;9;30;7.45;1;1;429.77;0;129;1;0.0;771.7409073784828;0;0;0
1501;0;5;73;43.0;194;7;135895.96;0.0;63;4;6;2;277;9;30;0.0;1;1;429.77;0;130;0;0.0;349.8131963463263;0;0;0
1502;0;4;73;43.0;194;7;135895.96;0.0;63;4;6;2;277;9;37;7.45;55;2;429.77;0;121;1;0.0;329.20261930752525;0;0;0
1503;0;1;335;43.0;194;7;135895.96;0.0;63;4;6;2;277;9;30;12.45;55;1;429.77;0;122;1;0.0;150.45956773288816;0;0;0
1504;0;3;488;21.0;35;3;29608.46;0.0;58;8;31;36;561;42;26;9.06;2;0;1286.07;0;73;2;0.0;43.06699278112896;0;0;2
1505;0;2;488;21.0;35;3;29608.46;0.0;58;8;31;36;561;45;28;9.06;2;0;1286.07;0;74;2;612970.0;79.92624481841061;0;0;1
1506;0;6;488;21.0;625;3;0.0;0.0;58;8;31;36;561;42;28;9.06;2;0;1286.07;0;83;2;0.0;157.89094640287536;0;0;1
1507;0;0;488;0.0;35;3;29608.46;0.0;58;8;31;36;561;44;28;9.06;2;0;1286.07;0;84;2;0.0;161.17205780388818;0;0;1
1508;0;7;488;22.0;625;3;29608.46;0.0;58;8;31;36;561;41;28;8.06;2;0;1286.07;0;87;2;0.0;170.0207938418117;0;0;1
1509;0;5;488;22.0;35;3;29608.46;0.0;58;8;31;36;561;38;26;9.06;2;0;1286.07;0;88;2;0.0;123.88724858514306;0;0;1
1510;0;4;488;22.0;35;8;0.0;0.0;58;8;31;36;561;42;28;9.06;2;2;1286.07;0;89;2;0.0;105.1582924728845;0;0;2
1511;0;1;488;22.0;35;8;29608.46;0.0;58;8;31;50;561;42;28;9.06;2;0;1286.07;0;90;2;0.0;23.7184339694421;0;0;1
1512;0;3;544;29.0;106;5;29999.94;2767995.0;2;9;15;29;61;42;43;7.67;2;0;2593.23;0;404;2;0.0;259.54700192040605;0;0;2
1513;0;2;335;30.0;106;5;29999.94;2767995.0;72;9;15;29;61;40;47;0.0;2;0;2593.23;0;99;2;0.0;154.33090476858834;0;0;1
1514;0;6;544;30.0;106;5;29999.94;2767995.0;2;9;15;29;61;42;47;7.67;2;0;2593.23;0;100;2;0.0;171.32690172343212;0;0;1
1515;0;0;544;30.0;106;5;29999.94;2767995.0;2;9;15;29;61;42;43;7.67;2;0;2593.23;0;101;2;0.0;47.41092675328375;0;0;1
1516;0;7;544;30.0;106;5;29999.94;2767995.0;2;9;15;29;61;42;47;7.67;2;2;2593.23;0;102;2;0.0;106.67303707133657;0;0;1
1517;0;5;544;30.0;625;5;29999.94;2767995.0;2;9;15;29;61;42;112;0.6699999999999999;20;0;2593.23;0;103;2;0.0;46.3571389306625;0;0;1
1518;0;4;335;30.0;625;5;29999.94;2767995.0;2;9;15;50;61;42;47;7.67;20;2;2593.23;0;404;2;0.0;104.00736494656888;0;0;2
1519;0;1;544;30.0;106;5;29999.94;2767995.0;2;9;15;29;61;42;47;3.67;20;0;2593.23;0;105;2;0.0;185.9308172176029;0;0;1
1520;0;3;434;15.0;309;11;52972.5;4600375.0;58;5;32;16;654;46;56;7.2;7;0;2196.59;0;389;2;0.0;121.46301579304536;0;0;1
1521;0;2;434;15.0;309;11;52972.5;4600375.0;58;5;5389;16;654;46;56;7.2;7;0;2196.59;0;390;2;0.0;305.14814645192564;0;0;1
1522;0;6;434;15.0;309;11;52972.5;4600375.0;58;5;32;16;654;49;56;7.2;7;0;2196.59;0;391;2;0.0;521.4244394551408;0;0;1
1523;0;0;434;15.0;309;11;52972.5;4600375.0;58;5;32;16;654;46;56;7.2;7;0;2196.59;0;382;2;0.0;234.7060569520968;0;0;2
1524;0;7;434;15.0;625;8;52972.5;4600375.0;58;5;32;16;654;46;68;7.2;14;0;2196.59;0;383;2;0.0;169.85951046677874;0;0;2
1525;0;5;434;15.0;309;11;52972.5;4600375.0;58;5;32;16;654;46;112;7.2;14;2;2196.59;0;392;2;0.0;389.2894770931477;0;0;2
1526;0;4;434;15.0;309;11;52972.5;0.0;58;5;32;16;654;46;62;7.2;14;0;2196.59;0;393;2;0.0;113.47673152297578;0;0;2
1527;0;1;434;15.0;309;11;52972.5;0.0;58;5;32;16;654;47;56;7.2;14;2;2196.59;0;396;2;0.0;155.17093201847214;0;0;2
1528;0;3;495;18.0;158;8;113781.38999999998;95497825.0;1;4;1;2;277;11;99;11.34;1;1;1030.2;0;88;1;0.0;397.2418457702664;0;0;1
1529;0;2;495;18.0;158;8;113781.38999999998;95497825.0;1;4;1;2;277;11;110;11.34;49;2;1030.2;0;404;1;0.0;661.6240479398714;0;0;1
1530;0;6;335;18.0;158;8;113781.38999999998;0.0;1;4;1;2;277;16;99;11.34;1;1;1030.2;0;90;1;0.0;0.0;0;0;1
1531;0;0;495;18.0;158;8;113781.38999999998;95497825.0;1;4;1;2;277;11;99;0.0;1;1;1030.2;0;91;1;0.0;0.0;0;0;2
1532;0;7;495;19.0;158;8;113781.38999999998;95497825.0;1;4;1;2;277;71;99;11.34;1;1;1030.2;0;92;1;0.0;758.0831954920012;0;0;1
1533;0;5;495;19.0;158;8;113781.38999999998;95497825.0;1;4;1;2;277;11;99;11.34;1;1;1030.2;0;93;1;0.0;424.0032051421769;0;0;1
1534;0;4;495;19.0;158;8;113781.38999999998;95497825.0;1;4;1;50;277;7;99;11.34;58;1;1030.2;0;94;0;0.0;174.28759775147847;0;0;2
1535;0;1;495;19.0;625;8;113781.38999999998;95497825.0;1;4;1;2;277;11;105;8.34;58;1;1030.2;0;85;1;0.0;617.0792665202719;0;0;2
1536;0;3;29;30.0;600;7;15746.63;0.0;41;3;18;0;54;20;28;12.83;58;3;2098.83;0;41;2;0.0;119.26462192927843;0;0;2
1537;0;2;29;30.0;600;7;15746.63;0.0;41;3;18;29;54;20;18;8.83;58;2;2098.83;0;42;2;0.0;0.0;0;0;1
1538;0;6;29;30.0;600;7;15746.63;0.0;41;3;18;29;54;20;18;10.83;58;3;2098.83;0;43;2;0.0;68.36290141069334;0;0;1
1539;0;0;29;30.0;600;7;15746.63;0.0;41;3;18;29;54;18;18;10.83;58;3;2098.83;0;44;2;0.0;102.62266972858644;0;0;1
1540;0;7;335;30.0;600;7;15746.63;0.0;41;3;18;29;54;14;18;10.83;58;2;2098.83;0;45;2;0.0;68.00992311920578;0;0;2
1541;0;5;29;30.0;600;7;15746.63;0.0;41;3;18;29;54;23;10;10.83;58;3;2098.83;0;46;0;203250.0;35.060706598956145;0;0;1
1542;0;4;29;31.0;600;7;15746.63;0.0;41;3;18;29;54;19;18;10.83;58;3;0.0;0;37;2;0.0;30.75161819282724;0;0;1
1543;0;1;29;31.0;600;7;15746.63;0.0;41;3;18;29;54;20;16;10.83;72;3;2098.83;0;38;2;0.0;129.2907433205334;0;0;1
1544;0;3;560;19.0;402;7;97961.96;0.0;41;6;6;2;277;69;16;6.46;0;1;750.95;0;255;1;0.0;436.9590010285341;0;0;1
1545;0;2;560;0.0;402;7;97961.96;0.0;41;6;525;2;277;69;12;6.46;0;1;750.95;0;256;1;0.0;750.1068909777048;0;0;2
1546;0;6;560;19.0;625;7;16174808.0;0.0;41;6;6;2;277;69;10;6.46;85;1;750.95;0;257;1;0.0;342.7064345272703;0;0;1
1547;0;0;560;19.0;402;8;97961.96;0.0;41;6;6;2;277;69;10;6.46;55;2;750.95;0;258;1;0.0;246.0477422180604;0;0;1
1548;0;7;560;19.0;402;7;97961.96;0.0;41;6;6;2;277;69;10;6.46;55;1;750.95;0;259;1;0.0;313.67053819808984;0;0;1
1549;0;5;560;19.0;402;7;97961.96;0.0;22;6;6;2;277;69;16;6.46;55;1;750.95;0;260;1;0.0;162.22203829735082;0;0;1
1550;0;4;335;0.0;402;7;97961.96;0.0;41;6;6;2;277;69;112;6.46;55;1;750.95;0;261;0;0.0;1099.9412103112309;0;0;2
1551;0;1;560;19.0;402;7;97961.96;0.0;41;6;6;2;277;69;10;6.46;55;2;750.95;0;262;1;0.0;104.65426299556763;0;0;2
1552;0;3;335;47.0;625;1;31895.07;24889225.0;39;6;2;22;586;9;10;3.06;42;1;220.33;0;404;0;0.0;29.857576190018317;0;0;1
1553;0;2;131;47.0;369;1;31895.07;24889225.0;39;6;2;22;586;13;99;3.06;42;1;220.33;0;178;1;0.0;138.47062344937186;0;0;1
1554;0;6;131;47.0;369;1;31895.07;24889225.0;39;6;2;22;586;13;110;3.06;42;1;220.33;0;169;1;0.0;164.56363104438444;0;0;1
1555;0;0;131;48.0;369;1;31895.07;24889225.0;39;6;1228;22;586;13;10;3.06;85;1;220.33;0;170;1;738270.0;132.8401268070435;0;0;1
1556;0;7;131;48.0;369;8;31895.07;0.0;39;6;2;22;586;9;112;3.06;42;1;220.33;0;179;1;0.0;0.0;0;0;1
1557;0;5;131;48.0;369;1;31895.07;24889225.0;39;6;2;22;586;13;105;3.06;42;1;220.33;0;180;1;0.0;97.91526493361629;0;0;1
1558;0;4;131;48.0;369;1;31895.07;24889225.0;39;6;2;0;586;13;105;3.06;85;1;220.33;0;183;1;0.0;0.0;0;0;2
1559;0;1;131;48.0;369;8;0.0;24889225.0;39;6;2;22;586;11;112;-1.94;42;1;220.33;0;184;1;0.0;208.8004956546976;0;0;2
1560;0;3;596;31.0;587;1;30922.28;0.0;1;5;12;14;668;16;8;11.71;42;2;957.53;0;172;1;0.0;0.0;0;0;1
1561;0;2;596;1383.0;587;1;30922.28;0.0;1;5;12;14;668;11;2;11.71;42;1;957.53;0;173;1;0.0;159.52358516796463;0;0;1
1562;0;6;596;31.0;587;1;30922.28;0.0;1;538;12;50;668;16;8;11.71;42;1;957.53;0;174;1;0.0;0.0;0;0;1
1563;0;0;596;31.0;587;1;30922.28;0.0;1;5;12;14;668;16;8;11.71;42;1;957.53;0;175;1;0.0;314.8471138391397;0;0;1
1564;0;7;596;32.0;587;1;30922.28;0.0;1;5;12;50;668;16;8;11.71;42;1;957.53;0;176;1;0.0;332.4277340778412;0;0;1
1565;0;5;596;32.0;587;1;30922.28;0.0;1;5;12;14;668;16;8;11.71;42;1;957.53;0;177;1;0.0;69.56543934776005;0;0;1
1566;0;4;596;32.0;587;1;30922.28;0.0;1;5;12;14;668;20;8;11.71;6;2;957.53;0;178;1;0.0;63.88605644360833;0;0;1
1567;0;1;596;32.0;587;8;30922.28;0.0;1;5;12;14;668;16;8;11.71;42;1;957.53;0;169;1;0.0;80.13463579879028;0;0;1
1568;0;3;359;37.0;122;6;25530.33;21375275.0;39;4;19;2;277;13;18;11.98;85;3;761.18;0;306;2;0.0;201.18481314321025;0;0;2
1569;0;2;359;37.0;122;6;25530.33;21375275.0;39;4;19;2;277;14;18;11.98;76;3;761.18;0;307;2;0.0;178.00103841776107;0;0;2
1570;0;6;359;5657.0;122;6;25530.33;21375275.0;39;4;19;2;277;14;28;11.98;76;3;761.18;0;308;2;0.0;152.61768451634953;0;0;2
1571;0;0;359;-500.0;122;6;25530.33;21375275.0;39;4;19;50;277;14;23;11.98;76;3;761.18;0;309;2;0.0;104.8856373166534;0;0;2
1572;0;7;359;37.0;122;6;25530.33;21375275.0;39;4;19;2;277;10;12;10.98;76;3;761.18;0;310;0;0.0;64.22191842939257;0;0;2
1573;0;5;359;37.0;122;6;0.0;21375275.0;39;4;19;2;277;14;18;11.98;76;3;0.0;0;301;2;0.0;52.01668424018408;0;0;2
1574;0;4;335;37.0;122;6;25530.33;21375275.0;39;4;19;2;277;14;18;11.98;76;3;761.18;0;302;2;0.0;30.66195176120687;0;0;2
1575;0;1;359;37.0;122;6;25530.33;21375275.0;39;4;19;2;277;13;18;11.98;76;3;761.18;0;311;2;0.0;205.7928846820844;0;0;2
1576;0;3;335;51.0;97;3;110786.63999999998;0.0;41;6;5;16;63;9;26;8.68;1;3;226.7;0;209;2;0.0;1203.1056676333058;0;0;2
1577;0;2;219;51.0;97;3;110786.63999999998;929922.0;41;6;5;16;63;12;26;8.68;42;3;226.7;0;210;0;0.0;137.9096353932329;0;0;2
1578;0;6;219;51.0;97;3;110786.63999999998;929922.0;41;6;5;16;63;9;26;8.68;42;2;226.7;0;211;2;0.0;312.52052767789;0;0;2
1579;0;0;219;51.0;97;3;110786.63999999998;929922.0;41;6;5;16;63;9;112;8.68;42;3;226.7;0;404;2;0.0;196.20403974810952;0;0;1
1580;0;7;219;51.0;97;3;110786.63999999998;0.0;41;6;5;16;63;9;26;8.68;42;2;226.7;0;213;2;0.0;143.43977843886066;0;0;2
1581;0;5;219;52.0;97;3;110786.63999999998;929922.0;41;6;5;16;63;13;26;8.68;42;2;226.7;0;214;0;0.0;791.1716730356377;0;0;1
1582;0;4;219;52.0;97;3;110786.63999999998;929922.0;45;7;5;16;63;70;112;8.68;42;3;226.7;0;205;2;0.0;170.01376936195797;0;0;1
1583;0;1;219;52.0;97;3;110786.63999999998;929922.0;45;7;5;50;63;9;26;8.68;42;3;226.7;0;206;2;0.0;925.1677802095476;0;0;2
1584;0;3;466;26.0;157;7;39696.98;0.0;45;5;10;4;364;13;73;1.98;1;1;133.3;0;172;1;0.0;73.87093984450794;0;0;1
1585;0;2;466;26.0;157;7;0.0;0.0;45;5;10;50;364;8;93;-5.02;1;1;133.3;0;404;0;0.0;67.0732807694454;0;0;1
1586;0;6;466;26.0;157;7;39696.98;0.0;45;5;10;4;364;8;73;1.98;1;1;133.3;0;174;1;0.0;56.2457675369253;0;0;2
1587;0;0;466;26.0;157;7;39696.98;0.0;45;5;10;4;364;8;73;1.98;1;1;133.3;0;175;1;0.0;37.51782482904488;0;0;1
1588;0;7;466;26.0;157;7;39696.98;0.0;45;5;1115;4;364;8;97;1.98;1;1;133.3;0;176;1;0.0;44.04731679197315;0;0;1
1589;0;5;466;26.0;157;8;39696.98;0.0;45;5;10;4;364;8;73;1.98;1;2;133.3;0;177;1;0.0;156.79219440803175;0;0;1
1590;0;4;466;27.0;157;7;39696.98;0.0;45;5;10;4;364;8;73;1.98;1;1;133.3;0;178;1;0.0;223.97377228626283;0;0;1
1591;0;1;466;27.0;157;7;39696.98;0.0;45;5;10;4;364;8;73;1.98;12;1;133.3;0;169;1;0.0;239.0805687710546;0;0;1
1592;0;3;335;34.0;595;6;120366.6;988855.0;41;7;2;22;257;9;93;0.8;55;2;1396.64;0;158;1;0.0;177.0411954072514;0;0;1
1593;0;2;335;1934.0;595;6;120366.6;0.0;41;7;2;22;257;9;105;-4.2;55;2;1396.64;0;167;1;0.0;180.55324903236232;0;0;1
1594;0;6;335;34.0;595;6;120366.6;988855.0;41;7;2;22;257;9;97;0.8;55;1;1396.64;0;404;1;0.0;668.7590900080419;0;0;1
1595;0;0;335;34.0;595;6;0.0;988855.0;41;7;2;22;257;14;105;0.8;69;1;1396.64;0;404;1;0.0;252.09714326763356;0;0;2
1596;0;7;335;34.0;595;8;120366.6;988855.0;41;7;2;22;257;9;112;0.8;69;2;1396.64;0;404;1;0.0;860.4550593096493;0;0;2
1597;0;5;335;34.0;595;6;120366.6;988855.0;41;7;2;22;257;71;105;0.8;69;1;1396.64;0;173;1;0.0;95.61296985117892;0;0;1
1598;0;4;335;34.0;595;6;120366.6;988855.0;41;7;2;22;257;9;105;4.8;69;2;1396.64;0;404;1;0.0;967.8834220343034;0;0;1
1599;0;1;335;34.0;595;6;120366.6;988855.0;41;7;2;22;257;9;105;0.8;69;1;1396.64;0;175;0;0.0;414.6730751699468;0;0;1
1600;0;3;546;51.0;610;10;13074.395;0.0;63;7;8;4;502;69;112;9.96;42;1;1048.26;0;266;1;0.0;69.2584892791269;0;0;0
1601;0;2;546;0.0;610;10;13074.395;0.0;63;7;8;4;502;71;23;-0.04;69;1;1048.26;0;287;1;0.0;53.50098870508027;0;0;0
1602;0;6;546;51.0;610;10;13074.395;0.0;23;7;8;4;502;7;23;11.96;69;2;1048.26;0;288;1;0.0;142.05128647785838;0;0;0
1603;0;0;546;51.0;610;10;13074.395;0.0;63;7;8;4;502;71;23;5.96;85;1;1048.26;0;291;1;0.0;29.13973941786919;0;0;0
1604;0;7;546;51.0;610;10;13074.395;0.0;63;7;8;0;502;71;23;11.96;69;2;1048.26;0;292;1;0.0;77.4899235829827;0;0;0
1605;0;5;546;52.0;610;10;13074.395;0.0;63;7;8;4;502;71;23;5.96;69;1;1048.26;0;293;1;0.0;99.57625858680548;0;0;2
1606;0;4;546;52.0;625;10;13074.395;0.0;63;7;8;4;502;71;26;5.96;69;1;1048.26;0;294;1;0.0;106.72931847003905;0;0;0
1607;0;1;546;52.0;610;10;13074.395;0.0;63;7;8;4;502;71;18;5.96;69;1;1048.26;0;295;1;0.0;127.83891901678876;0;0;0
1608;0;3;543;30.0;176;9;76087.68;0.0;50;3;9;22;479;15;16;13.73;42;3;50.22;0;176;2;0.0;424.8286522935895;0;0;2
1609;0;2;335;30.0;625;9;76087.68;0.0;50;3;9;22;479;11;99;13.73;42;3;50.22;0;177;2;0.0;155.5644189120126;0;0;2
1610;0;6;543;0.0;176;9;76087.68;0.0;50;3;9;22;479;8;10;13.73;42;3;50.22;0;178;2;0.0;137.10864874400758;0;0;2
1611;0;0;543;30.0;176;9;76087.68;0.0;50;3;9;22;479;12;83;13.73;42;3;50.22;0;169;2;0.0;436.65557542771165;0;0;2
1612;0;7;543;31.0;176;9;76087.68;0.0;50;3;9;22;479;11;10;13.73;42;3;50.22;0;170;2;0.0;181.997998848856;0;0;2
1613;0;5;543;31.0;625;9;76087.68;0.0;50;3;9;22;479;11;99;13.73;42;2;50.22;0;179;2;0.0;133.775350048391;0;0;2
1614;0;4;543;31.0;176;9;76087.68;0.0;50;3;9;22;479;8;105;13.73;42;2;50.22;0;180;2;0.0;0.0;0;0;2
1615;0;1;543;31.0;176;9;76087.68;0.0;50;1191;9;22;479;11;10;8.73;42;3;50.22;0;183;2;0.0;0.0;0;0;2
1616;0;3;323;23.0;225;10;51824.94;4417745.0;50;7;26;41;188;40;58;0.63;76;0;2958.02;0;373;2;0.0;183.18246925568985;0;0;1
1617;0;2;323;23.0;225;10;0.0;4417745.0;50;7;26;41;188;37;49;0.63;76;2;2958.02;0;404;2;0.0;288.59117754091017;0;0;1
1618;0;6;323;23.0;225;10;51824.94;4417745.0;50;7;26;41;188;35;112;0.63;76;0;2958.02;0;375;2;0.0;180.16478128221408;0;0;1
1619;0;0;323;23.0;225;10;51824.94;4417745.0;50;7;26;41;188;42;112;1.63;43;0;2958.02;0;376;2;0.0;0.0;0;0;1
1620;0;7;323;23.0;225;10;51824.94;4417745.0;50;7;26;41;188;38;56;0.63;76;0;2958.02;0;377;2;0.0;508.8561454168993;0;0;1
1621;0;5;335;23.0;225;10;51824.94;4417745.0;50;7;26;41;188;32;47;0.63;76;0;2958.02;0;378;2;0.0;113.3166443329007;0;0;1
1622;0;4;323;23.0;225;10;51824.94;4417745.0;50;7;26;41;188;37;49;0.63;76;2;2958.02;0;379;2;0.0;258.28464919112633;0;0;1
1623;0;1;323;24.0;225;10;0.0;4417745.0;50;7;26;41;188;32;49;2.63;76;2;2958.02;0;370;2;217840.0;121.33197037963552;0;0;2
1624;0;3;369;31.0;348;6;0.0;0.0;63;6;16;22;142;69;30;0.52;55;3;117.57;0;106;1;0.0;94.4837451288858;0;0;2
1625;0;2;369;31.0;348;6;11431.775;0.0;63;6;16;22;142;17;26;0.52;55;3;117.57;0;97;1;0.0;122.20291278612471;0;0;2
1626;0;6;369;31.0;348;6;11431.775;0.0;63;6;16;22;142;69;26;0.52;55;3;117.57;0;98;1;0.0;92.20263979794106;0;0;2
1627;0;0;369;31.0;348;6;11431.775;0.0;63;6;16;50;142;69;26;0.52;85;3;117.57;0;107;1;585790.0;119.45838428531565;0;0;2
1628;0;7;369;31.0;348;6;11431.775;0.0;63;6;16;22;142;69;26;0.52;55;2;117.57;0;108;1;0.0;94.2556333035272;0;0;2
1629;0;5;369;31.0;348;8;11431.775;0.0;63;6;16;22;142;69;16;3.52;55;3;117.57;0;111;1;0.0;61.16983140064824;0;0;2
1630;0;4;369;0.0;625;6;11431.775;0.0;63;6;16;22;142;69;112;1.52;55;3;117.57;0;112;1;0.0;11.240622700484357;0;0;0
1631;0;1;369;31.0;348;6;11431.775;0.0;63;6;16;22;142;69;26;0.52;55;2;117.57;0;113;1;0.0;56.64041714188321;0;0;0
1632;0;3;566;38.0;367;3;14224.655;0.0;63;6;13;4;201;25;10;8.1;1;3;1343.01;0;321;0;0.0;82.1389365356297;0;0;2
1633;0;2;566;38.0;367;3;14224.655;0.0;63;6;13;4;201;25;10;8.1;1;3;0.0;0;322;1;0.0;186.3400578565605;0;0;2
1634;0;6;566;38.0;367;3;14224.655;0.0;63;6;13;4;201;25;10;8.1;1;3;1343.01;0;313;1;0.0;0.0;0;0;2
1635;0;0;566;38.0;367;3;14224.655;0.0;63;6;13;4;201;25;110;8.1;64;3;1343.01;0;314;1;0.0;60.70061741471228;0;0;2
1636;0;7;566;38.0;367;3;14224.655;0.0;63;6;13;4;201;25;10;8.1;64;3;1343.01;0;323;1;0.0;150.48744682594617;0;0;2
1637;0;5;566;38.0;367;3;14224.655;0.0;63;6;13;4;201;25;110;8.1;64;3;1343.01;0;324;1;35100.0;66.43308505734119;0;0;2
1638;0;4;335;38.0;367;3;14224.655;0.0;63;6;13;4;201;24;105;8.1;64;3;1343.01;0;325;1;0.0;64.79572829287834;0;0;2
1639;0;1;566;0.0;367;3;14224.655;0.0;63;6;13;4;201;22;10;8.1;64;3;1343.01;0;326;1;0.0;59.122686478866406;0;0;2
1640;0;3;74;46.0;462;11;142170.12;1158451.0;39;4;2621;14;358;28;8;2.58;55;1;282.56;0;208;1;0.0;183.61529702171904;0;0;0
1641;0;2;74;46.0;462;11;0.0;1158451.0;39;4;8;14;358;6;8;2.58;55;1;282.56;0;209;1;0.0;206.362894441906;0;0;2
1642;0;6;74;46.0;462;11;142170.12;1158451.0;39;4;8;14;358;28;8;2.58;55;1;282.56;0;210;1;0.0;511.8085938281258;0;0;0
1643;0;0;74;46.0;462;11;142170.12;1158451.0;39;4;8;14;358;28;8;2.58;55;1;282.56;0;211;1;0.0;216.10217949017616;0;0;0
1644;0;7;74;46.0;462;11;142170.12;1158451.0;39;4;8;14;358;28;8;2.58;55;1;282.56;0;212;1;0.0;772.9155702871768;0;0;0
1645;0;5;74;46.0;625;11;142170.12;1158451.0;39;4;8;14;358;6;8;2.58;55;1;282.56;0;213;1;0.0;301.9379543519173;0;0;0
1646;0;4;74;46.0;462;11;142170.12;1158451.0;39;4;8;14;358;28;8;2.58;55;1;282.56;0;214;1;0.0;864.1250783277593;0;0;0
1647;0;1;74;46.0;462;11;142170.12;1158451.0;39;4;8;14;358;28;8;2.58;55;1;282.56;0;205;1;0.0;245.88920862007572;0;0;0
1648;0;3;483;45.0;277;10;19951.765;0.0;1;1;12;14;587;50;112;2.89;0;1;1463.07;0;321;1;0.0;28.05767250299623;0;0;0
1649;0;2;483;45.0;277;10;19951.765;0.0;1;1;12;14;587;7;97;0.8900000000000001;0;1;1463.07;0;322;1;0.0;167.57684142452098;0;0;0
1650;0;6;483;45.0;277;10;19951.765;0.0;1;1;12;50;587;7;97;2.89;0;2;1463.07;0;313;1;0.0;145.50415278078464;0;0;0
1651;0;0;483;45.0;277;10;19951.765;0.0;1;1;12;14;587;8;97;2.89;64;2;1463.07;0;314;1;0.0;136.01445589413893;0;0;0
1652;0;7;483;-500.0;277;10;19951.765;0.0;1;1;12;14;587;7;97;2.89;64;1;1463.07;0;323;1;0.0;190.4879143858641;0;0;0
1653;0;5;483;45.0;277;10;19951.765;0.0;1;1;12;14;587;7;97;2.89;64;1;1463.07;0;324;1;0.0;100.30958135254158;0;0;0
1654;0;4;483;8352.0;625;10;19951.765;0.0;1;1;12;14;587;70;110;0.8900000000000001;64;1;1463.07;0;325;1;0.0;149.59318091240868;0;0;2
1655;0;1;483;46.0;277;10;19951.765;0.0;1;1;12;14;587;12;97;-2.11;64;1;1463.07;0;326;1;0.0;175.8433059733052;0;0;0
1656;0;3;252;-500.0;61;13;94454.1;8102175.0;1;4;5;0;138;39;97;1.63;58;1;1342.61;0;274;0;0.0;0.0;0;0;0
1657;0;2;335;36.0;61;13;94454.1;8102175.0;1;4;5;16;138;71;112;1.63;58;1;0.0;0;265;1;0.0;136.04029328551022;0;0;0
1658;0;6;252;36.0;61;13;94454.1;8102175.0;1;4;5;16;138;61;99;-3.37;58;1;1342.61;0;266;1;0.0;263.2435966465216;0;0;0
1659;0;0;252;36.0;61;13;94454.1;0.0;1;4;5;16;138;71;97;1.63;58;1;1342.61;0;287;1;0.0;0.0;0;0;0
1660;0;7;252;36.0;61;8;94454.1;0.0;1;4;5;16;138;71;97;1.63;69;1;1342.61;0;288;1;0.0;603.642867969222;0;0;0
1661;0;5;252;36.0;61;13;94454.1;8102175.0;1;4;5;16;138;71;97;1.63;69;1;1342.61;0;291;1;0.0;445.9738225226692;0;0;0
1662;0;4;252;36.0;61;13;94454.1;8102175.0;1;4;5;16;138;71;105;1.63;69;1;1342.61;0;292;1;0.0;0.0;0;0;0
1663;0;1;252;36.0;61;13;94454.1;8102175.0;1;4;2866;16;138;71;97;1.63;69;1;1342.61;0;293;1;0.0;711.0597507547632;0;0;0
1664;0;3;392;0.0;501;3;27063.43;0.0;63;3;12;22;146;19;112;12.49;42;3;1205.36;0;180;2;0.0;147.85741288936595;0;0;2
1665;0;2;392;28.0;501;3;27063.43;0.0;63;3;12;22;146;19;18;12.49;42;2;1205.36;0;183;0;0.0;76.7126225888661;0;0;2
1666;0;6;392;28.0;501;3;27063.43;0.0;63;3;12;50;146;19;18;12.49;42;3;1205.36;0;184;2;0.0;127.73125580365814;0;0;2
1667;0;0;392;3734.0;501;3;27063.43;0.0;63;3;12;0;146;19;10;12.49;64;2;1205.36;0;185;2;0.0;51.16805941386129;0;0;2
1668;0;7;392;28.0;501;3;27063.43;0.0;63;3;12;22;146;19;16;8.49;64;3;1205.36;0;186;0;0.0;84.92441355594758;0;0;2
1669;0;5;392;28.0;501;3;27063.43;0.0;63;3;12;22;146;19;12;12.49;64;2;1205.36;0;187;0;0.0;292.9888627564216;0;0;2
1670;0;4;392;28.0;501;3;27063.43;0.0;63;3;12;22;146;16;26;14.49;64;3;1205.36;0;404;2;0.0;42.128911494982255;0;0;0
1671;0;1;335;28.0;501;3;27063.43;0.0;63;1292;12;22;146;19;18;12.49;64;3;1205.36;0;189;2;0.0;63.143066256721866;0;0;0
1672;0;3;5;44.0;376;8;36980.1;3352675.0;50;10;29;32;130;55;28;9.55;14;3;2403.26;0;108;0;0.0;0.0;0;0;1
1673;0;2;5;44.0;376;8;36980.1;3352675.0;50;10;29;32;130;55;28;9.55;14;2;2403.26;0;111;2;0.0;153.61241976481003;0;0;1
1674;0;6;335;44.0;376;8;36980.1;3352675.0;50;10;29;32;130;49;23;9.55;14;3;2403.26;0;112;2;0.0;117.2598814416728;0;0;1
1675;0;0;5;44.0;625;8;36980.1;3352675.0;50;10;29;32;130;58;23;9.55;25;3;2403.26;0;113;2;0.0;183.84360798510767;0;0;2
1676;0;7;5;44.0;376;8;36980.1;3352675.0;50;10;29;32;130;51;28;9.55;25;3;2403.26;0;404;2;0.0;53.01923964964615;0;0;1
1677;0;5;5;44.0;376;8;36980.1;3352675.0;50;10;29;32;130;55;28;9.55;25;3;2403.26;0;115;2;0.0;139.68994726626278;0;0;1
1678;0;4;5;44.0;625;8;36980.1;3352675.0;50;10;29;32;130;55;32;9.55;25;3;2403.26;0;116;2;0.0;139.98613365309924;0;0;2
1679;0;1;5;44.0;376;8;36980.1;3352675.0;50;10;29;32;130;60;18;9.55;25;2;2403.26;0;117;2;0.0;129.7667312955061;0;0;2
1680;0;3;291;26.0;569;13;96582.24;788652.0;39;3;13;4;0;71;18;19.79;0;3;482.88;0;224;2;0.0;223.22397558641185;0;0;2
1681;0;2;291;26.0;569;13;96582.24;788652.0;39;3;13;4;0;61;32;19.79;85;3;482.88;0;225;0;0.0;531.8207313971466;0;0;2
1682;0;6;291;26.0;569;13;96582.24;788652.0;39;3;13;4;0;50;26;19.79;0;3;482.88;0;226;2;0.0;154.42423829740508;0;0;2
1683;0;0;291;26.0;569;13;96582.24;788652.0;39;3;13;4;0;7;28;19.79;0;3;482.88;0;217;2;0.0;129.87205584174637;0;0;2
1684;0;7;291;26.0;569;13;96582.24;788652.0;39;3;13;50;0;7;26;19.79;0;2;482.88;0;218;2;0.0;676.2741446745866;0;0;2
1685;0;5;291;26.0;569;13;96582.24;788652.0;39;3;13;4;0;12;26;12.79;0;2;482.88;0;404;0;0.0;0.0;0;0;2
1686;0;4;291;27.0;569;13;96582.24;788652.0;39;3;13;4;0;7;26;19.79;0;3;482.88;0;404;0;0.0;442.6515672366261;0;0;2
1687;0;1;291;27.0;569;13;96582.24;788652.0;39;3;13;4;0;7;32;19.79;0;2;482.88;0;231;2;0.0;115.29322010002755;0;0;2
1688;0;3;558;39.0;420;2;122978.43;0.0;0;1;9;16;272;11;89;3.33;42;1;1197.33;0;241;1;0.0;127.50040392307704;0;0;0
1689;0;2;558;39.0;420;2;122978.43;105142025.0;0;1;9;16;272;9;41;10.33;85;1;1197.33;0;242;1;0.0;361.7049671231843;0;0;0
1690;0;6;558;39.0;625;2;122978.43;105142025.0;0;1;9;16;272;11;89;7.33;42;1;1197.33;0;251;1;0.0;125.77810460316924;0;0;0
1691;0;0;335;39.0;420;2;122978.43;105142025.0;0;1;9;16;272;11;41;6.33;42;1;1197.33;0;252;1;0.0;181.3120491896028;0;0;0
1692;0;7;558;39.0;420;2;122978.43;0.0;0;1;9;16;272;14;89;7.33;55;1;1197.33;0;255;1;0.0;294.84056431139186;0;0;0
1693;0;5;558;39.0;420;2;122978.43;105142025.0;0;1;9;16;272;8;89;7.33;55;1;1197.33;0;256;1;0.0;945.3157293370588;0;0;0
1694;0;4;558;40.0;420;8;122978.43;105142025.0;0;1;9;16;272;11;89;7.33;55;1;1197.33;0;257;1;0.0;76.875603452369;0;0;2
1695;0;1;558;40.0;420;2;122978.43;105142025.0;0;1;9;16;272;11;73;2.33;55;1;1197.33;0;258;1;0.0;179.01488290312332;0;0;0
1696;0;3;463;-500.0;171;3;7821.24;46877.0;63;10;29;32;346;64;30;19.34;72;0;2924.76;0;403;2;0.0;52.616042333175066;0;0;2
1697;0;2;463;32.0;171;3;7821.24;46877.0;26;10;29;32;346;64;32;19.34;72;0;2924.76;0;394;2;0.0;14.346301056465595;0;0;2
1698;0;6;463;32.0;171;3;7821.24;0.0;63;10;29;32;346;66;37;19.34;72;2;2924.76;0;395;2;0.0;0.0;0;0;2
1699;0;0;463;32.0;171;3;7821.24;46877.0;63;10;29;32;346;64;30;19.34;72;0;2924.76;0;23;2;0.0;41.18558945746315;0;0;2
1700;0;7;463;32.0;625;3;7821.24;46877.0;63;10;29;32;346;64;30;19.34;72;0;2924.76;0;24;2;0.0;15.67426786578944;0;0;2
1701;0;5;463;32.0;171;8;7821.24;46877.0;63;10;29;32;346;64;30;19.34;72;0;2924.76;0;27;2;0.0;39.93770264234067;0;0;2
1702;0;4;335;32.0;171;3;7821.24;46877.0;63;1112;29;32;346;64;30;19.34;72;0;2924.76;0;28;2;0.0;20.26932404873365;0;0;1
1703;0;1;463;32.0;171;3;7821.24;46877.0;63;10;29;32;346;64;23;19.34;72;0;2924.76;0;29;2;0.0;49.56409519917959;0;0;1
1704;0;3;97;22.0;11;9;0.0;2431045.0;58;9;16;14;274;60;28;18.91;2;2;2203.46;0;70;2;0.0;286.55928683038934;0;0;2
1705;0;2;97;22.0;11;9;30972.54;0.0;58;9;16;14;274;60;26;18.91;2;3;2203.46;0;61;2;0.0;178.82207910706202;0;0;1
1706;0;6;97;23.0;11;9;21246612.0;0.0;58;9;16;14;274;60;26;18.91;2;3;2203.46;0;62;2;0.0;221.10144433780584;0;0;1
1707;0;0;97;23.0;11;9;30972.54;2431045.0;58;9;16;14;274;60;18;14.91;2;3;2203.46;0;71;2;0.0;227.05414797606187;0;0;1
1708;0;7;97;23.0;11;9;30972.54;2431045.0;58;496;16;14;274;60;28;18.91;2;3;2203.46;0;72;0;0.0;41.47008708902257;0;0;2
1709;0;5;97;23.0;11;9;30972.54;0.0;58;9;16;14;274;60;28;18.91;2;3;2203.46;0;75;2;0.0;85.6488239856929;0;0;1
1710;0;4;97;23.0;11;9;30972.54;2431045.0;58;9;16;14;274;60;26;18.91;2;3;2203.46;0;76;2;0.0;42.37149862090968;0;0;1
1711;0;1;97;23.0;11;9;30972.54;2431045.0;58;9;16;14;274;60;26;18.91;2;2;2203.46;0;77;2;0.0;149.89179969317223;0;0;1
1712;0;3;520;28.0;108;2;7709.625;0.0;58;9;31;50;580;26;32;12.01;14;0;2518.98;0;384;2;0.0;0.0;0;0;1
1713;0;2;520;0.0;108;2;7709.625;62546875.0;58;9;31;32;580;29;32;19.01;14;0;2518.98;0;385;2;0.0;75.9634722677517;0;0;1
1714;0;6;520;0.0;108;2;7709.625;0.0;58;9;31;32;580;27;32;12.01;14;2;2518.98;0;386;2;0.0;73.28892203724295;0;0;1
1715;0;0;520;28.0;108;2;7709.625;62546875.0;58;9;31;0;580;26;32;12.01;25;2;2518.98;0;387;2;0.0;42.144991185174135;0;0;1
1716;0;7;335;28.0;108;2;0.0;62546875.0;58;9;31;32;580;26;32;16.009999999999998;25;0;2518.98;0;388;0;0.0;36.52624344234317;0;0;1
1717;0;5;520;29.0;108;2;7709.625;62546875.0;58;9;31;32;580;23;47;12.01;25;2;2518.98;0;389;2;0.0;0.0;0;0;1
1718;0;4;520;29.0;108;2;7709.625;62546875.0;58;9;31;32;580;26;32;12.01;25;0;2518.98;0;390;2;0.0;17.677547278088827;0;0;1
1719;0;1;520;29.0;108;2;7709.625;62546875.0;58;9;31;32;580;26;32;12.01;25;2;2518.98;0;391;2;554880.0;0.0;0;0;1
1720;0;3;294;53.0;79;6;34547.54;0.0;50;6;5;4;502;19;18;3.59;1;2;939.31;0;183;1;0.0;129.15148530729698;0;0;0
1721;0;2;294;53.0;79;6;34547.54;0.0;50;6;5;0;502;16;18;3.59;1;1;939.31;0;184;1;0.0;90.33870389020667;0;0;0
1722;0;6;294;53.0;79;6;34547.54;0.0;50;6;5;4;502;16;12;3.59;1;1;939.31;0;185;1;0.0;157.21654260542826;0;0;2
1723;0;0;294;54.0;79;6;34547.54;0.0;50;6;5;4;502;16;18;3.59;1;1;939.31;0;404;1;0.0;99.1546065152853;0;0;0
1724;0;7;294;54.0;79;6;34547.54;0.0;50;6;5;4;502;16;10;1.59;1;1;939.31;0;187;1;0.0;0.0;0;0;0
1725;0;5;294;54.0;79;6;34547.54;0.0;50;6;5;4;502;16;10;3.59;1;2;939.31;0;188;1;0.0;68.56765869108371;0;0;0
1726;0;4;294;54.0;79;6;34547.54;0.0;50;6;5;4;502;16;18;3.59;69;1;939.31;0;189;1;0.0;72.21477838975852;0;0;2
1727;0;1;294;54.0;79;6;34547.54;0.0;50;6;5;4;502;18;112;3.59;69;1;939.31;0;190;1;0.0;68.2725422022309;0;0;2
1728;0;3;585;30.0;434;11;0.0;0.0;41;7;9;4;201;71;93;6.06;58;1;967.23;0;258;1;0.0;366.6186097928724;0;0;0
1729;0;2;585;30.0;434;11;173196.32;0.0;41;7;9;4;201;9;93;6.06;58;1;967.23;0;259;1;0.0;459.5756330225029;0;0;0
1730;0;6;585;30.0;434;11;173196.32;0.0;41;7;9;4;201;69;93;6.06;58;1;967.23;0;260;1;0.0;283.69135327805964;0;0;0
1731;0;0;585;30.0;434;11;173196.32;0.0;41;7;9;4;201;70;93;6.06;58;1;967.23;0;261;1;0.0;138.67372021620406;0;0;0
1732;0;7;585;30.0;434;11;173196.32;0.0;41;7;9;4;201;69;93;6.06;58;1;967.23;0;262;1;0.0;368.0826932022325;0;0;0
1733;0;5;335;30.0;434;11;173196.32;0.0;41;7;9;4;201;61;105;6.06;58;1;967.23;0;253;1;0.0;1607.3034682399195;0;0;0
1734;0;4;585;30.0;434;11;173196.32;0.0;41;7;9;4;201;69;93;6.06;58;1;967.23;0;254;1;0.0;548.2672981071479;0;0;0
1735;0;1;585;30.0;434;11;173196.32;0.0;41;7;9;4;201;69;93;6.06;58;2;967.23;0;263;1;0.0;1563.5128933226804;0;0;0
1736;0;3;85;19.0;608;4;20354.85;14032375.0;63;6;30;36;492;35;56;23.66;2;0;4288.63;0;147;2;0.0;169.6902261763537;0;0;2
1737;0;2;85;19.0;608;4;14089102.0;14032375.0;63;6;30;36;492;35;56;28.66;2;0;4288.63;0;148;0;0.0;61.89568272648064;0;0;2
1738;0;6;85;19.0;608;4;20354.85;0.0;63;6;30;36;492;35;56;23.66;2;0;4288.63;0;149;2;0.0;122.86544678481772;0;0;2
1739;0;0;85;19.0;608;4;20354.85;14032375.0;63;6;30;36;492;35;56;23.66;2;0;4288.63;0;150;0;0.0;76.4486233514868;0;0;2
1740;0;7;85;19.0;608;4;20354.85;14032375.0;63;6;30;36;492;35;47;23.66;2;0;4288.63;0;151;2;0.0;66.2778753074623;0;0;2
1741;0;5;85;19.0;608;4;20354.85;14032375.0;63;6;30;50;492;35;54;23.66;2;0;4288.63;0;152;0;0.0;0.0;0;0;2
1742;0;4;335;19.0;608;4;20354.85;14032375.0;63;6;30;36;492;35;56;23.66;2;0;4288.63;0;153;2;0.0;48.81642835736708;0;0;2
1743;0;1;85;19.0;608;4;20354.85;14032375.0;63;6;30;36;492;32;56;23.66;2;0;4288.63;0;154;2;0.0;131.26832772841752;0;0;2
1744;0;3;335;40.0;616;5;46113.81;0.0;58;5;24;14;199;12;110;11.77;69;2;2530.66;0;89;0;0.0;250.423822311999;0;0;1
1745;0;2;335;40.0;616;5;46113.81;39538175.0;58;5;24;14;199;16;105;12.77;69;3;2530.66;0;90;0;0.0;51.34392134800103;0;0;1
1746;0;6;130;40.0;616;5;0.0;39538175.0;58;5;24;14;199;16;101;11.77;69;3;2530.66;0;91;2;0.0;219.6927141396923;0;0;1
1747;0;0;130;0.0;616;5;46113.81;0.0;58;5;24;14;199;16;110;11.77;69;3;2530.66;0;92;2;0.0;77.59307883973345;0;0;1
1748;0;7;130;40.0;616;5;46113.81;39538175.0;40;5;24;14;199;21;112;11.77;69;3;2530.66;0;93;0;0.0;108.37832514471977;0;0;1
1749;0;5;130;40.0;616;8;0.0;39538175.0;58;5;24;14;199;22;110;11.77;69;3;2530.66;0;94;0;0.0;226.96904186515343;0;0;1
1750;0;4;130;40.0;616;5;46113.81;0.0;58;5;24;14;199;16;16;11.77;81;3;2530.66;0;85;2;0.0;107.81714730770356;0;0;2
1751;0;1;130;40.0;616;5;46113.81;39538175.0;58;5;24;14;199;16;112;11.77;81;3;2530.66;0;404;2;0.0;287.17096371259083;0;0;1
1752;0;3;571;14.0;216;3;8882.47;0.0;70;7;19;36;563;44;26;15.62;72;0;1580.91;0;135;2;0.0;70.77410097515987;0;0;1
1753;0;2;571;14.0;216;3;8882.47;0.0;70;7;19;50;563;40;26;15.62;72;2;1580.91;0;136;2;0.0;24.83127781751712;0;0;1
1754;0;6;335;14.0;216;3;8882.47;0.0;70;7;19;36;563;40;28;15.62;72;0;1580.91;0;137;2;0.0;0.0;0;0;1
1755;0;0;335;14.0;625;3;8882.47;0.0;70;7;19;36;563;38;26;15.62;39;0;1580.91;0;138;2;0.0;51.53144919466809;0;0;1
1756;0;7;571;15.0;216;3;8882.47;0.0;70;7;19;36;563;40;18;15.62;72;0;1580.91;0;139;0;0.0;12.653529436992535;0;0;2
1757;0;5;571;15.0;216;3;8882.47;0.0;70;7;19;36;563;40;26;8.62;72;0;1580.91;0;404;2;0.0;60.30053042327886;0;0;2
1758;0;4;571;15.0;216;3;8882.47;0.0;70;7;19;0;563;40;26;0.0;72;0;1580.91;0;141;2;0.0;45.12155467338833;0;0;1
1759;0;1;335;15.0;216;3;8882.47;0.0;70;7;19;36;563;40;32;15.62;72;0;1580.91;0;142;0;0.0;19.851946712043983;0;0;2
1760;0;3;597;26.0;343;9;34128.92;0.0;50;8;31;32;661;15;60;3.99;81;2;2626.28;0;351;2;0.0;273.111816777373;0;0;1
1761;0;2;597;26.0;343;9;34128.92;0.0;50;8;31;32;661;20;49;3.99;20;0;2626.28;0;352;2;0.0;369.7552154183222;0;0;1
1762;0;6;597;0.0;343;9;34128.92;0.0;50;8;31;32;661;15;49;3.99;20;0;2626.28;0;353;2;0.0;128.86012348831312;0;0;1
1763;0;0;597;26.0;343;9;34128.92;0.0;50;8;31;32;661;13;49;3.99;20;2;2626.28;0;404;2;0.0;75.57919344707597;0;0;2
1764;0;7;597;0.0;343;8;34128.92;0.0;50;8;31;32;661;15;49;3.99;20;0;2626.28;0;355;0;0.0;21.33816666981821;0;0;1
1765;0;5;597;26.0;343;9;34128.92;0.0;50;8;31;32;661;21;43;3.99;20;0;2626.28;0;346;2;0.0;129.96111804675252;0;0;1
1766;0;4;597;26.0;343;9;34128.92;0.0;50;8;31;32;661;15;49;3.99;20;0;2626.28;0;347;0;0.0;54.71738078805525;0;0;1
1767;0;1;597;26.0;343;9;34128.92;0.0;50;8;31;32;661;15;37;3.99;20;0;2626.28;0;356;2;0.0;170.77520110996153;0;0;1
1768;0;3;90;43.0;30;12;29042.45;0.0;39;5;5;4;590;50;28;9.72;55;3;1092.55;0;201;2;0.0;52.83439159020268;0;0;2
1769;0;2;90;43.0;30;12;29042.45;0.0;39;5;5;4;590;50;18;9.72;58;3;1092.55;0;404;2;0.0;285.44882057241864;0;0;2
1770;0;6;90;43.0;30;12;29042.45;0.0;39;5;5;4;590;50;28;9.72;58;3;1092.55;0;193;2;0.0;133.42391948346557;0;0;2
1771;0;0;90;43.0;30;12;29042.45;0.0;39;5;5;4;590;17;32;9.72;58;3;1092.55;0;194;0;481730.0;271.2895926365684;0;0;2
1772;0;7;335;43.0;30;12;29042.45;0.0;39;5;5;4;590;50;37;9.72;58;3;1092.55;0;203;2;0.0;205.5976542885117;0;0;2
1773;0;5;90;43.0;625;12;29042.45;0.0;39;5;5;4;590;50;28;9.72;58;3;1092.55;0;404;2;0.0;185.45657147796135;0;0;2
1774;0;4;335;43.0;30;8;29042.45;0.0;39;5;5;4;590;50;28;9.72;58;3;1092.55;0;207;2;0.0;144.31863268631926;0;0;2
1775;0;1;90;43.0;625;12;29042.45;0.0;39;5;5;4;590;50;112;9.72;58;3;1092.55;0;208;2;0.0;207.3645150310893;0;0;2
1776;0;3;335;32.0;625;1;26716.09;0.0;41;5;6;16;410;32;103;4.1;0;3;643.89;0;404;0;0.0;305.948918260405;0;0;2
1777;0;2;335;32.0;125;1;26716.09;0.0;41;5;6;16;410;29;30;4.1;1;3;643.89;0;93;1;0.0;75.50726529620081;0;0;2
1778;0;6;335;33.0;125;1;26716.09;0.0;41;803;6;16;410;33;26;4.1;1;3;643.89;0;94;1;0.0;120.57655229112856;0;0;2
1779;0;0;335;33.0;125;1;26716.09;0.0;41;5;6;16;410;29;30;4.1;1;3;643.89;0;85;1;0.0;90.82554381501724;0;0;0
1780;0;7;335;33.0;125;1;26716.09;0.0;41;5;6;16;410;29;23;6.1;1;3;643.89;0;86;0;0.0;55.20220983197774;0;0;2
1781;0;5;335;33.0;625;1;26716.09;0.0;41;5;6;16;410;31;28;4.1;1;2;643.89;0;95;1;0.0;48.80847457177019;0;0;0
1782;0;4;335;33.0;125;1;26716.09;0.0;41;5;6;16;410;25;28;4.1;1;3;643.89;0;96;1;0.0;52.12264061949133;0;0;0
1783;0;1;335;33.0;125;1;26716.09;0.0;41;5;6;16;410;29;30;3.1;1;2;643.89;0;99;1;0.0;140.95273897395728;0;0;2
1784;0;3;335;14.0;37;3;74733.44;0.0;70;6;19;29;486;14;43;28.48;81;0;4685.34;0;153;0;0.0;254.7227339658565;0;0;1
1785;0;2;435;14.0;37;3;74733.44;0.0;70;6;19;29;486;14;43;22.48;81;0;4685.34;0;154;0;0.0;118.74676308858596;0;0;1
1786;0;6;335;14.0;37;3;74733.44;0.0;70;6;19;29;486;14;43;22.48;14;2;4685.34;0;145;2;0.0;329.2058043477952;0;0;1
1787;0;0;435;14.0;37;3;0.0;0.0;70;6;19;29;486;14;32;22.48;14;0;4685.34;0;146;2;0.0;222.6676506869684;0;0;2
1788;0;7;435;14.0;37;3;74733.44;0.0;70;6;19;29;486;14;112;22.48;14;0;4685.34;0;275;2;0.0;0.0;0;0;2
1789;0;5;435;14.0;37;3;74733.44;0.0;70;6;19;50;486;11;43;22.48;14;0;4685.34;0;276;2;0.0;301.5219980471905;0;0;2
1790;0;4;435;14.0;37;3;74733.44;0.0;70;6;19;29;486;14;43;22.48;14;0;4685.34;0;279;2;0.0;218.98120128695228;0;0;0
1791;0;1;435;14.0;37;3;74733.44;0.0;70;6;19;29;486;14;43;22.48;14;0;4685.34;0;280;2;0.0;165.79051306476063;0;0;0
1792;0;3;270;44.0;397;8;8681.77;0.0;50;9;23;36;662;47;56;24.6;14;0;2216.25;0;77;2;0.0;19.408937188103422;0;0;1
1793;0;2;270;44.0;625;8;8681.77;0.0;50;9;23;36;662;47;56;19.6;14;0;2216.25;0;78;2;0.0;74.03237011747011;0;0;2
1794;0;6;270;44.0;625;8;8681.77;0.0;50;9;23;36;662;47;56;25.6;14;2;2216.25;0;404;2;0.0;29.296364045108238;0;0;1
1795;0;0;335;44.0;397;8;8681.77;0.0;50;9;23;36;662;47;112;19.6;35;0;2216.25;0;80;2;0.0;19.7867434599572;0;0;2
1796;0;7;335;44.0;397;8;8681.77;0.0;50;9;23;50;662;44;47;19.6;35;0;2216.25;0;81;2;0.0;29.823388568098704;0;0;2
1797;0;5;270;44.0;397;8;8681.77;0.0;50;9;23;36;662;47;56;12.6;35;2;2216.25;0;82;2;0.0;58.54435128565565;0;0;2
1798;0;4;270;44.0;397;8;8681.77;0.0;50;9;23;36;662;47;49;19.6;35;2;2216.25;0;73;2;0.0;25.300703161284986;0;0;2
1799;0;1;270;44.0;397;8;8681.77;0.0;50;9;23;36;662;47;47;19.6;35;0;2216.25;0;74;2;0.0;57.74113162817528;0;0;2
1800;0;3;201;37.0;274;8;0.0;0.0;41;4;28;32;265;24;12;12.65;64;3;1669.84;0;397;2;0.0;21.14080120122925;0;0;2
1801;0;2;201;38.0;274;8;10034.55;7192125.0;41;4;28;32;265;22;110;12.65;64;2;1669.84;0;398;2;0.0;0.0;0;0;1
1802;0;6;201;38.0;274;8;10034.55;7192125.0;16;4;28;32;265;22;110;12.65;64;3;1669.84;0;399;2;0.0;33.24412161842579;0;0;1
1803;0;0;335;38.0;274;8;10034.55;7192125.0;41;4;28;32;265;23;16;10.65;72;3;1669.84;0;400;2;0.0;43.06053265809776;0;0;1
1804;0;7;201;38.0;274;8;10034.55;7192125.0;41;4;28;32;265;27;110;6.65;72;3;1669.84;0;401;0;0.0;66.86421720380297;0;0;1
1805;0;5;201;38.0;274;8;10034.55;7192125.0;41;4;28;32;265;24;110;0.0;72;3;1669.84;0;402;2;0.0;21.91732533931509;0;0;1
1806;0;4;201;38.0;274;8;10034.55;7192125.0;41;4;28;32;265;22;99;12.65;85;2;1669.84;0;403;2;94020.0;49.80173008178318;0;0;2
1807;0;1;201;38.0;274;8;10034.55;7192125.0;41;4;28;32;265;22;110;12.65;72;3;1669.84;0;394;0;0.0;47.337746766438215;0;0;2
1808;0;3;144;40.0;459;13;20540.49;18597075.0;0;102;8;4;430;28;73;7.09;42;1;1118.37;0;92;1;0.0;25.470293457218308;0;0;0
1809;0;2;144;40.0;459;13;20540.49;18597075.0;0;4;8;4;430;28;6;7.09;42;1;1118.37;0;93;1;0.0;18.18591757985361;0;0;0
1810;0;6;144;40.0;459;13;20540.49;18597075.0;0;4;8;4;430;39;73;7.09;13;2;1118.37;0;94;1;0.0;39.9235715156629;0;0;0
1811;0;0;144;40.0;459;13;20540.49;18597075.0;0;4;8;4;430;50;73;7.09;42;1;1118.37;0;85;1;0.0;45.20116976977286;0;0;2
1812;0;7;144;40.0;459;8;0.0;18597075.0;0;4;8;4;430;28;73;9.09;42;1;1118.37;0;86;1;0.0;141.07471274418631;0;0;2
1813;0;5;144;40.0;459;8;20540.49;18597075.0;0;4;8;4;430;28;73;7.09;42;1;1118.37;0;95;0;0.0;66.66293187428509;0;0;2
1814;0;4;144;40.0;459;13;20540.49;18597075.0;0;4;8;4;430;0;97;7.09;42;1;1118.37;0;96;0;0.0;98.2527770637382;0;0;2
1815;0;1;144;41.0;459;13;20540.49;18597075.0;0;4;8;4;430;28;73;5.09;42;1;1118.37;0;99;1;179750.0;37.57726184863831;0;0;2
1816;0;3;403;0.0;298;11;38175.39;32872825.0;1;2;7;16;582;5;105;11.81;42;1;315.36;0;250;1;0.0;161.4185877023927;0;0;0
1817;0;2;335;0.0;298;11;38175.39;32872825.0;1;2;7;16;582;6;105;10.81;42;1;315.36;0;241;1;0.0;231.1654508955866;0;0;0
1818;0;6;403;51.0;298;11;38175.39;32872825.0;1;2;7;16;582;6;105;11.81;42;1;315.36;0;242;1;0.0;68.03590697695019;0;0;0
1819;0;0;403;51.0;298;8;38175.39;32872825.0;1;2;7;16;582;6;105;11.81;42;1;315.36;0;251;1;0.0;327.21405268212965;0;0;0
1820;0;7;403;52.0;298;11;38175.39;0.0;1;2;7;16;582;6;105;11.81;42;1;315.36;0;252;1;0.0;242.673183953434;0;0;0
1821;0;5;403;52.0;298;11;38175.39;32872825.0;1;2;7;16;582;6;99;11.81;42;1;315.36;0;255;1;0.0;122.3535864735155;0;0;0
1822;0;4;403;52.0;298;11;38175.39;32872825.0;1;2;7;16;582;50;105;11.81;42;1;315.36;0;256;1;0.0;110.49626740191412;0;0;0
1823;0;1;403;52.0;298;11;38175.39;32872825.0;1;2;7;16;582;6;105;11.81;42;1;315.36;0;257;0;0.0;309.81982393959805;0;0;2
1824;0;3;420;22.0;505;0;116594.91;98362425.0;45;6;10;14;428;7;112;8.47;0;1;1124.02;0;267;1;0.0;170.49581352778264;0;0;1
1825;0;2;420;22.0;505;0;116594.91;98362425.0;45;6;10;14;428;7;8;8.47;0;1;1124.02;0;268;1;0.0;410.26614613791503;0;0;1
1826;0;6;420;22.0;505;0;116594.91;0.0;45;6;10;14;428;7;8;9.47;0;1;1124.02;0;269;1;0.0;216.44133804724143;0;0;1
1827;0;0;420;22.0;505;0;0.0;98362425.0;45;6;10;14;428;7;89;6.4700000000000015;0;1;1124.02;0;270;1;0.0;0.0;0;0;2
1828;0;7;420;22.0;505;0;116594.91;98362425.0;45;6;10;0;428;8;89;8.47;0;1;1124.02;0;271;0;0.0;339.85811907098645;0;0;1
1829;0;5;420;22.0;505;8;116594.91;98362425.0;45;6;10;14;428;7;89;8.47;0;1;1124.02;0;272;1;0.0;356.3824639790461;0;0;1
1830;0;4;420;22.0;505;0;116594.91;98362425.0;45;6;10;14;428;7;99;8.47;0;1;1124.02;0;404;0;0.0;92.9919255083074;0;0;2
1831;0;1;335;22.0;505;0;116594.91;98362425.0;45;6;10;14;428;7;73;8.47;0;1;1124.02;0;274;1;0.0;1121.7984964056889;0;0;2
1832;0;3;263;48.0;128;9;24894.05;0.0;63;3;8;2;277;20;10;7.3;58;3;86.43;0;324;0;0.0;32.4288783143106;0;0;2
1833;0;2;335;48.0;128;9;24894.05;0.0;63;3;8;2;277;19;18;2.3;58;2;86.43;0;325;1;0.0;86.23276545591281;0;0;2
1834;0;6;263;48.0;128;9;24894.05;0.0;63;3;8;2;277;19;10;2.3;58;3;86.43;0;404;1;0.0;240.93182830186288;0;0;2
1835;0;0;263;48.0;128;9;0.0;0.0;63;3;8;2;277;19;10;2.3;64;2;86.43;0;327;1;0.0;0.0;0;0;2
1836;0;7;263;48.0;128;8;24894.05;0.0;63;3;8;2;277;19;16;2.3;64;3;86.43;0;328;1;0.0;111.5333124755978;0;0;2
1837;0;5;335;48.0;128;9;24894.05;0.0;63;3;8;2;277;19;12;3.3;64;3;86.43;0;404;1;0.0;0.0;0;0;2
1838;0;4;263;48.0;128;9;24894.05;0.0;63;249;8;2;277;19;10;2.3;64;3;86.43;0;330;1;0.0;312.3547839435265;0;0;2
1839;0;1;263;49.0;128;9;24894.05;0.0;63;3;8;2;277;21;112;2.3;64;2;86.43;0;404;1;0.0;139.6363456501976;0;0;2
1840;0;3;58;38.0;45;13;39399.9;0.0;50;6;17;14;429;25;37;18.62;14;3;2206.86;0;42;2;0.0;317.9129512125796;0;0;1
1841;0;2;58;38.0;45;13;39399.9;0.0;50;6;17;14;429;25;30;18.62;14;3;2206.86;0;404;2;0.0;193.8628758763841;0;0;1
1842;0;6;58;38.0;45;8;39399.9;0.0;50;6;17;50;429;24;32;18.62;14;3;2206.86;0;44;2;0.0;152.9151628026425;0;0;1
1843;0;0;58;38.0;45;13;39399.9;0.0;50;6;17;14;429;23;32;18.62;14;3;2206.86;0;45;2;0.0;87.35828460750082;0;0;1
1844;0;7;58;38.0;45;13;39399.9;0.0;50;6;17;14;429;25;112;18.62;14;3;2206.86;0;46;2;0.0;195.47566801998408;0;0;1
1845;0;5;58;38.0;625;13;39399.9;0.0;50;6;17;14;429;24;32;18.62;26;3;2206.86;0;37;2;0.0;309.4610081564282;0;0;1
1846;0;4;58;0.0;625;13;39399.9;0.0;50;6;17;14;429;25;32;18.62;26;3;2206.86;0;38;2;0.0;154.20493290700284;0;0;1
1847;0;1;58;39.0;45;13;39399.9;0.0;50;6;17;14;429;25;32;18.62;26;3;2206.86;0;47;2;0.0;73.4637130343786;0;0;1
1848;0;3;266;24.0;540;11;142113.96;1190383.0;50;4;17;16;485;13;16;18.1;76;3;1037.68;0;184;2;0.0;247.7038275977354;0;0;2
1849;0;2;266;24.0;540;11;142113.96;1190383.0;50;4;17;16;485;20;23;18.1;76;3;1037.68;0;185;2;0.0;186.9097605625529;0;0;2
1850;0;6;266;24.0;540;11;142113.96;1190383.0;50;4;17;16;485;19;16;18.1;76;3;1037.68;0;186;2;0.0;303.75546268504786;0;0;2
1851;0;0;266;25.0;540;11;142113.96;1190383.0;50;4;17;16;485;19;18;18.1;81;2;1037.68;0;187;0;0.0;539.3393474064857;0;0;2
1852;0;7;266;25.0;540;11;142113.96;1190383.0;50;4;17;16;485;19;16;18.1;81;3;1037.68;0;188;0;0.0;716.3027905911829;0;0;2
1853;0;5;335;25.0;540;11;142113.96;1190383.0;50;4;17;16;485;19;16;18.1;81;2;1037.68;0;189;2;0.0;442.26788352300895;0;0;2
1854;0;4;266;25.0;540;11;142113.96;1190383.0;50;4;17;16;485;19;16;18.1;81;3;1037.68;0;190;2;0.0;389.7518482129848;0;0;2
1855;0;1;266;25.0;540;11;142113.96;1190383.0;50;4;17;16;485;15;16;18.1;81;3;1037.68;0;181;2;0.0;104.15742676324274;0;0;2
1856;0;3;253;47.0;511;10;65299.38;5305615.0;41;5;1352;14;667;7;6;5.68;1;1;1177.38;0;217;0;0.0;217.9119462309621;0;0;2
1857;0;2;253;47.0;511;10;65299.38;5305615.0;41;5;8;14;667;7;6;0.0;1;2;1177.38;0;218;1;0.0;183.9708134832684;0;0;1
1858;0;6;253;47.0;511;10;65299.38;5305615.0;41;986;8;14;667;50;73;5.68;1;2;1177.38;0;227;1;0.0;248.01880901985865;0;0;1
1859;0;0;253;47.0;511;10;65299.38;0.0;41;5;8;14;667;50;6;5.68;1;1;1177.38;0;228;1;0.0;312.73540201031017;0;0;1
1860;0;7;253;47.0;511;10;65299.38;5305615.0;41;5;8;50;667;69;112;5.68;1;1;1177.38;0;231;1;0.0;128.57815447041455;0;0;1
1861;0;5;335;48.0;511;10;65299.38;5305615.0;41;5;8;0;667;7;6;5.68;1;1;1177.38;0;232;1;0.0;203.9731129844324;0;0;2
1862;0;4;253;48.0;625;10;65299.38;5305615.0;41;5;8;14;667;7;6;5.68;42;1;1177.38;0;404;1;0.0;90.7351518684336;0;0;1
1863;0;1;253;48.0;511;10;65299.38;5305615.0;41;5;8;14;667;7;6;5.68;42;1;1177.38;0;234;0;0.0;61.08345476769368;0;0;1
1864;0;3;402;52.0;185;9;33200.52;275571.0;18;4;20;14;670;23;32;9.59;58;3;1290.73;0;114;1;0.0;36.30527047195125;0;0;2
1865;0;2;402;52.0;185;9;33200.52;275571.0;50;4;20;14;670;23;26;9.59;58;3;1290.73;0;115;1;0.0;182.43605633468152;0;0;2
1866;0;6;402;52.0;185;9;33200.52;275571.0;50;1426;20;14;670;23;28;9.59;58;3;1290.73;0;116;1;0.0;0.0;0;0;2
1867;0;0;335;52.0;185;9;33200.52;275571.0;50;4;20;50;670;23;26;9.59;58;3;1290.73;0;117;1;0.0;246.4523372174872;0;0;2
1868;0;7;402;52.0;185;9;0.0;275571.0;50;4;20;14;670;23;32;9.59;58;3;1290.73;0;118;1;618470.0;147.2815065531627;0;0;2
1869;0;5;402;52.0;185;9;33200.52;275571.0;50;4;20;14;670;23;32;9.59;58;3;1290.73;0;109;1;0.0;281.8062878300737;0;0;2
1870;0;4;402;52.0;185;9;33200.52;275571.0;50;4;20;14;670;23;28;12.59;58;3;1290.73;0;110;1;0.0;36.79032481176309;0;0;2
1871;0;1;402;52.0;185;9;33200.52;275571.0;50;4;20;14;670;23;32;8.59;72;3;1290.73;0;119;1;0.0;0.0;0;0;2
1872;0;3;478;40.0;607;1;82289.36;0.0;63;8;22;29;344;27;30;18.75;7;0;4736.25;0;383;2;0.0;101.05114129330651;0;0;2
1873;0;2;478;0.0;625;1;0.0;0.0;63;8;22;29;344;27;28;18.75;7;0;4736.25;0;392;2;0.0;104.13615971608674;0;0;2
1874;0;6;335;40.0;607;1;82289.36;0.0;63;8;22;29;344;27;28;18.75;7;0;4736.25;0;393;2;0.0;88.92490897447506;0;0;1
1875;0;0;478;40.0;607;1;873048.0;0.0;63;8;22;29;344;27;30;22.75;7;2;4736.25;0;396;2;0.0;0.0;0;0;2
1876;0;7;478;41.0;607;1;82289.36;0.0;63;8;22;29;344;23;32;15.75;7;0;4736.25;0;397;2;0.0;723.5645616406764;0;0;1
1877;0;5;478;41.0;607;1;82289.36;0.0;63;8;22;29;344;22;28;18.75;7;0;4736.25;0;398;2;0.0;70.73314889582463;0;0;1
1878;0;4;478;41.0;607;1;82289.36;0.0;63;8;22;29;344;27;28;18.75;14;0;4736.25;0;399;0;0.0;513.0982318893115;0;0;1
1879;0;1;478;41.0;607;1;82289.36;0.0;63;8;22;29;344;27;28;18.75;14;0;4736.25;0;400;2;0.0;187.50390062604052;0;0;1
1880;0;3;88;39.0;422;5;7792.475;0.0;50;7;16;36;585;13;32;16.6;81;3;2041.74;0;73;2;0.0;17.964582789225602;0;0;1
1881;0;2;88;2056.0;422;5;7792.475;0.0;50;7;16;36;585;13;32;16.6;81;3;2041.74;0;74;2;0.0;64.72907523765737;0;0;1
1882;0;6;88;39.0;422;5;7792.475;0.0;50;7;16;36;585;16;26;20.6;81;3;2041.74;0;83;2;0.0;64.48978678411183;0;0;1
1883;0;0;88;39.0;422;5;7792.475;0.0;50;7;16;36;585;13;32;16.6;81;3;2041.74;0;84;2;0.0;15.356429560617247;0;0;1
1884;0;7;335;39.0;422;5;7792.475;0.0;50;7;16;36;585;13;32;16.6;81;3;2041.74;0;87;2;0.0;24.71231112838111;0;0;1
1885;0;5;88;-500.0;422;5;7792.475;0.0;50;7;16;36;585;13;32;16.6;2;3;2041.74;0;88;2;0.0;28.63523415804371;0;0;2
1886;0;4;88;39.0;422;5;7792.475;0.0;50;7;16;36;585;16;112;12.6;2;3;2041.74;0;89;0;0.0;35.11579155386004;0;0;2
1887;0;1;88;39.0;422;8;7792.475;0.0;50;7;5199;36;585;13;32;14.6;2;3;2041.74;0;90;2;0.0;30.80046628394315;0;0;1
1888;0;3;38;36.0;522;14;65778.22;0.0;45;3;11;22;349;24;112;11.6;58;3;705.44;0;100;1;0.0;94.82619753080702;0;0;2
1889;0;2;38;36.0;522;14;65778.22;0.0;45;3;11;0;349;27;26;11.6;58;3;705.44;0;101;1;0.0;489.21185837624006;0;0;2
1890;0;6;335;36.0;522;14;65778.22;0.0;45;3;11;22;349;24;26;11.6;69;3;705.44;0;102;1;0.0;158.47061397383206;0;0;2
1891;0;0;38;36.0;522;14;65778.22;0.0;45;3;11;22;349;21;30;0.0;69;3;705.44;0;103;1;0.0;479.05969346281125;0;0;2
1892;0;7;38;36.0;522;14;65778.22;0.0;45;3;11;22;349;30;28;11.6;69;3;705.44;0;104;1;0.0;162.57835143501785;0;0;2
1893;0;5;38;36.0;522;14;65778.22;0.0;45;3;11;22;349;20;26;11.6;69;2;705.44;0;105;1;0.0;215.0488641375232;0;0;2
1894;0;4;38;36.0;522;14;0.0;0.0;45;3;11;0;349;24;26;5.6;69;3;705.44;0;106;1;0.0;122.8397279362052;0;0;2
1895;0;1;38;37.0;522;14;0.0;0.0;45;3;11;22;349;24;32;11.6;69;3;705.44;0;97;1;0.0;90.12282122326975;0;0;2
1896;0;3;556;44.0;411;13;12016.0;0.0;50;3;14;16;413;30;10;15.23;0;3;583.27;0;404;2;0.0;27.761984410413184;0;0;2
1897;0;2;556;44.0;625;13;12016.0;0.0;50;3;14;16;413;25;99;15.23;0;2;583.27;0;291;2;0.0;96.34630239037304;0;0;2
1898;0;6;556;44.0;411;13;12016.0;0.0;50;3;14;16;413;27;10;15.23;0;2;583.27;0;404;2;0.0;15.937927595382172;0;0;2
1899;0;0;556;44.0;411;13;12016.0;0.0;50;3;14;16;413;25;10;15.23;0;3;583.27;0;293;2;0.0;40.74650630324262;0;0;2
1900;0;7;556;44.0;411;13;0.0;0.0;50;3;14;16;413;25;10;15.23;0;3;583.27;0;294;2;0.0;13.57980160228224;0;0;2
1901;0;5;556;44.0;411;13;12016.0;0.0;50;3;14;16;413;25;10;15.23;0;3;583.27;0;295;2;0.0;47.516135757832;0;0;2
1902;0;4;556;44.0;411;13;12016.0;0.0;50;3;14;16;413;25;10;15.23;0;3;583.27;0;296;2;0.0;68.30562784366639;0;0;2
1903;0;1;556;44.0;411;13;12016.0;0.0;50;3;14;16;413;29;10;15.23;0;3;583.27;0;297;2;0.0;0.0;0;0;2
1904;0;3;276;0.0;529;13;19180.87;0.0;63;4;18;22;186;69;30;5.32;1;2;1127.57;0;212;1;0.0;142.99474002491527;0;0;2
1905;0;2;276;50.0;529;13;19180.87;0.0;63;4;18;22;186;39;30;9.32;1;3;1127.57;0;213;1;0.0;212.84758659813463;0;0;2
1906;0;6;276;50.0;529;13;19180.87;0.0;63;4;18;22;186;50;32;9.32;1;2;1127.57;0;214;1;0.0;81.82244883950166;0;0;2
1907;0;0;276;50.0;529;13;19180.87;0.0;63;4;18;22;186;50;30;12.32;69;2;1127.57;0;205;0;0.0;67.88343218307666;0;0;2
1908;0;7;276;50.0;529;8;19180.87;0.0;63;4;18;22;186;71;28;12.32;69;3;1127.57;0;206;1;0.0;19.659261773336823;0;0;2
1909;0;5;276;50.0;529;13;19180.87;0.0;63;4;18;22;186;50;30;5.32;69;3;1127.57;0;215;1;0.0;87.1392349291683;0;0;2
1910;0;4;276;50.0;529;13;19180.87;0.0;63;4;18;0;186;50;30;9.32;69;3;1127.57;0;216;1;0.0;67.91677060720872;0;0;2
1911;0;1;276;50.0;529;13;19180.87;0.0;63;4;18;22;186;50;30;9.32;69;3;1127.57;0;219;1;0.0;107.98322725525712;0;0;2
1912;0;3;443;30.0;379;5;60552.76;0.0;39;7;12;16;338;29;12;9.72;58;1;463.07;0;130;0;0.0;66.53602514682322;0;0;1
1913;0;2;443;30.0;379;5;60552.76;0.0;13;7;12;0;338;29;12;9.72;58;2;463.07;0;121;1;0.0;322.9520250441324;0;0;1
1914;0;6;443;30.0;379;5;60552.76;0.0;39;7;12;16;338;24;12;9.72;58;1;463.07;0;122;0;0.0;273.5412197453783;0;0;1
1915;0;0;443;30.0;625;5;60552.76;0.0;39;211;12;16;338;32;12;9.72;58;1;463.07;0;131;1;0.0;289.20150401282643;0;0;1
1916;0;7;443;31.0;379;5;60552.76;0.0;39;7;12;16;338;23;87;10.72;58;1;463.07;0;404;0;0.0;0.0;0;0;2
1917;0;5;335;31.0;625;5;60552.76;0.0;39;7;12;16;338;33;23;9.72;58;2;463.07;0;135;1;0.0;293.07339527081496;0;0;2
1918;0;4;443;31.0;379;5;60552.76;0.0;39;7;12;16;338;25;12;5.7200000000000015;58;1;463.07;0;136;1;0.0;78.30053064363595;0;0;1
1919;0;1;443;31.0;379;5;60552.76;0.0;39;7;12;16;338;34;12;8.72;58;1;463.07;0;137;1;0.0;0.0;0;0;1
1920;0;3;608;40.0;267;10;44386.47;0.0;2;6;26;44;491;30;60;6.95;14;0;1275.46;0;383;0;0.0;0.0;0;0;1
1921;0;2;608;0.0;267;10;44386.47;37038725.0;2;6;26;44;491;33;56;7.95;14;0;1275.46;0;392;2;0.0;258.5356787522607;0;0;1
1922;0;6;608;40.0;267;10;44386.47;37038725.0;2;6;26;0;491;33;60;3.95;14;0;1275.46;0;393;0;0.0;82.56602451234018;0;0;2
1923;0;0;608;40.0;267;10;44386.47;0.0;2;6;26;44;491;33;54;6.95;14;0;1275.46;0;396;2;0.0;50.62028684688151;0;0;1
1924;0;7;608;40.0;267;10;44386.47;37038725.0;2;6;26;44;491;33;112;10.95;14;0;1275.46;0;397;2;0.0;66.29354235450872;0;0;1
1925;0;5;608;40.0;267;10;44386.47;37038725.0;2;6;26;44;491;33;60;6.95;14;0;1275.46;0;398;2;0.0;310.9639556014315;0;0;1
1926;0;4;608;40.0;267;10;44386.47;0.0;2;6;26;44;491;27;60;5.95;14;2;1275.46;0;399;0;0.0;98.6530859587042;0;0;2
1927;0;1;335;40.0;267;10;44386.47;37038725.0;2;6;26;44;491;37;60;11.95;14;2;1275.46;0;400;2;0.0;105.85414524349328;0;0;2
1928;0;3;406;40.0;34;7;9141.63;0.0;70;6;33;29;354;66;30;0.8;14;2;2506.45;0;96;2;0.0;39.74367893570158;0;0;1
1929;0;2;406;40.0;34;7;9141.63;0.0;70;6;33;29;354;63;30;0.8;14;0;2506.45;0;99;2;0.0;79.52909992287663;0;0;1
1930;0;6;335;40.0;34;7;9141.63;0.0;70;6;33;29;354;60;30;0.8;14;2;2506.45;0;100;2;0.0;63.80546382384926;0;0;1
1931;0;0;406;40.0;34;7;9141.63;0.0;70;6;3801;29;354;58;26;0.8;14;2;2506.45;0;101;2;0.0;49.07677972053472;0;0;2
1932;0;7;406;40.0;34;7;9141.63;0.0;70;6;33;29;354;60;23;0.8;14;0;2506.45;0;102;2;0.0;102.51389596022484;0;0;1
1933;0;5;406;40.0;34;7;9141.63;0.0;70;6;33;29;354;60;30;0.0;20;2;2506.45;0;103;2;0.0;27.20533543873201;0;0;1
1934;0;4;406;40.0;34;7;9141.63;0.0;24;6;33;29;354;60;30;0.8;85;0;2506.45;0;104;2;0.0;50.89426938256466;0;0;1
1935;0;1;406;40.0;34;7;9141.63;0.0;70;6;33;29;354;60;37;0.8;20;0;2506.45;0;105;2;0.0;53.289465186588615;0;0;1
1936;0;3;342;35.0;552;6;11245.11;0.0;39;6;11;2;277;9;18;8.01;1;3;169.86;0;195;0;0.0;106.70689409700849;0;0;2
1937;0;2;342;35.0;552;6;11245.11;0.0;39;6;11;2;277;9;18;8.01;1;2;169.86;0;196;2;0.0;74.58314320679861;0;0;2
1938;0;6;342;35.0;552;6;11245.11;0.0;39;6;11;2;277;9;10;8.01;1;3;169.86;0;197;2;53280.0;38.881554700267465;0;0;2
1939;0;0;335;35.0;625;6;11245.11;0.0;39;6;11;2;277;9;18;8.01;1;2;169.86;0;198;2;0.0;80.76257671565648;0;0;2
1940;0;7;342;36.0;625;6;11245.11;0.0;39;1432;11;0;277;9;23;8.01;1;3;169.86;0;199;2;0.0;59.236018979923934;0;0;2
1941;0;5;342;36.0;552;6;11245.11;0.0;39;6;11;2;277;7;112;2.01;85;3;169.86;0;200;2;0.0;0.0;0;0;2
1942;0;4;342;36.0;552;6;11245.11;0.0;39;6;11;2;277;9;18;8.01;1;3;169.86;0;201;2;0.0;130.72710742838987;0;0;2
1943;0;1;342;36.0;552;6;11245.11;0.0;39;6;11;0;277;9;18;8.01;1;3;169.86;0;202;2;0.0;139.20635733926022;0;0;2
1944;0;3;527;39.0;438;0;98197.74;8005145.0;45;6;6;16;357;29;99;9.09;42;3;627.5;0;210;1;0.0;102.94138105299967;0;0;2
1945;0;2;527;0.0;438;0;98197.74;0.0;7;6;6;16;357;29;112;9.09;72;3;627.5;0;211;1;0.0;223.11671830157192;0;0;2
1946;0;6;527;39.0;438;0;98197.74;8005145.0;45;6;6;16;357;29;99;9.09;72;3;627.5;0;212;1;0.0;55.02443480220357;0;0;2
1947;0;0;527;39.0;438;0;98197.74;8005145.0;45;6;6;16;357;33;105;9.09;72;3;627.5;0;213;1;0.0;308.9423191398243;0;0;2
1948;0;7;527;39.0;438;0;98197.74;8005145.0;45;6;6;16;357;27;105;2.09;72;2;627.5;0;404;1;0.0;0.0;0;0;2
1949;0;5;527;40.0;438;0;98197.74;8005145.0;45;6;6;16;357;33;112;9.09;72;2;627.5;0;205;1;0.0;94.62712636519149;0;0;2
1950;0;4;527;40.0;438;0;98197.74;8005145.0;45;6;6;16;357;29;112;9.09;72;3;627.5;0;206;0;0.0;679.7908354697993;0;0;2
1951;0;1;527;40.0;438;0;98197.74;8005145.0;45;6;6;16;357;29;105;9.09;72;3;627.5;0;215;1;0.0;265.38334402080835;0;0;2
1952;0;3;368;21.0;594;6;30197.28;259444.0;45;7;14;22;266;18;12;17.0;64;3;811.08;0;32;2;0.0;227.2340379285008;0;0;2
1953;0;2;368;21.0;594;6;30197.28;0.0;45;7;14;22;266;14;18;22.0;64;3;811.08;0;33;2;0.0;203.1170324311377;0;0;2
1954;0;6;368;21.0;594;6;30197.28;259444.0;45;7;14;22;266;18;18;17.0;64;3;811.08;0;34;2;0.0;32.026894853945365;0;0;2
1955;0;0;368;21.0;594;6;30197.28;259444.0;45;7;14;22;266;18;18;15.0;64;3;811.08;0;25;2;0.0;108.58483613533062;0;0;2
1956;0;7;368;0.0;594;6;30197.28;259444.0;45;7;14;22;266;18;28;17.0;64;2;811.08;0;26;2;0.0;0.0;0;0;2
1957;0;5;368;21.0;594;6;30197.28;259444.0;45;7;14;22;266;18;10;23.0;64;3;811.08;0;35;2;0.0;0.0;0;0;2
1958;0;4;368;21.0;594;6;30197.28;259444.0;45;7;14;22;266;18;18;17.0;64;3;811.08;0;36;2;0.0;63.78362533443147;0;0;2
1959;0;1;368;21.0;594;6;0.0;259444.0;45;7;14;22;266;18;18;20.0;64;3;811.08;0;404;2;0.0;92.73012251161452;0;0;2
1960;0;3;348;18.0;315;9;31633.54;0.0;1;5;8;16;150;70;105;9.7;55;1;846.45;0;177;1;0.0;200.90420000578888;0;0;1
1961;0;2;348;18.0;315;9;31633.54;0.0;1;5;8;16;150;70;105;9.7;55;1;846.45;0;404;1;0.0;78.20804976697478;0;0;1
1962;0;6;335;18.0;315;9;31633.54;0.0;1;5;8;16;150;70;93;9.7;55;1;846.45;0;169;1;0.0;216.6493582592965;0;0;2
1963;0;0;335;18.0;315;9;31633.54;0.0;1;5;8;16;150;70;99;9.7;55;1;846.45;0;170;1;0.0;196.4863174539641;0;0;2
1964;0;7;348;18.0;315;9;31633.54;0.0;1;5;8;16;150;28;99;9.7;55;2;846.45;0;179;1;0.0;159.6148515699002;0;0;1
1965;0;5;348;18.0;315;9;31633.54;0.0;1;5;8;16;150;70;93;9.7;55;1;846.45;0;180;1;0.0;174.00000906126056;0;0;1
1966;0;4;348;18.0;315;9;31633.54;0.0;1;5;8;16;150;61;97;12.7;58;1;846.45;0;183;1;0.0;275.759794928842;0;0;1
1967;0;1;348;18.0;315;9;31633.54;0.0;1;5;8;16;150;70;99;9.7;58;1;846.45;0;184;0;0.0;136.63816954931966;0;0;1
1968;0;3;79;0.0;476;1;118172.63999999998;993272.0;0;2;3;22;269;7;105;5.71;1;1;701.27;0;100;1;0.0;389.7660015356308;0;0;0
1969;0;2;79;31.0;476;1;118172.63999999998;993272.0;0;2;3;22;269;7;93;5.71;1;2;701.27;0;101;1;0.0;326.5767815553042;0;0;0
1970;0;6;79;31.0;476;1;118172.63999999998;0.0;0;2;3;22;269;71;105;5.71;1;1;701.27;0;102;1;0.0;475.7595018788575;0;0;0
1971;0;0;79;31.0;476;1;118172.63999999998;993272.0;0;2;3;22;269;7;112;5.71;1;2;701.27;0;103;1;0.0;75.3854232269606;0;0;0
1972;0;7;79;31.0;476;1;118172.63999999998;0.0;0;2;3;22;269;7;105;9.71;1;1;701.27;0;104;1;0.0;398.2364516190344;0;0;0
1973;0;5;79;32.0;476;1;118172.63999999998;993272.0;0;2;3;22;269;50;105;5.71;1;1;701.27;0;105;1;0.0;194.38376062460608;0;0;0
1974;0;4;79;32.0;476;1;118172.63999999998;0.0;0;2;3;22;269;7;105;2.71;1;1;701.27;0;106;1;0.0;1288.996440465036;0;0;2
1975;0;1;79;32.0;476;1;118172.63999999998;0.0;0;2;3;22;269;7;105;5.71;1;2;701.27;0;97;1;0.0;236.16305757364208;0;0;0
1976;0;3;333;34.0;437;7;19623.18;0.0;70;8;26;50;198;14;23;11.26;7;3;1369.54;0;377;2;0.0;159.7337127624883;0;0;1
1977;0;2;333;34.0;625;7;19623.18;1806265.0;70;8;26;14;198;10;23;11.26;7;3;1369.54;0;378;0;0.0;116.09620718662994;0;0;1
1978;0;6;333;34.0;437;7;19623.18;1806265.0;70;8;26;14;198;14;23;11.26;7;3;1369.54;0;404;2;0.0;24.963365203308967;0;0;1
1979;0;0;333;35.0;437;7;19623.18;1806265.0;70;8;26;14;198;16;23;11.26;7;3;1369.54;0;370;2;0.0;35.518625457623344;0;0;2
1980;0;7;333;35.0;437;7;19623.18;1806265.0;70;8;26;14;198;15;23;11.26;7;2;1369.54;0;371;0;0.0;240.6802671729902;0;0;2
1981;0;5;333;7508.0;437;7;19623.18;1806265.0;70;8;26;14;198;20;112;11.26;29;3;1369.54;0;380;0;0.0;19.084605562728974;0;0;2
1982;0;4;333;35.0;437;7;19623.18;1806265.0;70;8;26;14;198;20;23;11.26;29;3;1369.54;0;381;2;0.0;105.14700002866547;0;0;1
1983;0;1;333;35.0;437;7;19623.18;0.0;70;8;26;14;198;14;12;11.26;29;2;1369.54;0;404;2;0.0;94.97377152882515;0;0;1
1984;0;3;335;32.0;625;10;63197.26;0.0;50;3;13;16;197;12;26;13.43;76;3;1435.94;0;404;2;0.0;599.8560026422728;0;0;2
1985;0;2;301;32.0;336;10;63197.26;0.0;50;3;13;16;197;7;26;13.43;76;2;1435.94;0;201;2;0.0;272.21397494218905;0;0;2
1986;0;6;301;32.0;336;10;63197.26;0.0;50;3;13;16;197;12;26;13.43;76;2;1435.94;0;202;2;0.0;480.9895411939368;0;0;2
1987;0;0;301;32.0;336;10;63197.26;0.0;50;3;13;16;197;12;26;13.43;76;3;1435.94;0;193;2;0.0;514.8122910292827;0;0;2
1988;0;7;301;32.0;336;10;0.0;0.0;50;3;13;16;197;12;26;13.43;14;3;1435.94;0;194;2;0.0;88.9194327067218;0;0;2
1989;0;5;301;32.0;336;10;63197.26;0.0;50;3;13;16;197;12;26;13.43;14;3;1435.94;0;203;2;0.0;0.0;0;0;2
1990;0;4;301;32.0;336;8;63197.26;0.0;50;3;13;16;197;12;28;13.43;14;3;1435.94;0;204;2;0.0;542.2271696136232;0;0;2
1991;0;1;301;32.0;336;10;63197.26;0.0;50;3;13;16;197;13;16;13.43;14;3;0.0;0;207;2;0.0;190.2057837214136;0;0;2
1992;0;3;109;35.0;55;6;10007.815;0.0;41;4;8;36;659;69;105;19.16;64;3;2195.63;0;140;2;0.0;35.92782529375492;0;0;2
1993;0;2;109;2339.0;625;6;10007.815;0.0;41;4;8;36;659;9;97;17.16;64;3;2195.63;0;141;2;0.0;23.094809887411515;0;0;2
1994;0;6;109;35.0;55;6;10007.815;0.0;41;4;8;36;659;8;105;17.16;85;3;2195.63;0;142;2;0.0;40.39014788554577;0;0;2
1995;0;0;109;35.0;55;6;10007.815;0.0;41;4;8;36;659;69;105;17.16;64;3;2195.63;0;404;2;0.0;0.0;0;0;2
1996;0;7;109;35.0;55;6;10007.815;0.0;41;4;8;36;659;70;105;17.16;64;3;2195.63;0;134;0;0.0;53.1963462543517;0;0;2
1997;0;5;109;35.0;55;6;10007.815;0.0;41;4;8;36;659;69;12;17.16;72;3;2195.63;0;155;2;0.0;43.72257910737343;0;0;2
1998;0;4;109;36.0;55;6;10007.815;0.0;41;4;8;36;659;39;105;17.16;72;2;2195.63;0;156;2;0.0;100.25983685713686;0;0;2
1999;0;1;109;36.0;55;6;10007.815;0.0;41;4;8;36;659;69;97;17.16;72;3;2195.63;0;159;2;0.0;61.70153840840035;0;0;2
2000;0;3;399;27.0;215;5;121688.04;1000667.0;58;3;5721;22;570;15;18;0.66;42;3;54.68;0;226;0;0.0;139.3412611840495;0;0;2
2001;0;2;399;27.0;215;5;121688.04;1000667.0;58;3;12;22;570;18;18;0.66;42;3;54.68;0;404;0;0.0;228.9476865566496;0;0;2
2002;0;6;399;27.0;215;5;121688.04;1000667.0;58;3;12;22;570;18;26;0.66;42;3;54.68;0;404;1;0.0;75.12970314553263;0;0;2
2003;0;0;399;27.0;215;5;121688.04;0.0;58;3;12;22;570;18;112;0.66;42;3;54.68;0;227;1;0.0;370.4092470610153;0;0;2
2004;0;7;399;27.0;215;5;121688.04;1000667.0;58;3;12;22;570;18;26;0.66;58;3;54.68;0;228;1;0.0;119.4309875671234;0;0;2
2005;0;5;335;27.0;215;5;121688.04;1000667.0;58;3;12;22;570;18;23;0.66;58;3;54.68;0;231;1;0.0;480.0224305882693;0;0;2
2006;0;4;399;27.0;215;5;121688.04;1000667.0;58;3;12;22;570;18;26;0.66;58;3;54.68;0;404;1;0.0;368.7086939408477;0;0;0
2007;0;1;399;28.0;215;5;121688.04;1000667.0;58;3;12;22;570;18;26;0.66;58;2;54.68;0;233;0;0.0;178.24932716741603;0;0;0
2008;0;3;335;21.0;23;0;31069.32;236111.0;37;3;12;20;71;11;73;7.78;42;1;343.6;0;122;1;0.0;139.0871475028147;0;0;0
2009;0;2;52;21.0;23;0;31069.32;236111.0;37;3;12;14;71;11;41;5.78;42;1;343.6;0;131;1;0.0;190.5748495613001;0;0;0
2010;0;6;52;21.0;23;0;31069.32;236111.0;37;3;12;14;71;11;41;7.78;72;1;343.6;0;404;1;0.0;64.64985253459528;0;0;0
2011;0;0;52;21.0;23;0;31069.32;236111.0;37;3;12;14;71;16;41;7.78;72;1;343.6;0;135;1;0.0;65.39582070311931;0;0;2
2012;0;7;52;21.0;23;0;31069.32;236111.0;37;3;12;14;71;11;41;4.78;72;1;343.6;0;136;1;0.0;34.74442448982789;0;0;0
2013;0;5;52;21.0;23;8;31069.32;236111.0;37;3;12;14;71;11;41;7.78;72;2;343.6;0;137;1;0.0;139.53297753904135;0;0;0
2014;0;4;52;21.0;23;0;31069.32;236111.0;37;3;12;14;71;71;41;7.78;72;1;343.6;0;138;1;0.0;0.0;0;0;0
2015;0;1;52;0.0;23;0;31069.32;236111.0;37;3;12;14;71;16;112;7.78;72;1;343.6;0;139;1;0.0;128.80073074124385;0;0;0
2016;0;3;528;38.0;351;10;72241.02;0.0;63;4;4;4;430;29;23;0.67;58;1;843.44;0;253;0;0.0;0.0;0;0;0
2017;0;2;528;38.0;351;10;0.0;5751085.0;63;4;4;4;430;27;16;0.67;58;1;843.44;0;254;1;0.0;215.98069669655243;0;0;0
2018;0;6;528;38.0;351;10;72241.02;5751085.0;63;4;4;4;430;34;16;0.67;58;2;843.44;0;263;1;0.0;443.99810177964514;0;0;0
2019;0;0;528;38.0;351;10;72241.02;5751085.0;63;4;4;4;430;29;16;0.67;58;2;843.44;0;264;1;0.0;580.8438847942158;0;0;2
2020;0;7;528;39.0;351;10;72241.02;5751085.0;63;4;4;4;430;23;16;0.67;72;1;843.44;0;404;1;0.0;79.92770138362819;0;0;0
2021;0;5;335;39.0;351;10;72241.02;5751085.0;63;4;4;4;430;29;16;0.67;72;1;843.44;0;404;0;0.0;286.9511577062508;0;0;2
2022;0;4;335;39.0;351;10;72241.02;5751085.0;63;4;4;4;430;29;112;0.67;72;1;843.44;0;269;1;0.0;305.99390301345403;0;0;0
2023;0;1;528;39.0;351;10;72241.02;5751085.0;63;4;4;4;430;25;16;0.67;72;1;843.44;0;270;1;0.0;313.65638112746313;0;0;0
2024;0;3;297;24.0;554;13;7612.725;92839375.0;63;5;16;32;345;62;56;6.06;2;0;1514.74;0;387;2;0.0;65.42688293795297;0;0;2
2025;0;2;297;25.0;554;13;7612.725;92839375.0;63;5;16;32;345;67;60;6.06;2;0;1514.74;0;388;2;0.0;29.430379321845173;0;0;1
2026;0;6;297;25.0;554;13;7612.725;92839375.0;63;5;16;32;345;62;112;6.06;2;0;1514.74;0;389;2;0.0;33.2639918166782;0;0;1
2027;0;0;297;25.0;554;8;7612.725;0.0;63;1477;16;32;345;62;60;6.06;2;0;1514.74;0;390;2;0.0;99.67976750095524;0;0;1
2028;0;7;297;0.0;554;13;7612.725;92839375.0;63;5;16;32;345;58;60;6.06;2;0;1514.74;0;391;2;0.0;24.41633266473529;0;0;1
2029;0;5;297;25.0;554;13;7612.725;92839375.0;63;5;16;32;345;60;112;6.06;2;0;1514.74;0;382;2;0.0;72.79179302695812;0;0;1
2030;0;4;297;25.0;554;13;7612.725;92839375.0;63;5;16;32;345;62;56;10.06;20;0;1514.74;0;383;2;0.0;0.0;0;0;1
2031;0;1;297;25.0;554;13;7612.725;92839375.0;63;5;16;32;345;62;60;6.06;20;0;1514.74;0;392;2;0.0;38.53797532895005;0;0;2
2032;0;3;501;46.0;280;9;16953.985;0.0;41;5;4;14;70;6;41;11.64;42;1;554.48;0;245;1;0.0;132.9254587980455;0;0;1
2033;0;2;501;46.0;280;9;16953.985;0.0;41;5;4;14;70;6;89;10.64;42;1;554.48;0;246;0;0.0;53.31064238374165;0;0;1
2034;0;6;501;46.0;280;9;16953.985;0.0;36;5;4;14;70;50;73;9.64;64;2;554.48;0;247;1;0.0;118.1474319253762;0;0;1
2035;0;0;501;46.0;280;9;16953.985;0.0;41;5;4;14;70;6;89;10.64;64;1;554.48;0;248;1;0.0;155.77766261838406;0;0;1
2036;0;7;501;46.0;280;9;0.0;0.0;41;5;4;50;70;1;112;10.64;64;1;554.48;0;404;1;0.0;39.512314404573885;0;0;1
2037;0;5;501;46.0;280;9;16953.985;0.0;41;5;4;14;70;6;112;10.64;64;1;554.48;0;250;0;0.0;213.1422737618965;0;0;1
2038;0;4;501;0.0;280;9;16953.985;0.0;41;5;4;14;70;6;89;10.64;64;1;554.48;0;241;1;0.0;217.21015157329165;0;0;1
2039;0;1;501;46.0;280;9;16953.985;0.0;41;5;4;14;70;6;89;10.64;64;1;554.48;0;242;1;0.0;24.234123279553295;0;0;1
2040;0;3;590;21.0;184;12;125508.36;1055903.0;37;3;5;22;352;69;105;3.57;55;1;505.14;0;321;1;0.0;905.9374723258394;0;0;1
2041;0;2;590;21.0;184;12;0.0;1055903.0;37;3;5;22;352;69;105;-3.43;55;1;505.14;0;322;1;0.0;620.8051627973923;0;0;1
2042;0;6;590;21.0;184;12;125508.36;1055903.0;37;3;5;22;352;69;105;3.57;55;1;505.14;0;313;1;0.0;88.61589624880304;0;0;1
2043;0;0;590;21.0;184;12;125508.36;1055903.0;37;3;5;22;352;69;105;3.57;55;2;505.14;0;314;1;0.0;1209.865495803277;0;0;1
2044;0;7;590;21.0;184;12;0.0;1055903.0;37;3;5;22;352;71;105;-0.4300000000000001;55;1;505.14;0;323;1;0.0;216.39607577568265;0;0;1
2045;0;5;590;0.0;625;12;0.0;0.0;37;3;5;22;352;61;10;3.57;55;1;505.14;0;324;0;0.0;492.8908124476336;0;0;1
2046;0;4;590;22.0;184;12;125508.36;1055903.0;37;3;5;22;352;70;105;3.57;55;1;505.14;0;325;1;0.0;222.1994254577004;0;0;1
2047;0;1;590;22.0;184;12;125508.36;1055903.0;37;3;5;22;352;69;105;3.57;55;2;505.14;0;326;1;0.0;443.1330641285723;0;0;1
2048;0;3;34;16.0;549;3;7495.305;53360875.0;50;5;3487;22;196;25;23;21.12;2;3;2354.21;0;347;2;0.0;28.13243641198614;0;0;1
2049;0;2;335;16.0;549;3;7495.305;53360875.0;50;5;28;50;196;20;23;17.12;2;3;2354.21;0;356;2;0.0;0.0;0;0;1
2050;0;6;335;16.0;549;3;7495.305;53360875.0;50;5;28;22;196;20;23;20.12;2;3;2354.21;0;357;2;0.0;17.739126411737246;0;0;1
2051;0;0;34;16.0;549;8;7495.305;53360875.0;50;5;28;22;196;20;26;17.12;2;2;2354.21;0;360;2;424560.0;19.150900878554197;0;0;1
2052;0;7;34;16.0;549;8;7495.305;53360875.0;50;615;28;22;196;20;23;17.12;2;2;2354.21;0;361;2;0.0;0.0;0;0;1
2053;0;5;34;16.0;549;3;7495.305;53360875.0;50;5;28;22;196;20;23;17.12;20;3;2354.21;0;362;2;0.0;21.91516118518164;0;0;1
2054;0;4;34;16.0;549;3;7495.305;0.0;50;5;28;22;196;20;30;17.12;20;3;2354.21;0;404;0;0.0;64.60524586455655;0;0;1
2055;0;1;34;16.0;549;3;7495.305;53360875.0;50;5;28;22;196;20;23;17.12;20;3;0.0;0;364;2;0.0;0.0;0;0;1
2056;0;3;480;14.0;56;11;35133.49;0.0;41;4;8;16;267;13;16;7.29;58;3;586.6;0;404;2;0.0;56.832540913104665;0;0;2
2057;0;2;335;14.0;56;11;35133.49;0.0;41;4;8;16;267;13;16;7.29;58;3;586.6;0;258;2;0.0;101.1365836684437;0;0;2
2058;0;6;480;0.0;56;11;35133.49;0.0;41;4;8;16;267;13;16;7.29;58;3;586.6;0;259;2;0.0;23.62323725372405;0;0;2
2059;0;0;480;14.0;56;11;35133.49;0.0;41;4;8;16;267;13;16;7.29;58;3;586.6;0;260;2;0.0;237.13533190201176;0;0;2
2060;0;7;480;14.0;56;11;35133.49;0.0;41;4;8;16;267;13;16;7.29;58;3;586.6;0;261;2;0.0;187.5991649497297;0;0;2
2061;0;5;480;15.0;56;11;35133.49;0.0;41;4;8;16;267;13;112;7.29;58;3;586.6;0;262;2;0.0;77.38869232457193;0;0;2
2062;0;4;480;15.0;56;11;35133.49;0.0;41;4;8;16;267;13;10;7.29;58;3;586.6;0;253;2;0.0;169.30647421091405;0;0;2
2063;0;1;480;15.0;56;8;35133.49;0.0;41;4;8;16;267;9;16;7.29;58;2;586.6;0;254;2;0.0;23.68052108608419;0;0;2
2064;0;3;35;48.0;283;10;16866.5;0.0;41;4;19;4;201;30;16;1.31;58;3;1385.89;0;257;0;0.0;164.70744924187255;0;0;2
2065;0;2;35;48.0;283;10;16866.5;0.0;41;4;19;4;201;25;16;1.31;58;3;1385.89;0;258;1;0.0;105.60427883398484;0;0;2
2066;0;6;35;48.0;283;10;16866.5;0.0;41;4;19;4;201;22;16;-3.69;58;3;1385.89;0;259;0;0.0;146.0354618086446;0;0;2
2067;0;0;35;48.0;283;10;16866.5;0.0;41;4;19;4;201;25;16;-2.69;69;3;1385.89;0;260;1;0.0;75.03217051774483;0;0;2
2068;0;7;35;48.0;283;10;16866.5;0.0;41;4;19;4;201;25;10;1.31;69;3;1385.89;0;261;1;0.0;0.0;0;0;2
2069;0;5;35;48.0;283;10;16866.5;0.0;41;4;19;4;201;25;112;1.31;69;3;1385.89;0;262;1;0.0;196.18661519103912;0;0;2
2070;0;4;35;48.0;283;10;16866.5;0.0;41;4;19;4;201;25;16;1.31;69;3;1385.89;0;404;1;0.0;208.6207848485693;0;0;2
2071;0;1;35;49.0;283;10;16866.5;0.0;41;4;19;4;201;25;16;1.31;69;3;1385.89;0;254;1;0.0;93.82043654568749;0;0;2
2072;0;3;18;33.0;65;0;18969.19;0.0;1;7;8;2;277;10;12;3.36;42;1;54.82;0;404;0;0.0;200.32777237179508;0;0;2
2073;0;2;18;33.0;65;8;18969.19;0.0;1;7;8;2;277;10;110;3.36;42;1;54.82;0;195;1;0.0;0.0;0;0;2
2074;0;6;18;33.0;65;0;18969.19;0.0;1;7;8;2;277;7;97;3.36;42;1;54.82;0;196;1;0.0;0.0;0;0;2
2075;0;0;18;33.0;65;0;18969.19;0.0;1;7;8;2;277;10;110;3.36;42;1;54.82;0;197;1;0.0;131.78159483200872;0;0;1
2076;0;7;18;33.0;65;0;18969.19;0.0;1;7;8;2;277;10;110;3.36;42;1;54.82;0;404;1;0.0;117.21676271830088;0;0;1
2077;0;5;18;33.0;65;0;18969.19;0.0;1;7;8;2;277;9;110;3.36;42;1;54.82;0;199;1;0.0;74.6452002496336;0;0;1
2078;0;4;18;33.0;65;0;18969.19;0.0;1;7;8;2;277;10;16;3.36;42;2;54.82;0;200;1;0.0;182.9777943683994;0;0;2
2079;0;1;18;33.0;625;0;18969.19;0.0;1;7;8;2;277;10;110;3.36;58;1;54.82;0;201;1;0.0;73.94019850260585;0;0;1
2080;0;3;362;55.0;259;4;36154.19;0.0;45;3;3;0;154;71;112;10.39;42;2;651.85;0;136;1;0.0;23.09988104387901;0;0;0
2081;0;2;362;55.0;259;4;36154.19;0.0;45;3;3;50;154;71;105;8.39;42;1;651.85;0;404;1;0.0;329.0915329216998;0;0;0
2082;0;6;362;55.0;259;8;36154.19;0.0;45;3;3;14;154;11;105;16.39;42;2;651.85;0;138;1;268840.0;48.54866226106561;0;0;0
2083;0;0;362;55.0;259;4;36154.19;0.0;45;3;3;0;154;71;110;10.39;42;1;651.85;0;139;1;0.0;33.64055056997178;0;0;0
2084;0;7;362;55.0;259;4;36154.19;0.0;45;3;3;14;154;71;105;10.39;42;1;651.85;0;140;1;0.0;40.99144182992999;0;0;0
2085;0;5;362;55.0;259;4;36154.19;0.0;45;3;3;14;154;11;112;13.39;42;1;651.85;0;141;1;0.0;328.83939429203554;0;0;0
2086;0;4;335;55.0;259;4;36154.19;0.0;45;3;3;14;154;71;105;10.39;42;1;651.85;0;142;1;0.0;404.8194499993978;0;0;0
2087;0;1;362;55.0;259;4;0.0;0.0;45;3;3;14;154;71;105;10.39;42;1;651.85;0;133;1;0.0;0.0;0;0;0
2088;0;3;187;31.0;543;5;51113.85000000001;0.0;58;9;30;44;53;32;62;20.82;81;0;3164.78;0;0;2;0.0;228.658623452625;0;0;2
2089;0;2;187;31.0;543;5;51113.85000000001;43564875.0;58;9;30;44;53;32;60;20.82;81;2;3164.78;0;3;2;0.0;155.03291177328526;0;0;2
2090;0;6;187;31.0;543;5;0.0;0.0;58;9;30;44;53;32;60;21.82;81;0;3164.78;0;4;2;370020.0;126.21294815735752;0;0;2
2091;0;0;187;31.0;543;5;51113.85000000001;43564875.0;58;9;30;44;53;32;60;20.82;81;2;3164.78;0;5;2;0.0;134.23678420021983;0;0;2
2092;0;7;187;31.0;543;5;51113.85000000001;43564875.0;58;9;30;44;53;32;62;20.82;81;2;3164.78;0;6;2;0.0;317.87710551405587;0;0;2
2093;0;5;187;31.0;543;5;51113.85000000001;43564875.0;58;9;30;50;53;32;60;20.82;81;0;3164.78;0;7;2;0.0;165.72419874139754;0;0;2
2094;0;4;187;31.0;543;5;51113.85000000001;43564875.0;58;9;30;44;53;33;60;20.82;81;0;3164.78;0;8;2;0.0;272.37174886064065;0;0;2
2095;0;1;187;32.0;543;5;51113.85000000001;43564875.0;58;9;30;44;53;32;70;20.82;81;2;3164.78;0;9;2;0.0;107.71251870647971;0;0;2
2096;0;3;335;17.0;72;2;18784.88;0.0;63;3;26;36;495;7;54;17.08;2;3;2076.13;0;109;2;0.0;125.13532551536647;0;0;2
2097;0;2;419;17.0;72;2;18784.88;0.0;63;3;26;36;495;70;43;17.08;2;3;2076.13;0;110;2;0.0;73.13431730454145;0;0;2
2098;0;6;419;17.0;72;8;18784.88;0.0;63;3;26;36;495;50;47;17.08;2;3;2076.13;0;119;2;0.0;142.5593224194551;0;0;1
2099;0;0;419;17.0;72;2;12311582.0;0.0;63;3;26;36;495;69;54;17.08;2;2;2076.13;0;120;2;0.0;65.97861341609426;0;0;2
2100;0;7;419;17.0;72;2;18784.88;0.0;63;3;26;0;495;70;43;17.08;14;2;2076.13;0;123;2;0.0;57.70125441411517;0;0;1
2101;0;5;419;17.0;72;2;18784.88;0.0;63;3;26;36;495;70;43;17.08;14;3;2076.13;0;124;2;0.0;170.67483818502365;0;0;1
2102;0;4;419;8406.0;625;2;18784.88;0.0;63;3;26;36;495;70;112;23.08;14;3;2076.13;0;125;2;0.0;90.1317054309589;0;0;1
2103;0;1;419;18.0;72;2;18784.88;0.0;63;3;26;36;495;28;37;17.08;14;3;2076.13;0;126;2;0.0;127.7535305133885;0;0;1
2104;0;3;299;46.0;227;0;49889.38;0.0;50;7;8;2;277;50;30;5.12;42;2;1450.37;0;246;1;0.0;0.0;0;0;2
2105;0;2;299;46.0;625;0;0.0;0.0;50;7;8;2;277;7;30;5.12;42;1;1450.37;0;247;1;0.0;137.80097984761153;0;0;0
2106;0;6;299;46.0;227;0;0.0;0.0;50;7;8;2;277;61;112;5.12;42;2;1450.37;0;248;1;0.0;131.24593093120026;0;0;0
2107;0;0;299;46.0;227;0;49889.38;0.0;50;7;8;0;277;61;30;5.12;42;1;1450.37;0;249;1;0.0;188.15827512367855;0;0;0
2108;0;7;299;46.0;227;0;0.0;0.0;50;7;8;2;277;6;28;5.12;42;1;1450.37;0;250;1;0.0;379.3752600353537;0;0;0
2109;0;5;299;46.0;227;0;49889.38;0.0;50;7;8;2;277;61;30;5.12;42;1;1450.37;0;241;1;0.0;223.6576360910674;0;0;0
2110;0;4;299;46.0;227;0;49889.38;0.0;50;7;8;2;277;61;26;5.12;72;1;1450.37;0;242;1;0.0;97.13817205228791;0;0;2
2111;0;1;299;46.0;227;0;49889.38;0.0;50;7;8;2;277;61;30;5.12;72;1;1450.37;0;404;1;0.0;55.68481722298061;0;0;0
2112;0;3;220;14.0;118;10;29233.34;0.0;50;4;17;16;650;71;12;8.9;64;2;96.31;0;398;2;0.0;204.32682334677503;0;0;2
2113;0;2;220;14.0;118;10;29233.34;0.0;50;4;17;16;650;71;18;8.9;64;3;96.31;0;399;2;0.0;153.99685539260798;0;0;2
2114;0;6;220;14.0;118;10;29233.34;0.0;50;4;17;16;650;39;18;8.9;64;3;96.31;0;400;2;0.0;206.789690842628;0;0;2
2115;0;0;220;14.0;118;10;29233.34;0.0;50;4;17;16;650;71;18;8.9;64;2;96.31;0;401;2;0.0;52.61005015810621;0;0;2
2116;0;7;335;14.0;118;10;29233.34;0.0;50;4;17;16;650;71;28;8.9;64;3;96.31;0;402;2;0.0;142.73041006347964;0;0;2
2117;0;5;220;14.0;625;10;29233.34;0.0;50;4;17;16;650;71;18;8.9;64;3;96.31;0;403;2;0.0;118.1865112952499;0;0;2
2118;0;4;220;14.0;118;10;29233.34;0.0;50;4;17;16;650;71;18;2.9000000000000004;64;2;96.31;0;394;2;133200.0;346.7761351132651;0;0;2
2119;0;1;220;14.0;118;10;29233.34;0.0;50;4;17;16;650;71;12;8.9;64;2;96.31;0;395;2;0.0;232.83089261028897;0;0;2
2120;0;3;20;40.0;389;6;28922.03;0.0;37;184;1;2;277;15;93;11.99;55;2;1329.59;0;322;1;0.0;223.30623642843992;0;0;2
2121;0;2;20;40.0;389;6;28922.03;0.0;37;7;3755;2;277;21;89;11.99;55;1;1329.59;0;313;1;0.0;138.6002040489943;0;0;1
2122;0;6;20;40.0;389;6;28922.03;0.0;37;1192;1;2;277;16;105;11.99;55;2;1329.59;0;314;1;0.0;42.85132933867699;0;0;1
2123;0;0;20;40.0;389;8;28922.03;0.0;37;7;1;2;277;16;93;15.99;55;1;1329.59;0;323;1;0.0;96.52669545883636;0;0;1
2124;0;7;20;40.0;389;6;28922.03;0.0;37;7;1;2;277;11;93;11.99;55;1;1329.59;0;324;1;723580.0;143.34515758751283;0;0;1
2125;0;5;20;40.0;389;6;28922.03;0.0;37;7;1;2;277;16;112;0.0;55;2;1329.59;0;325;1;0.0;42.29558091447016;0;0;1
2126;0;4;20;40.0;389;6;28922.03;0.0;37;7;1;2;277;14;97;11.99;55;2;1329.59;0;326;1;0.0;128.38924475322955;0;0;1
2127;0;1;20;40.0;389;6;28922.03;0.0;37;7;1;2;277;16;93;11.99;55;2;1329.59;0;327;1;0.0;80.14739518464181;0;0;1
2128;0;3;118;39.0;307;2;20742.46;0.0;45;4;8;29;264;11;37;21.0;76;3;1319.87;0;99;2;0.0;85.37550977974831;0;0;2
2129;0;2;118;39.0;307;2;0.0;0.0;45;4;8;29;264;11;37;16.0;76;3;1319.87;0;100;2;0.0;25.27155278708305;0;0;2
2130;0;6;118;39.0;307;2;20742.46;0.0;45;4;8;29;264;11;47;14.0;76;3;1319.87;0;101;2;0.0;0.0;0;0;2
2131;0;0;118;0.0;307;2;20742.46;0.0;45;4;8;29;264;9;112;16.0;76;2;1319.87;0;102;2;0.0;0.0;0;0;2
2132;0;7;118;39.0;307;2;20742.46;0.0;45;4;8;29;264;11;47;16.0;76;3;1319.87;0;103;2;0.0;0.0;0;0;2
2133;0;5;118;0.0;307;8;20742.46;0.0;45;4;8;29;264;13;49;16.0;76;3;1319.87;0;104;2;0.0;68.4970364994531;0;0;2
2134;0;4;118;39.0;307;2;20742.46;0.0;45;4;8;29;264;11;37;16.0;14;2;1319.87;0;404;2;0.0;139.60679766829;0;0;2
2135;0;1;118;39.0;307;2;20742.46;0.0;45;4;8;29;264;11;32;16.0;48;3;0.0;0;404;2;0.0;166.80433825386714;0;0;2
2136;0;3;60;35.0;502;13;55719.18000000001;4689265.0;63;7;18;29;57;35;43;35.82;69;0;4090.5;0;68;2;0.0;199.3915891642577;0;0;1
2137;0;2;60;35.0;502;13;55719.18000000001;4689265.0;4;7;18;29;57;41;49;29.82;69;0;4090.5;0;69;2;0.0;434.1650528109491;0;0;2
2138;0;6;335;35.0;502;13;55719.18000000001;4689265.0;63;7;18;29;57;41;49;29.82;69;2;4090.5;0;70;2;0.0;220.3450252373344;0;0;2
2139;0;0;60;35.0;502;13;55719.18000000001;4689265.0;63;7;18;29;57;45;43;29.82;69;0;4090.5;0;61;2;0.0;53.96682653918923;0;0;1
2140;0;7;60;35.0;502;13;55719.18000000001;4689265.0;63;7;18;29;57;43;49;29.82;69;0;4090.5;0;62;2;0.0;571.2402508744641;0;0;1
2141;0;5;60;35.0;502;13;55719.18000000001;4689265.0;63;7;18;29;57;41;49;29.82;69;0;4090.5;0;404;2;0.0;68.49247556267115;0;0;1
2142;0;4;60;35.0;502;13;55719.18000000001;4689265.0;63;7;18;29;57;36;56;29.82;69;0;4090.5;0;72;0;0.0;627.230468265451;0;0;1
2143;0;1;60;35.0;502;13;55719.18000000001;4689265.0;63;97;18;29;57;41;37;0.0;69;0;4090.5;0;75;2;0.0;78.69377147690784;0;0;1
2144;0;3;432;16.0;625;10;55558.71;43368925.0;2;5;32;50;417;19;32;12.59;81;0;4196.17;0;65;2;0.0;226.64430768527973;0;0;2
2145;0;2;432;16.0;80;10;55558.71;43368925.0;2;5;32;36;417;19;30;15.59;20;0;4196.17;0;66;2;0.0;73.08719570623731;0;0;2
2146;0;6;432;0.0;80;8;55558.71;43368925.0;2;5;32;36;417;19;32;19.59;20;0;4196.17;0;67;2;508140.0;207.5275011434725;0;0;2
2147;0;0;432;16.0;80;10;55558.71;43368925.0;2;5;32;36;417;19;47;19.59;85;0;4196.17;0;404;2;492710.0;222.0326415604501;0;0;2
2148;0;7;432;16.0;80;10;0.0;43368925.0;64;5;32;36;417;19;32;19.59;20;0;4196.17;0;69;2;0.0;58.78560744344513;0;0;1
2149;0;5;432;17.0;80;10;55558.71;43368925.0;2;5;32;36;417;19;26;19.59;20;2;4196.17;0;70;0;0.0;95.2254858598623;0;0;1
2150;0;4;432;17.0;80;10;55558.71;43368925.0;2;5;32;36;417;19;32;19.59;20;0;4196.17;0;61;2;0.0;416.2216322280185;0;0;2
2151;0;1;432;17.0;80;10;55558.71;0.0;2;5;32;36;417;20;28;19.59;20;2;4196.17;0;62;2;0.0;571.7792642845391;0;0;2
2152;0;3;25;24.0;117;4;33447.42;2859285.0;63;5;13;16;141;61;110;18.88;58;3;1571.52;0;404;2;0.0;0.0;0;0;1
2153;0;2;25;24.0;117;4;0.0;2859285.0;63;5;13;16;141;61;110;18.88;58;3;1571.52;0;54;2;0.0;61.309725229263584;0;0;2
2154;0;6;25;24.0;117;4;33447.42;2859285.0;63;5;13;16;141;61;10;18.88;58;3;1571.52;0;55;2;0.0;63.473004786079706;0;0;1
2155;0;0;25;24.0;117;4;33447.42;2859285.0;63;5;13;16;141;6;110;14.88;72;3;1571.52;0;56;2;0.0;105.12836307461508;0;0;1
2156;0;7;25;24.0;117;4;33447.42;2859285.0;63;5;13;16;141;61;12;18.88;72;3;1571.52;0;57;2;0.0;0.0;0;0;1
2157;0;5;335;25.0;117;4;33447.42;2859285.0;63;5;13;16;141;61;110;18.88;72;3;1571.52;0;404;2;0.0;69.01001135777699;0;0;1
2158;0;4;25;25.0;117;4;33447.42;0.0;63;5;13;0;141;61;12;18.88;72;3;1571.52;0;49;2;0.0;56.37441299414502;0;0;1
2159;0;1;25;0.0;117;4;33447.42;2859285.0;63;5;13;16;141;39;110;18.88;72;2;1571.52;0;50;0;0.0;57.21881524566636;0;0;1
2160;0;3;604;26.0;295;0;34841.87;0.0;1;7;1;14;496;6;41;2.24;55;1;142.05;0;296;1;0.0;236.45386898445548;0;0;2
2161;0;2;604;26.0;295;0;34841.87;0.0;1;7;1;14;496;2;41;2.24;55;1;142.05;0;297;1;0.0;77.54795804547327;0;0;2
2162;0;6;604;26.0;295;0;34841.87;0.0;1;7;1;14;496;6;8;4.24;55;1;142.05;0;298;1;0.0;183.48244458935048;0;0;2
2163;0;0;604;27.0;295;0;34841.87;0.0;1;7;1;14;496;6;41;2.24;55;1;142.05;0;289;1;0.0;208.37754672480617;0;0;2
2164;0;7;335;27.0;295;0;34841.87;0.0;1;7;1;14;496;6;41;2.24;69;1;142.05;0;290;1;0.0;274.5734445869498;0;0;2
2165;0;5;604;1424.0;295;0;34841.87;0.0;1;7;1;50;496;6;41;4.24;69;1;142.05;0;404;1;0.0;108.50255540863714;0;0;2
2166;0;4;604;27.0;295;0;34841.87;0.0;1;7;1;14;496;6;89;2.24;69;1;142.05;0;300;1;0.0;0.0;0;0;2
2167;0;1;604;27.0;295;0;34841.87;0.0;1;7;1;14;496;6;0;2.24;69;2;142.05;0;303;1;0.0;174.87408612547267;0;0;2
2168;0;3;62;35.0;162;4;17655.43;0.0;63;10;34;32;132;60;68;24.49;2;0;2725.14;0;387;2;0.0;0.0;0;0;1
2169;0;2;62;35.0;162;4;17655.43;0.0;63;10;34;32;132;62;60;24.49;2;0;2725.14;0;388;2;0.0;170.14081705213468;0;0;1
2170;0;6;62;35.0;162;4;17655.43;0.0;63;10;34;32;132;60;60;24.49;2;0;2725.14;0;389;2;0.0;126.55188358568552;0;0;1
2171;0;0;62;35.0;162;4;17655.43;0.0;63;10;34;32;132;60;60;24.49;2;0;2725.14;0;390;2;0.0;174.34878664430673;0;0;1
2172;0;7;62;-500.0;625;4;17655.43;0.0;63;10;34;32;132;67;60;24.49;2;2;2725.14;0;391;2;0.0;146.79329971377155;0;0;1
2173;0;5;62;0.0;162;4;17655.43;0.0;63;10;34;32;132;67;60;24.49;2;0;2725.14;0;382;2;0.0;0.0;0;0;1
2174;0;4;62;36.0;162;4;17655.43;0.0;44;10;34;0;132;62;60;24.49;2;2;2725.14;0;383;2;0.0;186.31017325841216;0;0;1
2175;0;1;62;0.0;162;4;17655.43;0.0;63;10;34;32;132;62;60;24.49;2;0;2725.14;0;392;2;0.0;196.4680268470633;0;0;1
2176;0;3;117;30.0;472;1;7103.035;0.0;50;5;28;32;572;58;12;11.95;72;2;2114.92;0;56;2;0.0;77.18090291767099;0;0;1
2177;0;2;117;30.0;472;1;7103.035;0.0;50;5;28;32;572;56;12;11.95;84;3;2114.92;0;57;2;0.0;95.90763914717404;0;0;1
2178;0;6;117;30.0;472;1;7103.035;0.0;50;5;28;50;572;56;112;11.95;72;3;2114.92;0;58;2;0.0;19.662585369422928;0;0;1
2179;0;0;117;30.0;472;1;7103.035;0.0;50;5;28;32;572;51;23;17.95;72;3;2114.92;0;49;0;0.0;31.373757466279773;0;0;1
2180;0;7;117;30.0;472;1;7103.035;0.0;50;5;28;32;572;56;112;11.95;72;2;2114.92;0;50;2;0.0;0.0;0;0;1
2181;0;5;117;30.0;472;1;7103.035;0.0;50;5;28;32;572;56;12;11.95;72;3;2114.92;0;59;2;0.0;67.23793038142641;0;0;1
2182;0;4;117;30.0;472;1;7103.035;0.0;50;5;28;32;572;56;23;11.95;72;2;2114.92;0;60;2;0.0;26.19665039519061;0;0;1
2183;0;1;117;30.0;472;1;7103.035;0.0;50;5;28;32;572;56;12;8.95;72;3;2114.92;0;63;2;0.0;47.750917099689;0;0;1
2184;0;3;271;39.0;414;6;63101.14;0.0;39;4;3;50;483;17;99;9.19;0;1;64.53;0;102;0;0.0;99.87584852091992;0;0;2
2185;0;2;271;39.0;414;6;63101.14;0.0;39;4;3;22;483;2;105;9.19;0;1;64.53;0;103;1;0.0;284.865041346602;0;0;2
2186;0;6;271;39.0;414;6;63101.14;0.0;39;4;3;22;483;17;105;9.19;64;1;64.53;0;104;1;0.0;395.8359189339464;0;0;2
2187;0;0;271;39.0;414;6;63101.14;0.0;39;4;3;22;483;17;110;5.19;64;1;64.53;0;105;1;0.0;291.3998881345758;0;0;2
2188;0;7;271;0.0;414;6;63101.14;0.0;39;4;3;22;483;28;105;9.19;64;1;64.53;0;106;1;0.0;385.97024035449454;0;0;2
2189;0;5;335;40.0;414;6;63101.14;0.0;39;4;2882;22;483;5;105;9.19;64;1;64.53;0;404;1;0.0;134.40789287927652;0;0;2
2190;0;4;271;40.0;414;6;63101.14;0.0;39;4;3;22;483;17;112;9.19;64;2;64.53;0;98;1;0.0;287.43003088020265;0;0;2
2191;0;1;335;-500.0;414;6;63101.14;0.0;39;4;3;22;483;6;105;9.19;64;2;64.53;0;107;1;0.0;260.40695921133494;0;0;2
2192;0;3;321;15.0;205;0;33453.08;0.0;62;10;23;14;427;13;105;9.3;76;2;1498.09;0;37;2;0.0;202.75991224081744;0;0;1
2193;0;2;335;15.0;205;0;33453.08;0.0;2;10;23;0;427;13;105;9.3;76;3;1498.09;0;38;2;0.0;195.09174816417152;0;0;1
2194;0;6;321;15.0;205;0;33453.08;0.0;2;10;23;14;427;13;105;7.300000000000002;76;3;1498.09;0;404;2;0.0;211.65217770527357;0;0;1
2195;0;0;321;0.0;205;8;33453.08;0.0;2;10;23;14;427;13;105;9.3;76;3;1498.09;0;48;2;0.0;72.01386208445936;0;0;2
2196;0;7;321;15.0;205;0;33453.08;0.0;2;10;23;50;427;13;99;9.3;76;3;1498.09;0;51;2;0.0;51.44424563888619;0;0;2
2197;0;5;321;15.0;205;0;33453.08;0.0;2;10;23;14;427;13;105;9.3;76;2;1498.09;0;52;2;0.0;49.36085235093471;0;0;2
2198;0;4;321;15.0;205;0;33453.08;0.0;2;10;23;14;427;13;93;9.3;76;3;1498.09;0;53;2;0.0;119.75064822459508;0;0;2
2199;0;1;321;16.0;205;0;33453.08;0.0;2;10;23;14;427;13;105;11.3;76;3;1498.09;0;54;2;0.0;329.079871083176;0;0;1
2200;0;3;304;42.0;625;10;83845.7;0.0;45;7;4;14;152;70;105;3.59;0;1;49.6;0;206;1;0.0;168.33069480725962;0;0;0
2201;0;2;304;42.0;408;10;83845.7;0.0;45;7;4;14;152;28;105;3.59;0;1;49.6;0;215;1;0.0;282.46343252677514;0;0;0
2202;0;6;304;42.0;408;10;83845.7;0.0;45;7;4;14;152;50;105;3.59;0;2;49.6;0;216;1;0.0;312.3779545591742;0;0;0
2203;0;0;304;42.0;408;10;83845.7;0.0;45;7;4;14;152;70;105;3.59;0;1;49.6;0;219;1;0.0;400.8593368104622;0;0;0
2204;0;7;304;43.0;408;10;0.0;0.0;45;7;4;14;152;70;12;3.59;0;1;49.6;0;220;1;0.0;246.9704491618208;0;0;0
2205;0;5;304;-500.0;408;10;83845.7;0.0;45;7;4;14;152;70;112;3.59;0;1;49.6;0;221;0;0.0;0.0;0;0;0
2206;0;4;304;43.0;408;8;83845.7;0.0;45;7;4;0;152;70;105;3.59;58;1;49.6;0;222;1;0.0;131.2784027836994;0;0;0
2207;0;1;304;43.0;408;10;83845.7;0.0;45;7;4;14;152;70;105;3.59;58;1;49.6;0;223;1;0.0;328.02904817418425;0;0;0
2208;0;3;491;36.0;390;14;108415.0;0.0;39;5;16;4;364;11;30;16.33;58;3;1075.84;0;229;2;0.0;64.29208809570467;0;0;2
2209;0;2;335;36.0;390;14;0.0;0.0;6;5;16;4;364;11;30;16.33;58;3;1075.84;0;230;2;0.0;178.64391962968898;0;0;2
2210;0;6;491;36.0;390;14;108415.0;0.0;39;5;16;4;364;11;30;16.33;58;2;1075.84;0;239;2;0.0;889.6997544270515;0;0;2
2211;0;0;491;36.0;390;14;108415.0;0.0;39;5;16;4;364;11;30;16.33;58;3;1075.84;0;404;2;0.0;87.92439980372347;0;0;2
2212;0;7;491;36.0;390;14;108415.0;0.0;39;5;16;4;364;11;32;16.33;58;3;1075.84;0;243;2;0.0;286.3494750185466;0;0;2
2213;0;5;491;36.0;390;14;108415.0;0.0;39;5;16;4;364;9;30;16.33;69;3;1075.84;0;244;2;0.0;335.03916319892244;0;0;2
2214;0;4;491;36.0;390;14;108415.0;0.0;39;5;16;4;364;11;112;16.33;69;2;1075.84;0;404;2;0.0;0.0;0;0;0
2215;0;1;491;-500.0;390;14;108415.0;0.0;39;5;16;4;364;11;43;16.33;69;3;1075.84;0;404;2;0.0;413.80642145741206;0;0;0
2216;0;3;76;52.0;441;3;32663.41;0.0;1;5;3;22;569;28;93;1.28;1;2;1067.3;0;101;1;0.0;39.11311135470283;0;0;2
2217;0;2;76;52.0;441;3;32663.41;0.0;1;5;3;22;569;70;97;1.28;1;1;1067.3;0;102;1;0.0;235.7948486221724;0;0;2
2218;0;6;76;52.0;441;3;32663.41;0.0;1;5;3;50;569;70;112;1.28;42;1;1067.3;0;103;1;0.0;155.31417075364877;0;0;2
2219;0;0;76;52.0;441;8;32663.41;0.0;1;5;3;22;569;28;73;1.28;42;1;1067.3;0;104;1;0.0;136.55732787354765;0;0;2
2220;0;7;335;52.0;441;8;32663.41;0.0;1;5;3;22;569;70;105;2.28;42;1;1067.3;0;105;1;0.0;188.6988301968956;0;0;2
2221;0;5;76;52.0;441;3;32663.41;0.0;1;5;3;22;569;70;112;1.28;42;1;1067.3;0;106;1;0.0;138.37126129133998;0;0;2
2222;0;4;76;52.0;625;8;32663.41;0.0;1;5;3;22;569;28;93;1.28;42;1;1067.3;0;97;1;0.0;0.0;0;0;0
2223;0;1;76;52.0;441;8;32663.41;0.0;1;5;3;22;569;70;89;1.28;42;1;1067.3;0;98;1;0.0;337.12217202833665;0;0;0
2224;0;3;119;45.0;383;11;132537.24;1083177.0;39;2;12;4;278;9;0;0.69;1;1;382.04;0;270;1;0.0;210.35012541339623;0;0;0
2225;0;2;119;45.0;383;11;132537.24;0.0;39;2;12;4;278;9;8;0.69;1;2;382.04;0;271;1;0.0;589.2997913284247;0;0;0
2226;0;6;119;45.0;383;11;132537.24;1083177.0;39;2;12;0;278;9;6;0.69;1;1;382.04;0;272;0;0.0;476.2254772271644;0;0;0
2227;0;0;119;45.0;383;11;132537.24;1083177.0;39;2;12;4;278;9;112;0.69;1;1;382.04;0;273;1;0.0;966.2252442743415;0;0;0
2228;0;7;119;45.0;383;11;132537.24;0.0;39;2;12;4;278;70;6;0.69;1;2;382.04;0;274;1;0.0;200.694001185178;0;0;0
2229;0;5;119;45.0;383;11;132537.24;1083177.0;39;2;12;4;278;71;41;0.69;1;2;382.04;0;265;1;0.0;0.0;0;0;2
2230;0;4;119;45.0;383;8;132537.24;1083177.0;39;2;12;4;278;9;73;0.69;1;1;382.04;0;404;1;0.0;364.46486091640816;0;0;0
2231;0;1;335;45.0;383;11;132537.24;0.0;39;2;12;4;278;9;8;0.69;1;1;382.04;0;287;1;0.0;762.7394903521832;0;0;0
2232;0;3;584;30.0;152;6;17850.56;0.0;63;5;18;44;341;23;43;13.11;7;0;3380.69;0;378;2;0.0;22.453172912851752;0;0;1
2233;0;2;584;30.0;152;6;17850.56;0.0;63;5;18;50;341;23;49;7.11;7;0;3380.69;0;379;2;0.0;127.04646944316929;0;0;2
2234;0;6;584;30.0;152;6;17850.56;0.0;63;5;18;44;341;23;43;7.11;7;0;3380.69;0;370;2;0.0;131.06207478691434;0;0;1
2235;0;0;584;30.0;625;6;17850.56;0.0;63;5;18;44;341;23;43;7.11;7;0;3380.69;0;371;0;0.0;72.05366522940447;0;0;1
2236;0;7;584;30.0;152;6;17850.56;0.0;63;5;4614;44;341;23;43;7.11;7;0;3380.69;0;380;2;0.0;73.21581341941936;0;0;1
2237;0;5;584;30.0;152;6;17850.56;0.0;63;5;18;44;341;22;47;7.11;7;0;3380.69;0;381;2;0.0;181.9309244365093;0;0;1
2238;0;4;584;30.0;152;6;17850.56;0.0;63;5;18;44;341;22;43;7.11;7;0;3380.69;0;384;2;0.0;0.0;0;0;1
2239;0;1;584;31.0;152;6;17850.56;0.0;17;5;18;0;341;25;112;7.11;7;0;3380.69;0;385;2;0.0;59.026802350736205;0;0;1
2240;0;3;599;33.0;624;13;15713.83;0.0;58;8;23;14;273;46;12;12.39;69;3;2271.53;0;30;2;0.0;85.34019887529081;0;0;1
2241;0;2;599;33.0;624;13;15713.83;0.0;58;8;23;14;273;46;16;12.39;69;3;2271.53;0;31;2;0.0;32.92466408955578;0;0;1
2242;0;6;599;33.0;625;13;15713.83;0.0;58;8;23;14;273;46;12;12.39;69;2;2271.53;0;32;2;0.0;60.38800088034181;0;0;1
2243;0;0;599;33.0;624;13;0.0;0.0;58;8;23;14;273;46;110;12.39;69;2;2271.53;0;33;2;0.0;107.99866380478022;0;0;1
2244;0;7;599;33.0;624;13;15713.83;0.0;66;8;23;14;273;49;23;12.39;69;3;2271.53;0;34;2;0.0;103.24659669266732;0;0;1
2245;0;5;599;0.0;624;13;15713.83;0.0;58;8;23;14;273;46;12;12.39;69;3;2271.53;0;25;2;0.0;0.0;0;0;1
2246;0;4;599;33.0;624;13;15713.83;0.0;58;8;23;14;273;41;110;12.39;69;3;2271.53;0;26;0;0.0;0.0;0;0;2
2247;0;1;335;33.0;624;13;15713.83;0.0;58;8;23;14;273;46;16;14.39;72;3;2271.53;0;35;2;0.0;28.753350327187142;0;0;2
2248;0;3;385;30.0;105;0;62050.89;53869075.0;63;7;22;36;564;15;49;14.95;81;0;4293.32;0;351;2;0.0;0.0;0;0;1
2249;0;2;385;30.0;105;0;62050.89;0.0;63;7;22;36;564;15;49;9.95;20;0;4293.32;0;352;2;0.0;120.39300443002308;0;0;1
2250;0;6;385;31.0;625;0;62050.89;53869075.0;63;7;2550;36;564;15;47;9.95;20;0;4293.32;0;353;2;0.0;360.6017562714633;0;0;1
2251;0;0;335;0.0;105;0;62050.89;0.0;63;7;22;36;564;15;49;9.95;20;2;4293.32;0;354;2;0.0;228.72905379186705;0;0;1
2252;0;7;385;31.0;105;0;62050.89;53869075.0;63;7;22;36;564;15;49;10.95;20;0;4293.32;0;404;2;0.0;105.31801976651056;0;0;1
2253;0;5;385;31.0;105;0;62050.89;53869075.0;63;7;22;50;564;15;56;9.95;20;0;4293.32;0;346;0;0.0;337.20429790261045;0;0;2
2254;0;4;385;31.0;105;0;62050.89;53869075.0;63;7;22;36;564;15;56;9.95;20;0;4293.32;0;347;2;0.0;527.7013996134748;0;0;2
2255;0;1;385;31.0;105;0;62050.89;53869075.0;63;7;22;36;564;15;54;9.95;20;0;4293.32;0;356;0;0.0;119.08402219065611;0;0;1
2256;0;3;602;36.0;87;3;18744.4;0.0;63;7;29;50;144;14;56;20.17;72;2;4432.68;0;353;2;0.0;145.24470070894586;0;0;2
2257;0;2;335;36.0;87;3;0.0;0.0;63;7;29;44;144;14;54;20.17;72;0;4432.68;0;354;2;0.0;125.9641228353977;0;0;2
2258;0;6;602;36.0;87;3;18744.4;0.0;63;7;29;44;144;14;49;20.17;72;0;4432.68;0;404;2;0.0;83.71065494799059;0;0;2
2259;0;0;602;36.0;625;3;18744.4;0.0;63;7;29;44;144;14;56;20.17;14;0;4432.68;0;346;2;0.0;62.3716437045432;0;0;2
2260;0;7;602;36.0;87;3;18744.4;0.0;63;7;29;44;144;14;62;17.17;14;2;4432.68;0;347;2;0.0;37.87691805585151;0;0;2
2261;0;5;602;36.0;87;3;18744.4;0.0;63;7;29;44;144;10;54;20.17;14;0;4432.68;0;356;2;0.0;179.85667134101828;0;0;2
2262;0;4;602;36.0;87;3;18744.4;0.0;63;7;29;44;144;9;49;20.17;14;0;4432.68;0;357;2;0.0;176.59413675585134;0;0;2
2263;0;1;602;37.0;87;3;0.0;0.0;63;7;29;44;144;19;54;20.17;14;0;4432.68;0;360;2;0.0;65.69335412982427;0;0;2
2264;0;3;218;38.0;330;8;12070.845;108890375.0;63;5;8;22;653;14;26;2.96;1;3;759.86;0;256;2;0.0;39.9986105708461;0;0;2
2265;0;2;218;38.0;330;8;0.0;108890375.0;63;5;5627;22;653;15;112;2.96;1;3;759.86;0;257;2;0.0;49.2280794794909;0;0;2
2266;0;6;218;38.0;330;8;0.0;108890375.0;63;5;8;22;653;11;16;2.96;1;3;759.86;0;258;2;0.0;75.90196408602581;0;0;2
2267;0;0;218;38.0;330;8;12070.845;108890375.0;63;5;8;22;653;15;16;9.96;1;2;759.86;0;259;2;0.0;74.52135838316447;0;0;2
2268;0;7;218;38.0;625;8;12070.845;108890375.0;63;5;8;22;653;15;16;2.96;1;3;759.86;0;260;2;0.0;114.4028086802082;0;0;2
2269;0;5;218;38.0;330;8;12070.845;108890375.0;63;5;8;0;653;13;16;2.96;58;2;759.86;0;261;0;0.0;103.5663154165577;0;0;2
2270;0;4;218;38.0;330;8;12070.845;108890375.0;63;5;8;22;653;16;16;2.96;58;3;759.86;0;262;0;0.0;64.57579118067879;0;0;2
2271;0;1;218;38.0;330;8;12070.845;108890375.0;63;5;8;22;653;15;16;2.96;58;2;759.86;0;253;2;0.0;76.93505249087757;0;0;2
2272;0;3;215;21.0;7;3;0.0;0.0;41;2;3;4;278;39;8;8.42;0;1;526.62;0;272;1;0.0;277.0183490043267;0;0;0
2273;0;2;215;6953.0;7;8;38539.57;0.0;41;2;3;26;278;39;8;8.42;0;1;526.62;0;273;1;0.0;285.2820709121632;0;0;0
2274;0;6;215;21.0;7;3;38539.57;0.0;41;2;3;0;278;70;2;0.0;0;1;526.62;0;274;0;0.0;243.2758564466573;0;0;0
2275;0;0;215;21.0;7;8;38539.57;0.0;41;2;3;4;278;6;89;8.42;0;2;526.62;0;265;1;0.0;81.09418711165624;0;0;0
2276;0;7;215;21.0;7;3;0.0;0.0;41;2;3;4;278;70;8;8.42;0;1;526.62;0;266;0;0.0;303.0276652684609;0;0;0
2277;0;5;335;22.0;7;3;38539.57;0.0;41;2;3;4;278;39;2;8.42;0;2;526.62;0;287;1;0.0;381.4716400962676;0;0;0
2278;0;4;215;22.0;7;3;38539.57;0.0;41;2;3;4;278;39;8;8.42;0;1;526.62;0;288;1;0.0;119.669847667166;0;0;0
2279;0;1;215;22.0;7;3;38539.57;0.0;41;2;3;4;278;70;41;8.42;0;1;526.62;0;291;0;0.0;119.64561081922815;0;0;0
2280;0;3;167;47.0;429;10;48411.24;430627.0;63;3;3;22;336;14;10;4.04;1;1;821.27;0;124;1;0.0;167.27339098853926;0;0;0
2281;0;2;167;47.0;429;10;48411.24;430627.0;63;3;3;22;336;14;16;3.04;1;1;821.27;0;125;1;0.0;57.00582377234532;0;0;0
2282;0;6;167;5626.0;429;10;48411.24;430627.0;63;3;3;22;336;13;105;1.04;1;1;0.0;0;126;1;0.0;56.99305697618989;0;0;0
2283;0;0;167;47.0;429;10;48411.24;430627.0;63;3;3;22;336;14;23;4.04;1;1;821.27;0;127;1;0.0;152.92375978173877;0;0;2
2284;0;7;167;47.0;429;10;0.0;430627.0;63;3;3;22;336;14;12;4.04;1;1;821.27;0;128;1;0.0;179.7661871977187;0;0;2
2285;0;5;167;47.0;429;10;0.0;430627.0;63;3;3;22;336;20;12;4.04;1;1;821.27;0;129;1;0.0;0.0;0;0;0
2286;0;4;167;47.0;429;10;48411.24;0.0;63;3;3;22;336;14;112;4.04;1;1;821.27;0;130;1;0.0;40.13372243848816;0;0;0
2287;0;1;167;47.0;429;10;48411.24;430627.0;63;3;3;22;336;14;12;4.04;55;1;821.27;0;121;1;0.0;326.5091907921635;0;0;0
2288;0;3;226;23.0;69;9;47275.96;0.0;50;3;4;22;480;13;112;9.43;42;1;302.1;0;183;1;0.0;75.56461376702056;0;0;0
2289;0;2;226;23.0;69;9;47275.96;0.0;50;3;4;6;480;15;112;4.43;42;1;302.1;0;184;1;0.0;469.7323729838309;0;0;0
2290;0;6;226;4471.0;69;8;47275.96;0.0;50;3;4;22;480;15;32;9.43;42;1;302.1;0;185;1;0.0;74.36499752330703;0;0;2
2291;0;0;226;23.0;69;9;47275.96;0.0;50;3;4;22;480;15;32;9.43;42;2;302.1;0;186;0;0.0;52.30567881137758;0;0;0
2292;0;7;226;23.0;69;9;47275.96;0.0;50;3;4;22;480;15;32;9.43;42;1;302.1;0;187;1;0.0;0.0;0;0;0
2293;0;5;226;23.0;69;9;47275.96;0.0;50;3;4;22;480;15;32;15.43;42;2;302.1;0;188;1;0.0;96.07291031084247;0;0;0
2294;0;4;226;24.0;69;8;47275.96;0.0;50;3;4;22;480;15;43;9.43;55;1;302.1;0;189;1;0.0;87.27612234595684;0;0;0
2295;0;1;335;0.0;69;8;47275.96;0.0;50;3;4;46;480;15;32;9.43;55;1;302.1;0;190;1;0.0;0.0;0;0;0
2296;0;3;313;42.0;625;14;30232.28;0.0;45;3;4;22;339;5;35;4.94;42;1;1483.59;0;306;0;0.0;0.0;0;0;0
2297;0;2;313;42.0;617;14;30232.28;0.0;45;3;4;22;339;6;0;4.94;42;2;1483.59;0;307;1;0.0;80.54357779578122;0;0;0
2298;0;6;313;42.0;617;14;30232.28;0.0;45;3;4;22;339;5;8;4.94;42;1;1483.59;0;308;0;0.0;32.84142070540819;0;0;0
2299;0;0;313;42.0;617;14;30232.28;0.0;45;3;215;0;339;5;89;4.94;42;1;1483.59;0;309;1;83410.0;134.7677970142132;0;0;2
2300;0;7;313;42.0;617;14;30232.28;0.0;45;3;4;50;339;5;112;3.94;42;1;1483.59;0;404;0;0.0;119.34138680787537;0;0;2
2301;0;5;313;42.0;625;14;30232.28;0.0;45;3;4;50;339;4;8;4.94;42;2;1483.59;0;301;1;0.0;203.78374953796475;0;0;2
2302;0;4;313;42.0;617;14;30232.28;0.0;45;3;4;22;339;5;8;3.94;42;2;1483.59;0;302;0;0.0;139.1206061603519;0;0;2
2303;0;1;313;42.0;617;14;22409880.0;0.0;45;3;4;22;339;5;8;6.94;42;1;1483.59;0;311;1;0.0;287.6464316728297;0;0;2
2304;0;3;161;548.0;223;1;33314.96;0.0;2;5;18;36;351;32;62;16.82;69;0;3271.84;0;0;2;0.0;184.66668560489933;0;0;1
2305;0;2;161;27.0;223;1;33314.96;0.0;2;5;438;36;351;32;56;22.82;69;0;3271.84;0;3;0;0.0;91.2422877052357;0;0;1
2306;0;6;161;27.0;223;1;33314.96;0.0;2;5;18;36;351;36;56;16.82;69;0;3271.84;0;4;2;0.0;0.0;0;0;1
2307;0;0;161;27.0;223;8;33314.96;0.0;2;5;18;36;351;32;56;16.82;69;2;3271.84;0;5;2;0.0;258.99816289528826;0;0;1
2308;0;7;161;27.0;223;1;33314.96;0.0;2;5;18;36;351;34;60;16.82;69;0;3271.84;0;6;2;0.0;390.3183914105378;0;0;1
2309;0;5;161;27.0;223;1;0.0;0.0;2;5;18;36;351;32;68;16.82;69;0;3271.84;0;7;2;0.0;69.07804175259389;0;0;1
2310;0;4;161;28.0;223;1;33314.96;0.0;2;5;18;36;351;37;56;16.82;69;2;0.0;0;8;2;0.0;0.0;0;0;1
2311;0;1;161;28.0;223;1;33314.96;0.0;2;5;18;36;351;31;56;16.82;69;2;3271.84;0;9;2;0.0;102.99094207947029;0;0;1
2312;0;3;449;44.0;625;7;7599.035;0.0;58;9;27;32;574;34;37;-3.52;72;0;2198.82;0;113;2;0.0;98.81828232727824;0;0;1
2313;0;2;449;44.0;453;7;7599.035;0.0;25;9;27;32;574;34;112;9.48;72;2;2198.82;0;404;0;0.0;35.84381010283503;0;0;1
2314;0;6;449;44.0;453;7;7599.035;0.0;58;9;27;32;574;34;54;3.48;72;0;2198.82;0;115;2;0.0;25.62301659145623;0;0;1
2315;0;0;449;44.0;453;7;7599.035;0.0;58;9;27;32;574;32;43;3.48;72;0;2198.82;0;116;2;0.0;109.92669107027297;0;0;1
2316;0;7;449;0.0;453;7;7599.035;0.0;58;9;27;32;574;34;43;3.48;72;2;2198.82;0;117;2;0.0;120.01872700618792;0;0;2
2317;0;5;449;44.0;453;7;7599.035;0.0;58;9;27;32;574;34;47;3.48;72;0;2198.82;0;118;2;0.0;16.29075390087203;0;0;1
2318;0;4;449;44.0;453;7;7599.035;0.0;58;9;27;32;574;34;43;3.48;72;0;2198.82;0;109;2;0.0;23.43686423025219;0;0;1
2319;0;1;449;45.0;625;7;7599.035;0.0;58;9;27;9;574;34;43;3.48;72;0;2198.82;0;110;2;0.0;67.99418120826606;0;0;1
2320;0;3;64;18.0;625;14;0.0;0.0;45;7;6;50;49;16;23;9.86;58;2;80.5;0;25;2;0.0;727.9822228180221;0;0;2
2321;0;2;64;18.0;268;14;97640.4;80347.0;45;7;6;22;49;16;112;9.86;58;3;80.5;0;26;0;0.0;173.49527414130011;0;0;2
2322;0;6;64;19.0;268;14;97640.4;80347.0;45;7;6;22;49;16;16;0.0;58;3;80.5;0;35;2;0.0;171.9704540671099;0;0;2
2323;0;0;335;19.0;268;14;0.0;80347.0;45;7;6;22;49;16;30;9.86;85;3;80.5;0;36;2;0.0;141.86428127465342;0;0;1
2324;0;7;64;19.0;268;14;97640.4;80347.0;45;7;6;22;49;16;12;15.86;58;3;80.5;0;39;0;0.0;223.6558851107632;0;0;1
2325;0;5;64;19.0;268;14;97640.4;80347.0;45;7;6;22;49;16;112;16.86;58;3;80.5;0;40;0;0.0;99.73933287007178;0;0;1
2326;0;4;64;19.0;268;14;97640.4;0.0;45;7;6;22;49;16;16;9.86;58;3;80.5;0;41;2;0.0;183.93532053596053;0;0;1
2327;0;1;335;19.0;625;14;97640.4;80347.0;45;7;6;22;49;16;23;9.86;58;3;80.5;0;42;2;0.0;356.4875127119888;0;0;2
2328;0;3;255;33.0;614;11;75881.16;653543.0;2;6;16;32;135;27;37;9.94;7;0;2321.23;0;27;2;0.0;94.59513165788064;0;0;1
2329;0;2;255;33.0;614;11;75881.16;653543.0;2;6;16;32;135;33;37;9.94;7;0;2321.23;0;28;2;0.0;333.4966538689042;0;0;1
2330;0;6;255;33.0;614;11;75881.16;653543.0;2;6;16;32;135;31;49;9.94;7;0;2321.23;0;29;2;0.0;128.10965063255216;0;0;1
2331;0;0;255;33.0;614;11;75881.16;653543.0;61;6;16;32;135;27;112;9.94;7;2;2321.23;0;30;2;0.0;451.3351650587834;0;0;1
2332;0;7;255;34.0;614;11;75881.16;653543.0;2;6;16;32;135;31;43;9.94;7;0;2321.23;0;31;2;0.0;474.06446991745696;0;0;1
2333;0;5;255;0.0;614;11;75881.16;653543.0;8;6;16;32;135;31;32;9.94;7;0;2321.23;0;32;2;0.0;512.7324608590351;0;0;1
2334;0;4;255;34.0;614;11;75881.16;653543.0;2;6;16;32;135;31;49;9.94;7;0;2321.23;0;33;2;0.0;262.0164445692809;0;0;1
2335;0;1;255;34.0;614;11;75881.16;653543.0;2;6;2565;32;135;31;47;9.94;7;2;2321.23;0;34;0;0.0;509.8968822571808;0;0;1
2336;0;3;335;28.0;536;10;0.0;0.0;41;5;8;22;482;19;32;0.0;72;3;581.05;0;46;0;0.0;54.602301888246345;0;0;2
2337;0;2;347;28.0;536;10;36490.98;0.0;41;5;8;22;482;19;112;9.75;72;3;581.05;0;37;2;0.0;58.63332277639552;0;0;2
2338;0;6;347;28.0;536;10;36490.98;0.0;41;5;8;22;482;24;112;9.75;85;3;581.05;0;38;2;0.0;340.837432280423;0;0;2
2339;0;0;347;28.0;625;10;36490.98;0.0;41;5;8;0;482;19;37;7.75;72;2;581.05;0;47;2;0.0;44.4586864724624;0;0;2
2340;0;7;347;28.0;625;10;36490.98;0.0;41;5;8;22;482;19;37;2.75;72;3;581.05;0;48;2;0.0;50.748274106411856;0;0;2
2341;0;5;347;28.0;536;10;36490.98;0.0;41;5;8;22;482;19;37;9.75;14;3;581.05;0;51;0;0.0;130.01930459306766;0;0;2
2342;0;4;347;28.0;536;10;36490.98;0.0;41;5;8;22;482;19;47;9.75;14;2;581.05;0;52;2;0.0;178.46313229034962;0;0;2
2343;0;1;347;29.0;536;10;36490.98;0.0;41;5;8;22;482;16;37;7.75;14;3;581.05;0;53;2;0.0;72.89077069063487;0;0;2
2344;0;3;175;18.0;228;2;30743.6;0.0;45;4;5;4;156;22;28;14.76;58;2;401.53;0;373;2;0.0;38.01437646638768;0;0;2
2345;0;2;175;18.0;228;2;30743.6;0.0;45;4;5;4;156;22;18;14.76;58;2;401.53;0;374;2;0.0;80.79006992126705;0;0;2
2346;0;6;175;18.0;228;2;30743.6;0.0;45;4;5;4;156;20;18;14.76;85;3;401.53;0;375;2;0.0;174.63325282932368;0;0;2
2347;0;0;175;18.0;228;2;30743.6;0.0;45;4;5;4;156;22;18;14.76;58;3;401.53;0;376;2;0.0;82.91104926043975;0;0;2
2348;0;7;175;0.0;228;2;30743.6;0.0;45;4;5;0;156;22;18;17.759999999999994;58;3;401.53;0;377;2;0.0;56.11761971749932;0;0;2
2349;0;5;175;19.0;228;2;30743.6;0.0;45;4;5;4;156;19;12;14.76;64;3;401.53;0;404;2;0.0;301.136195170676;0;0;2
2350;0;4;175;19.0;228;2;30743.6;0.0;45;4;5;4;156;21;18;14.76;64;3;401.53;0;379;2;0.0;35.9334543048478;0;0;2
2351;0;1;175;19.0;228;2;30743.6;0.0;45;4;5;4;156;21;28;14.76;64;3;401.53;0;370;2;0.0;53.68821759914816;0;0;2
2352;0;3;202;21.0;26;5;177150.4;0.0;37;6;6;50;58;50;16;1.47;58;1;429.86;0;168;0;0.0;296.5042850480728;0;0;0
2353;0;2;202;21.0;26;5;177150.4;0.0;37;6;6;22;58;28;112;1.47;58;1;429.86;0;171;0;0.0;0.0;0;0;0
2354;0;6;202;21.0;26;5;177150.4;0.0;37;6;6;22;58;50;18;1.47;58;2;429.86;0;172;1;0.0;1299.5844684095034;0;0;2
2355;0;0;335;21.0;26;5;0.0;0.0;37;6;6;0;58;50;18;1.47;58;1;429.86;0;404;1;0.0;220.10607339052788;0;0;2
2356;0;7;335;21.0;26;5;177150.4;0.0;37;6;6;22;58;39;12;1.47;58;1;429.86;0;404;1;0.0;816.9023299089723;0;0;2
2357;0;5;202;22.0;26;5;177150.4;0.0;37;6;6;22;58;50;12;1.47;58;1;429.86;0;175;1;0.0;606.3935648150075;0;0;2
2358;0;4;202;22.0;26;5;177150.4;0.0;37;264;6;22;58;50;23;3.47;58;1;429.86;0;176;1;0.0;1674.3376646852016;0;0;2
2359;0;1;202;22.0;26;5;177150.4;0.0;37;6;6;22;58;17;12;1.47;58;1;429.86;0;177;1;0.0;156.39280072825275;0;0;2
2360;0;3;467;26.0;262;1;110264.0;0.0;63;6;19;36;268;27;18;16.6;72;3;642.65;0;57;2;0.0;121.57313996967731;0;0;2
2361;0;2;467;26.0;262;1;110264.0;0.0;63;6;19;36;268;27;23;14.6;72;3;642.65;0;404;0;0.0;0.0;0;0;2
2362;0;6;467;26.0;262;1;110264.0;0.0;63;6;19;36;268;27;23;14.6;72;3;642.65;0;49;2;0.0;0.0;0;0;2
2363;0;0;467;26.0;262;1;110264.0;0.0;63;6;19;36;268;27;23;0.0;72;3;642.65;0;50;2;0.0;147.33220196876474;0;0;0
2364;0;7;467;26.0;262;1;110264.0;0.0;63;6;19;36;268;26;23;14.6;72;2;642.65;0;59;2;0.0;477.92029061988296;0;0;0
2365;0;5;467;26.0;262;1;110264.0;0.0;63;6;19;36;268;27;23;14.6;72;3;642.65;0;60;0;0.0;669.8898104361223;0;0;2
2366;0;4;467;26.0;262;1;110264.0;0.0;63;6;19;36;268;27;26;0.0;14;2;642.65;0;63;2;0.0;79.45974051046747;0;0;0
2367;0;1;467;26.0;262;1;110264.0;0.0;63;6;19;36;268;25;23;14.6;14;3;642.65;0;404;2;0.0;447.3622112129272;0;0;0
2368;0;3;335;14.0;611;12;32128.24;0.0;50;4;12;36;348;13;43;10.61;76;3;465.04;0;369;2;0.0;239.30177291950704;0;0;2
2369;0;2;310;14.0;611;12;32128.24;0.0;50;4;12;50;348;16;43;10.61;76;3;465.04;0;372;2;0.0;46.58224519949514;0;0;2
2370;0;6;310;14.0;625;12;32128.24;0.0;50;4;12;36;348;16;43;10.61;76;3;465.04;0;373;2;0.0;137.6555081921675;0;0;2
2371;0;0;310;14.0;611;12;32128.24;0.0;50;4;12;36;348;16;43;10.61;76;3;0.0;0;374;2;0.0;212.7184255137688;0;0;2
2372;0;7;310;14.0;611;12;32128.24;0.0;50;4;2091;36;348;16;43;10.61;76;3;465.04;0;375;2;0.0;151.79526450225504;0;0;2
2373;0;5;310;14.0;611;12;32128.24;0.0;50;4;12;36;348;16;32;0.0;76;3;465.04;0;376;2;0.0;74.18108118254484;0;0;2
2374;0;4;310;14.0;611;12;32128.24;0.0;50;4;12;50;348;16;112;10.61;76;3;465.04;0;377;2;0.0;152.41405948223291;0;0;2
2375;0;1;310;14.0;611;12;32128.24;0.0;50;4;4892;36;348;16;43;10.61;76;3;465.04;0;378;2;0.0;56.64851660021863;0;0;2
2376;0;3;108;23.0;516;5;151722.56;0.0;45;5;2;14;71;11;73;2.89;1;2;0.0;0;174;1;0.0;1359.39444147192;0;0;0
2377;0;2;108;23.0;516;5;151722.56;0.0;45;5;2;14;71;11;73;2.89;1;1;218.25;0;175;1;0.0;1072.889719066657;0;0;0
2378;0;6;335;23.0;516;5;151722.56;0.0;45;5;2;14;71;11;89;2.89;1;1;218.25;0;176;1;0.0;205.4116649606248;0;0;0
2379;0;0;108;23.0;516;5;151722.56;0.0;45;5;2;14;71;13;73;2.89;1;1;218.25;0;177;0;0.0;121.40808236485417;0;0;2
2380;0;7;108;23.0;516;5;151722.56;0.0;45;5;2;14;71;11;93;2.89;1;2;218.25;0;178;1;0.0;318.55336150442;0;0;2
2381;0;5;108;23.0;625;5;151722.56;0.0;45;5;2;14;71;8;6;2.89;1;1;218.25;0;169;1;0.0;683.8709534565731;0;0;2
2382;0;4;108;23.0;516;5;151722.56;0.0;45;5;2;14;71;11;6;2.89;1;2;218.25;0;170;1;40400.0;297.12919236289764;0;0;0
2383;0;1;108;23.0;516;8;151722.56;0.0;45;5;2;14;71;8;6;2.89;1;1;218.25;0;179;1;0.0;1385.0813493160083;0;0;0
2384;0;3;335;26.0;41;9;62316.63;48950525.0;63;4;7;14;498;9;12;6.94;1;3;417.27;0;232;0;0.0;441.3438381178068;0;0;2
2385;0;2;41;26.0;41;9;62316.63;48950525.0;63;4;7;14;498;13;12;0.94;1;3;417.27;0;233;0;0.0;243.35790138523396;0;0;2
2386;0;6;41;26.0;41;9;0.0;48950525.0;63;4;7;14;498;70;12;0.94;1;2;417.27;0;234;1;0.0;73.31445606793487;0;0;2
2387;0;0;41;0.0;41;9;0.0;0.0;63;4;7;14;498;9;12;0.94;1;2;417.27;0;404;1;0.0;86.08430298731638;0;0;2
2388;0;7;41;26.0;41;9;62316.63;0.0;63;4;7;14;498;9;112;0.94;1;3;417.27;0;236;1;0.0;93.13362812387253;0;0;2
2389;0;5;335;26.0;41;9;62316.63;48950525.0;63;137;7;14;498;9;12;0.94;1;3;417.27;0;237;0;0.0;0.0;0;0;2
2390;0;4;41;26.0;41;9;62316.63;0.0;63;4;7;14;498;9;12;0.94;1;3;417.27;0;238;1;0.0;64.1065184301486;0;0;2
2391;0;1;335;27.0;41;9;62316.63;48950525.0;63;4;7;14;498;9;110;0.94;1;3;417.27;0;229;1;0.0;146.4301794746167;0;0;2
2392;0;3;458;43.0;143;7;19310.62;0.0;70;6;34;0;194;47;112;12.87;2;3;1306.08;0;402;2;0.0;152.25416414991176;0;0;2
2393;0;2;458;43.0;143;7;19310.62;0.0;70;6;34;50;194;47;110;12.87;2;2;1306.08;0;403;2;0.0;14.451506780514883;0;0;2
2394;0;6;458;43.0;143;7;19310.62;0.0;70;6;34;29;194;47;105;12.87;2;3;1306.08;0;394;2;0.0;80.8512688321708;0;0;1
2395;0;0;458;43.0;143;7;19310.62;0.0;70;6;34;29;194;49;110;13.87;2;3;1306.08;0;395;2;0.0;103.2071556802705;0;0;2
2396;0;7;458;43.0;143;7;19310.62;0.0;70;6;34;29;194;47;110;12.87;2;2;1306.08;0;23;2;0.0;47.54862902892503;0;0;1
2397;0;5;458;43.0;143;7;19310.62;0.0;70;6;34;29;194;47;112;19.87;2;3;1306.08;0;404;2;0.0;67.10128288323835;0;0;1
2398;0;4;335;43.0;143;7;19310.62;0.0;70;6;34;0;194;43;112;0.0;2;3;1306.08;0;27;2;0.0;123.39798909391403;0;0;2
2399;0;1;458;-500.0;143;7;19310.62;0.0;70;6;34;29;194;47;10;12.87;2;3;1306.08;0;28;2;0.0;0.0;0;0;2
2400;0;3;170;47.0;209;5;94511.79;0.0;45;3;9;50;277;6;110;7.29;0;1;1315.6;0;123;1;0.0;605.6547310736244;0;0;0
2401;0;2;170;47.0;209;5;94511.79;0.0;45;3;9;2;277;50;110;7.29;0;1;1315.6;0;124;0;0.0;498.884084162471;0;0;0
2402;0;6;170;47.0;625;5;0.0;0.0;45;3;9;2;277;6;110;7.29;0;2;1315.6;0;125;1;0.0;101.014073593404;0;0;0
2403;0;0;170;47.0;209;5;94511.79;0.0;45;3;9;2;277;6;110;0.29;0;1;1315.6;0;126;1;0.0;0.0;0;0;2
2404;0;7;170;47.0;209;8;94511.79;0.0;45;3;9;2;277;6;110;7.29;0;2;1315.6;0;404;1;0.0;217.9098531151534;0;0;0
2405;0;5;170;47.0;209;5;94511.79;0.0;45;3;9;2;277;6;110;7.29;0;1;1315.6;0;128;1;0.0;441.46767526357576;0;0;0
2406;0;4;170;47.0;209;5;94511.79;0.0;45;3;9;2;277;6;110;0.0;0;1;1315.6;0;129;1;0.0;213.489524879326;0;0;0
2407;0;1;170;47.0;209;5;94511.79;0.0;45;3;9;2;277;6;99;7.29;0;2;1315.6;0;130;1;0.0;379.8988636573503;0;0;0
2408;0;3;356;49.0;320;9;96275.84;0.0;50;6;19;4;364;69;32;0.9400000000000004;1;3;999.36;0;231;2;0.0;148.36071033563377;0;0;2
2409;0;2;356;50.0;320;9;96275.84;0.0;50;6;19;4;364;69;32;6.94;1;2;999.36;0;232;2;0.0;0.0;0;0;2
2410;0;6;356;50.0;320;9;96275.84;0.0;50;6;19;4;364;69;43;6.94;85;3;999.36;0;233;2;0.0;187.6973828474216;0;0;2
2411;0;0;356;50.0;320;9;96275.84;0.0;50;6;19;4;364;70;32;6.94;1;3;999.36;0;234;2;0.0;598.2463611011995;0;0;2
2412;0;7;356;50.0;320;9;96275.84;0.0;50;6;19;4;364;69;32;6.94;64;3;999.36;0;235;0;0.0;287.43505785570204;0;0;2
2413;0;5;335;50.0;320;8;96275.84;0.0;50;6;19;4;364;69;32;6.94;64;3;999.36;0;236;2;0.0;472.1294436916165;0;0;2
2414;0;4;356;50.0;320;9;96275.84;0.0;50;6;19;4;364;69;32;7.94;64;3;999.36;0;237;2;0.0;160.23063954157232;0;0;1
2415;0;1;356;50.0;320;9;96275.84;0.0;50;6;19;4;364;69;32;2.9400000000000004;64;3;999.36;0;238;0;0.0;129.8319666668486;0;0;2
2416;0;3;264;36.0;332;14;57219.92;0.0;63;6;33;32;656;13;54;19.25;81;0;4935.76;0;276;2;0.0;0.0;0;0;2
2417;0;2;264;0.0;332;14;57219.92;0.0;63;6;33;32;656;13;60;19.25;81;2;4935.76;0;279;0;0.0;150.1177375448419;0;0;2
2418;0;6;264;36.0;332;14;57219.92;0.0;63;6;33;32;656;13;54;19.25;81;0;4935.76;0;280;2;0.0;0.0;0;0;2
2419;0;0;264;36.0;332;14;57219.92;0.0;63;6;33;32;656;18;60;19.25;20;2;4935.76;0;281;2;0.0;218.88823288724583;0;0;2
2420;0;7;264;36.0;625;14;57219.92;0.0;63;6;33;32;656;16;54;19.25;20;0;4935.76;0;282;2;0.0;76.24300407451148;0;0;2
2421;0;5;264;36.0;332;14;57219.92;0.0;63;6;33;32;656;9;54;19.25;20;2;4935.76;0;283;2;0.0;417.6121082613532;0;0;2
2422;0;4;264;36.0;332;14;57219.92;0.0;63;6;33;32;656;13;49;19.25;20;0;4935.76;0;404;2;0.0;39.52354957007006;0;0;2
2423;0;1;264;0.0;332;14;57219.92;0.0;63;6;33;32;656;15;56;19.25;20;0;4935.76;0;285;2;0.0;63.241849296401966;0;0;2
2424;0;3;360;30.0;574;14;80591.2;0.0;41;4;32;50;666;25;112;9.62;72;2;2024.84;0;63;2;0.0;512.9191894924517;0;0;1
2425;0;2;360;30.0;574;14;80591.2;0.0;41;4;32;14;666;29;105;9.62;72;3;2024.84;0;64;2;0.0;653.1526742693961;0;0;1
2426;0;6;360;30.0;574;14;80591.2;0.0;41;4;32;14;666;25;97;9.62;72;2;2024.84;0;404;2;0.0;133.67411550006508;0;0;1
2427;0;0;360;30.0;574;14;80591.2;0.0;41;4;32;14;666;21;105;5.619999999999999;72;2;2024.84;0;66;2;0.0;496.1273305231648;0;0;2
2428;0;7;360;30.0;574;14;80591.2;0.0;41;4;32;14;666;25;105;16.619999999999994;72;3;2024.84;0;67;2;0.0;193.35565098164184;0;0;1
2429;0;5;360;30.0;574;14;80591.2;0.0;41;4;32;14;666;30;105;10.62;72;3;2024.84;0;68;2;0.0;613.7810166702428;0;0;1
2430;0;4;360;30.0;574;14;80591.2;0.0;41;4;32;14;666;23;10;9.62;76;2;2024.84;0;404;2;0.0;451.74467610666807;0;0;1
2431;0;1;360;31.0;574;8;80591.2;0.0;41;4;32;14;666;25;105;9.62;76;2;2024.84;0;70;2;0.0;565.2692953119252;0;0;1
2432;0;3;55;30.0;174;8;73434.92;0.0;1;5;5;22;481;8;73;11.93;0;2;192.45;0;92;1;0.0;137.15851960709472;0;0;2
2433;0;2;55;0.0;174;10;73434.92;0.0;1;5;5;22;481;61;73;11.93;0;2;192.45;0;93;1;714500.0;131.51629140511682;0;0;2
2434;0;6;55;30.0;174;10;73434.92;0.0;1;5;5;22;481;61;73;16.93;0;1;192.45;0;94;1;0.0;0.0;0;0;2
2435;0;0;55;30.0;174;10;0.0;0.0;1;5;5;22;481;61;73;11.93;0;1;192.45;0;85;1;303580.0;562.4491165338296;0;0;2
2436;0;7;55;30.0;174;10;73434.92;0.0;1;5;5;22;481;61;41;11.93;0;1;192.45;0;86;1;0.0;0.0;0;0;2
2437;0;5;55;30.0;174;10;73434.92;0.0;1;5;5;22;481;61;73;11.93;0;1;192.45;0;95;1;0.0;470.7278528862796;0;0;2
2438;0;4;55;0.0;174;10;73434.92;0.0;1;5;5;22;481;7;112;11.93;27;1;192.45;0;96;1;0.0;229.9307849084508;0;0;2
2439;0;1;55;31.0;625;10;73434.92;0.0;1;5;5;0;481;61;73;11.93;0;1;192.45;0;99;1;0.0;171.90893893425;0;0;2
2440;0;3;222;-500.0;407;2;0.0;473507.0;63;7;28;41;247;60;47;2.99;69;0;2560.45;0;339;0;0.0;0.0;0;0;1
2441;0;2;222;21.0;407;2;53916.84;473507.0;63;7;28;41;247;58;47;2.99;69;0;2560.45;0;340;2;0.0;207.69164801079572;0;0;1
2442;0;6;222;21.0;407;2;53916.84;473507.0;63;7;28;41;247;58;47;2.99;69;0;2560.45;0;341;2;0.0;231.30240526346387;0;0;1
2443;0;0;222;21.0;407;2;53916.84;473507.0;63;7;28;0;247;59;47;2.99;69;0;2560.45;0;342;2;0.0;82.48790270233998;0;0;1
2444;0;7;335;21.0;407;8;53916.84;473507.0;63;7;28;41;247;57;32;2.99;59;2;2560.45;0;343;2;0.0;169.88036770573368;0;0;1
2445;0;5;335;21.0;407;2;53916.84;473507.0;63;7;28;41;247;58;47;-1.0099999999999998;69;0;2560.45;0;404;2;0.0;163.58617260140042;0;0;1
2446;0;4;222;21.0;407;2;53916.84;473507.0;63;7;28;41;247;58;49;2.99;69;0;2560.45;0;335;2;0.0;75.21324357962132;0;0;1
2447;0;1;222;21.0;407;2;53916.84;473507.0;63;7;28;41;247;58;47;2.99;69;0;2560.45;0;344;0;0.0;96.70205298794993;0;0;1
2448;0;3;457;34.0;260;11;53071.47;46566225.0;63;5;5645;41;664;44;37;8.05;2;0;1740.38;0;404;0;0.0;60.72245822211172;0;0;1
2449;0;2;335;34.0;625;11;53071.47;46566225.0;63;5;21;41;664;44;30;4.050000000000002;2;2;1740.38;0;129;2;0.0;77.5710920616907;0;0;1
2450;0;6;457;34.0;260;11;53071.47;46566225.0;63;5;21;41;664;49;37;8.05;2;0;1740.38;0;130;2;0.0;451.5421441365231;0;0;1
2451;0;0;457;35.0;260;11;53071.47;46566225.0;63;5;21;41;664;44;37;8.05;2;0;1740.38;0;121;2;674820.0;76.30682513210726;0;0;2
2452;0;7;457;35.0;260;11;53071.47;46566225.0;63;5;21;41;664;44;37;15.05;2;0;1740.38;0;122;2;0.0;215.97939497884343;0;0;1
2453;0;5;457;35.0;260;11;53071.47;46566225.0;63;5;21;41;664;42;37;8.05;2;0;1740.38;0;131;2;0.0;182.31944933298985;0;0;1
2454;0;4;457;35.0;260;11;53071.47;46566225.0;63;5;21;41;664;46;37;11.05;2;0;1740.38;0;132;2;0.0;120.32189971136611;0;0;2
2455;0;1;335;35.0;260;11;53071.47;46566225.0;63;5;2620;41;664;44;37;8.05;2;0;1740.38;0;135;2;545740.0;191.21481720128844;0;0;1
2456;0;3;415;42.0;246;4;69692.16;603468.0;70;5;32;36;579;12;47;17.66;81;0;2128.87;0;404;2;0.0;121.8483595421238;0;0;1
2457;0;2;335;42.0;246;4;69692.16;603468.0;70;5;32;36;579;12;47;14.66;81;0;2128.87;0;49;2;0.0;0.0;0;0;1
2458;0;6;415;42.0;246;4;69692.16;0.0;70;5;32;36;579;12;47;14.66;81;0;2128.87;0;50;2;0.0;99.85887514593988;0;0;2
2459;0;0;415;-500.0;246;4;69692.16;603468.0;70;5;32;36;579;12;47;14.66;81;0;2128.87;0;59;2;0.0;0.0;0;0;1
2460;0;7;415;42.0;246;4;69692.16;603468.0;70;5;32;36;579;16;47;19.66;81;2;2128.87;0;60;2;0.0;252.94266531253265;0;0;2
2461;0;5;415;42.0;246;4;69692.16;603468.0;70;1387;32;36;579;12;47;14.66;81;0;2128.87;0;63;2;0.0;258.973948263355;0;0;1
2462;0;4;415;42.0;246;4;69692.16;603468.0;70;5;32;36;579;15;47;14.66;81;0;2128.87;0;64;2;0.0;0.0;0;0;1
2463;0;1;415;42.0;246;4;69692.16;603468.0;70;5;32;36;579;12;47;14.66;81;0;2128.87;0;65;2;0.0;222.1975582319012;0;0;1
2464;0;3;593;33.0;444;5;15735.68;0.0;39;6;7;50;589;22;16;19.08;64;3;1574.91;0;382;2;0.0;0.0;0;0;2
2465;0;2;593;34.0;444;5;0.0;0.0;39;6;7;14;589;16;16;19.08;64;2;1574.91;0;383;2;0.0;30.63041904629227;0;0;2
2466;0;6;593;34.0;444;5;15735.68;0.0;39;6;7;14;589;16;12;19.08;64;3;1574.91;0;392;2;0.0;51.12416515620594;0;0;2
2467;0;0;593;34.0;444;5;15735.68;0.0;39;6;7;14;589;16;18;19.08;64;3;1574.91;0;393;2;0.0;101.08449899940445;0;0;2
2468;0;7;593;34.0;444;5;15735.68;0.0;39;6;7;14;589;16;16;19.08;72;3;1574.91;0;396;0;0.0;42.12565330041639;0;0;2
2469;0;5;593;34.0;444;8;15735.68;0.0;39;6;7;14;589;16;16;19.08;72;3;1574.91;0;397;2;0.0;101.25552310290256;0;0;2
2470;0;4;593;34.0;444;5;15735.68;0.0;39;6;7;14;589;16;16;21.08;72;3;1574.91;0;398;2;0.0;32.62047803090879;0;0;2
2471;0;1;593;34.0;444;5;15735.68;0.0;39;6;7;14;589;16;110;19.08;72;3;1574.91;0;399;0;0.0;12.494580308623554;0;0;2
2472;0;3;249;31.0;625;4;20502.64;0.0;63;10;28;41;248;16;28;25.18;7;0;4182.21;0;18;2;0.0;68.07716809836327;0;0;2
2473;0;2;249;31.0;235;4;20502.64;0.0;63;10;28;41;248;16;28;29.18;7;2;4182.21;0;19;2;0.0;201.17285766840465;0;0;2
2474;0;6;249;31.0;235;4;20502.64;0.0;63;10;28;41;248;16;112;27.18;26;0;4182.21;0;20;2;0.0;148.7138906620859;0;0;2
2475;0;0;249;32.0;235;4;20502.64;0.0;63;10;28;41;248;14;28;25.18;26;0;4182.21;0;21;2;0.0;117.15935311631262;0;0;2
2476;0;7;249;32.0;235;4;20502.64;0.0;63;10;28;41;248;16;28;25.18;26;0;4182.21;0;22;2;0.0;119.26789704153774;0;0;2
2477;0;5;249;32.0;235;4;20502.64;0.0;63;10;28;41;248;16;37;25.18;26;0;4182.21;0;13;2;0.0;63.96982524729165;0;0;2
2478;0;4;249;-500.0;625;4;20502.64;0.0;63;10;28;41;248;16;23;25.18;26;0;4182.21;0;14;2;0.0;123.87279646529316;0;0;2
2479;0;1;335;0.0;235;4;20502.64;0.0;63;10;28;41;248;11;32;25.18;26;2;4182.21;0;143;2;0.0;63.46105889273961;0;0;2
2480;0;3;335;53.0;207;9;55662.64;0.0;41;6;6;16;646;25;51;17.060000000000002;42;3;1078.02;0;185;2;0.0;423.72952399325374;0;0;2
2481;0;2;572;0.0;207;9;55662.64;0.0;41;6;6;16;646;25;37;11.06;42;2;1078.02;0;186;2;0.0;139.36558212244145;0;0;2
2482;0;6;335;54.0;207;9;55662.64;0.0;41;6;6;16;646;26;37;11.06;42;3;1078.02;0;187;2;0.0;44.571314261283206;0;0;2
2483;0;0;572;54.0;207;9;0.0;0.0;41;6;6;16;646;20;37;11.06;42;3;1078.02;0;188;2;0.0;77.6417362948753;0;0;2
2484;0;7;572;54.0;207;8;55662.64;0.0;41;6;6;16;646;31;37;11.06;42;3;1078.02;0;189;2;0.0;339.3782531390001;0;0;2
2485;0;5;572;54.0;625;9;55662.64;0.0;41;6;6;16;646;25;37;18.06;42;3;1078.02;0;190;2;0.0;204.80362889801987;0;0;2
2486;0;4;335;54.0;207;9;55662.64;0.0;41;6;6;16;646;23;28;11.06;42;3;1078.02;0;404;2;0.0;104.39468527901164;0;0;2
2487;0;1;335;54.0;207;9;55662.64;0.0;41;6;6;16;646;31;43;11.06;42;3;1078.02;0;404;2;0.0;0.0;0;0;2
2488;0;3;212;20.0;213;12;19758.84;190157.0;58;5;32;41;52;52;56;0.7599999999999998;81;0;1352.88;0;73;2;0.0;39.603999793839456;0;0;1
2489;0;2;212;20.0;213;12;19758.84;190157.0;58;5;32;41;52;55;56;2.76;81;2;1352.88;0;74;2;0.0;0.0;0;0;1
2490;0;6;212;20.0;213;12;19758.84;190157.0;58;1307;32;41;52;52;49;2.76;81;0;1352.88;0;404;2;0.0;71.16605209300177;0;0;1
2491;0;0;212;20.0;213;8;19758.84;190157.0;58;5;32;41;52;52;112;0.7599999999999998;65;0;1352.88;0;84;2;0.0;70.90258244422144;0;0;1
2492;0;7;335;20.0;213;12;19758.84;190157.0;58;5;32;41;52;54;56;2.76;25;0;1352.88;0;87;0;0.0;156.06473803632647;0;0;1
2493;0;5;212;20.0;213;12;19758.84;0.0;58;5;32;0;52;52;56;2.76;25;0;1352.88;0;88;2;0.0;51.30001565908904;0;0;1
2494;0;4;212;20.0;213;12;19758.84;190157.0;58;5;32;41;52;52;56;2.76;25;2;1352.88;0;89;2;0.0;173.74491362077472;0;0;1
2495;0;1;212;20.0;213;12;19758.84;190157.0;58;5;32;50;52;52;49;2.76;25;0;1352.88;0;90;2;0.0;53.41737330620224;0;0;1
2496;0;3;104;26.0;484;7;55000.62;4526385.0;39;6;12;0;277;15;28;0.88;0;3;815.35;0;86;1;0.0;115.80775435038632;0;0;2
2497;0;2;104;27.0;484;7;0.0;4526385.0;39;6;12;2;277;15;28;0.88;0;3;815.35;0;404;1;0.0;66.67637344381097;0;0;2
2498;0;6;104;27.0;625;7;55000.62;4526385.0;39;6;12;2;277;15;112;0.88;0;3;815.35;0;96;1;0.0;238.31691554481228;0;0;2
2499;0;0;104;27.0;625;7;55000.62;4526385.0;39;6;12;2;277;15;28;6.88;0;2;815.35;0;99;1;0.0;384.9574074803321;0;0;2
2500;0;7;105;27.0;484;7;55000.62;4526385.0;39;6;12;2;358;15;34;0.88;0;3;815.35;0;404;1;0.0;343.82463789701103;0;0;2
2501;0;5;336;27.0;484;7;55000.62;4526385.0;39;6;12;2;358;15;32;0.88;0;3;815.35;0;101;1;0.0;600.515720578261;0;0;2
2502;0;4;105;27.0;484;7;55000.62;4526385.0;39;6;12;2;358;15;24;0.88;0;3;815.35;0;404;1;0.0;104.86632269693564;0;0;2
2503;0;1;105;27.0;484;7;55000.62;4526385.0;39;6;12;62;358;14;24;2.88;0;3;815.35;0;103;1;0.0;71.22215469647278;0;0;2
2504;0;3;237;16.0;138;3;10352.745;0.0;39;5;6;44;726;25;32;15.99;69;3;343.41;0;345;2;0.0;30.773635466397085;0;0;2
2505;0;2;336;16.0;138;3;10352.745;0.0;39;5;6;44;726;25;32;15.99;69;2;343.41;0;348;2;117820.0;78.88989848445178;0;0;2
2506;0;6;237;16.0;138;3;10352.745;0.0;39;5;6;44;726;25;32;15.99;69;3;343.41;0;349;2;0.0;102.84148603326292;0;0;2
2507;0;0;237;16.0;138;8;10352.745;0.0;39;5;6;44;726;25;32;15.99;69;3;343.41;0;350;0;0.0;56.00327691419172;0;0;2
2508;0;7;336;769.0;138;3;10352.745;0.0;39;5;6;44;726;29;32;16.990000000000002;76;2;343.41;0;351;2;0.0;71.69058360079308;0;0;2
2509;0;5;237;16.0;138;3;10352.745;0.0;39;5;6;44;726;25;24;15.99;76;2;343.41;0;352;2;0.0;89.08421224091533;0;0;2
2510;0;4;237;17.0;138;3;10352.745;0.0;39;5;6;44;726;25;32;15.99;76;3;343.41;0;353;2;0.0;0.0;0;0;2
2511;0;1;237;17.0;138;3;10352.745;0.0;39;5;6;44;726;25;32;15.99;76;2;343.41;0;354;2;0.0;113.91365677704135;0;0;2
2512;0;3;211;34.0;308;10;50811.27;0.0;50;4;20;18;350;15;28;8.01;64;2;1274.59;0;355;0;0.0;86.26076834295743;0;0;1
2513;0;2;211;34.0;308;10;50811.27;43872725.0;50;4;5639;18;350;15;30;9.01;64;2;0.0;0;346;2;0.0;211.99683610147275;0;0;1
2514;0;6;211;34.0;308;10;50811.27;43872725.0;50;4;20;18;350;10;30;13.01;64;3;1274.59;0;404;2;0.0;257.01489218440565;0;0;1
2515;0;0;211;34.0;308;10;50811.27;0.0;50;4;20;18;350;21;24;8.01;85;3;1274.59;0;356;2;0.0;114.90842074803837;0;0;2
2516;0;7;211;34.0;308;10;50811.27;43872725.0;50;4;20;18;350;15;24;1.0099999999999998;64;3;1274.59;0;357;2;0.0;112.571072321688;0;0;2
2517;0;5;211;34.0;308;10;50811.27;43872725.0;50;4;20;18;350;15;24;8.01;64;3;1274.59;0;360;2;0.0;44.4541494555929;0;0;2
2518;0;4;211;34.0;308;10;50811.27;43872725.0;50;4;20;18;350;15;24;8.01;64;3;1274.59;0;361;2;0.0;87.40521370735178;0;0;2
2519;0;1;211;34.0;308;10;50811.27;43872725.0;50;4;20;18;350;15;24;8.01;64;3;1274.59;0;362;2;227790.0;99.15461151728248;0;0;2
2520;0;3;248;27.0;518;12;59448.04;0.0;70;7;23;40;65;34;60;9.05;69;0;3825.82;0;65;2;0.0;273.57804084035666;0;0;1
2521;0;2;248;27.0;518;8;59448.04;0.0;70;7;23;40;65;40;40;6.05;69;0;3825.82;0;66;2;0.0;210.4452026185849;0;0;2
2522;0;6;248;27.0;518;12;59448.04;0.0;70;7;23;40;65;35;54;13.05;69;2;3825.82;0;67;2;0.0;0.0;0;0;1
2523;0;0;248;27.0;518;12;59448.04;0.0;70;7;23;40;65;34;52;6.05;69;0;3825.82;0;68;2;0.0;565.4289732732385;0;0;2
2524;0;7;248;28.0;518;12;59448.04;0.0;70;7;3826;40;65;31;52;6.05;69;0;3825.82;0;69;2;0.0;290.3177976582504;0;0;2
2525;0;5;248;28.0;518;12;59448.04;0.0;70;7;23;62;65;34;52;6.05;69;0;3825.82;0;70;2;0.0;0.0;0;0;2
2526;0;4;336;28.0;518;12;0.0;0.0;70;7;23;40;65;33;52;6.05;69;0;3825.82;0;61;2;0.0;391.2555673961365;0;0;2
2527;0;1;248;28.0;625;8;59448.04;0.0;70;7;23;40;65;34;52;1.0499999999999998;69;0;3825.82;0;62;2;0.0;92.74095748670136;0;0;2
2528;0;3;367;47.0;261;3;18549.28;0.0;41;4;6;2;358;10;82;3.22;0;1;1247.3;0;134;0;629890.0;98.89260911711392;0;0;0
2529;0;2;367;47.0;261;3;18549.28;0.0;41;4;6;2;358;10;6;3.22;0;1;1247.3;0;155;0;0.0;17.641122979925157;0;0;0
2530;0;6;367;47.0;261;3;18549.28;0.0;41;4;6;2;358;14;6;3.22;0;1;1247.3;0;156;1;0.0;81.43914072346055;0;0;2
2531;0;0;367;47.0;261;3;18549.28;0.0;41;4;6;2;358;10;6;0.0;0;1;1247.3;0;159;1;0.0;50.394866943563045;0;0;2
2532;0;7;367;47.0;261;3;18549.28;0.0;41;4;6;2;358;10;6;3.22;0;1;1247.3;0;160;1;47210.0;28.29478712292364;0;0;0
2533;0;5;367;47.0;261;3;5444147.0;0.0;41;4;6;2;358;10;128;3.22;0;1;1247.3;0;161;1;0.0;129.50647346662294;0;0;0
2534;0;4;367;47.0;261;3;18549.28;0.0;41;4;6;2;358;10;6;3.22;0;1;1247.3;0;162;1;0.0;58.09541540645596;0;0;2
2535;0;1;367;47.0;261;3;18549.28;0.0;41;4;6;2;358;10;6;3.22;0;1;1247.3;0;163;1;0.0;107.2860906086102;0;0;0
2536;0;3;97;49.0;190;13;134810.13;109981775.0;45;7;6;16;639;6;82;10.54;58;1;744.97;0;312;1;0.0;806.8608461093664;0;0;2
2537;0;2;97;49.0;190;13;134810.13;109981775.0;45;7;6;16;639;39;6;10.54;58;1;744.97;0;315;1;0.0;766.7799329368602;0;0;0
2538;0;6;97;49.0;190;13;134810.13;109981775.0;45;7;6;16;639;17;8;10.54;81;1;744.97;0;316;1;0.0;325.2486865430858;0;0;0
2539;0;0;336;49.0;190;13;134810.13;109981775.0;45;7;6;16;639;17;8;10.54;81;1;744.97;0;404;1;0.0;652.5902258400855;0;0;2
2540;0;7;97;-500.0;190;13;134810.13;109981775.0;45;7;6;16;639;17;102;10.54;81;2;744.97;0;318;1;0.0;312.73635806298284;0;0;2
2541;0;5;97;50.0;625;13;134810.13;109981775.0;45;7;6;16;639;17;8;12.54;81;1;744.97;0;319;1;0.0;279.6363767469963;0;0;2
2542;0;4;97;50.0;190;13;134810.13;109981775.0;45;7;6;16;639;17;8;10.54;81;1;744.97;0;320;0;0.0;682.1866555752207;0;0;0
2543;0;1;97;50.0;190;13;134810.13;109981775.0;45;7;6;16;639;17;8;10.54;81;1;744.97;0;321;1;0.0;207.1219273948547;0;0;0
2544;0;3;64;27.0;134;14;162550.32;1373186.0;0;5;11;4;763;10;120;0.68;85;1;789.13;0;99;1;0.0;146.02675961145798;0;0;0
2545;0;2;64;27.0;134;14;162550.32;1373186.0;0;5;11;0;763;12;128;0.68;42;1;789.13;0;100;1;0.0;322.97028869394063;0;0;2
2546;0;6;64;27.0;134;14;0.0;1373186.0;0;5;11;4;763;10;120;0.68;42;1;789.13;0;101;1;0.0;101.66007957310424;0;0;0
2547;0;0;336;27.0;134;14;0.0;1373186.0;0;5;11;4;763;9;120;0.68;42;2;789.13;0;102;1;0.0;241.0992134698897;0;0;0
2548;0;7;64;27.0;134;14;162550.32;1373186.0;0;5;11;4;763;71;10;0.68;58;2;789.13;0;103;1;0.0;0.0;0;0;0
2549;0;5;64;27.0;134;14;162550.32;1373186.0;0;5;11;62;763;15;120;0.68;58;2;789.13;0;104;1;0.0;571.485490922711;0;0;0
2550;0;4;64;28.0;625;14;162550.32;1373186.0;0;447;11;4;763;14;120;-0.3199999999999999;58;1;789.13;0;105;1;0.0;1151.6887818304665;0;0;0
2551;0;1;64;28.0;134;8;162550.32;1373186.0;0;5;11;4;763;10;120;0.68;58;1;789.13;0;106;1;0.0;488.982529587941;0;0;0
2552;0;3;205;20.0;42;0;102596.63999999998;871872.0;41;5;8;2;358;22;46;5.61;1;2;0.0;0;164;1;0.0;211.71256656967265;0;0;2
2553;0;2;336;20.0;42;0;102596.63999999998;871872.0;41;5;8;2;358;16;102;5.61;1;1;1033.59;0;165;1;0.0;135.52671242586516;0;0;1
2554;0;6;205;20.0;42;8;102596.63999999998;871872.0;53;5;8;2;358;21;46;5.61;1;1;1033.59;0;166;1;0.0;190.8314048601759;0;0;1
2555;0;0;205;20.0;42;0;102596.63999999998;871872.0;41;5;8;2;358;24;102;5.61;1;1;1033.59;0;157;1;0.0;195.06252039551228;0;0;1
2556;0;7;205;20.0;42;0;0.0;871872.0;41;5;8;2;358;22;108;5.61;1;1;1033.59;0;404;1;554700.0;61.64215702537635;0;0;2
2557;0;5;205;20.0;42;8;102596.63999999998;871872.0;41;5;8;2;358;22;46;0.6100000000000003;58;1;1033.59;0;404;1;0.0;64.15779848522097;0;0;1
2558;0;4;205;20.0;42;0;0.0;871872.0;41;5;8;2;358;22;46;5.61;58;1;1033.59;0;168;1;0.0;96.77668615797786;0;0;2
2559;0;1;205;0.0;42;0;102596.63999999998;871872.0;41;5;8;2;358;22;46;11.61;58;1;1033.59;0;171;1;0.0;348.3441977073201;0;0;1
2560;0;3;336;31.0;544;9;14884.465;0.0;63;5;1;26;522;23;32;6.79;58;1;1122.86;0;252;1;0.0;57.72786347627306;0;0;1
2561;0;2;336;31.0;544;9;14884.465;0.0;63;5;1;26;522;22;128;8.79;58;1;1122.86;0;255;1;0.0;131.07954995764;0;0;1
2562;0;6;336;31.0;544;9;14884.465;0.0;63;5;1;26;522;23;32;6.79;58;1;1122.86;0;404;1;0.0;171.71022972890694;0;0;2
2563;0;0;178;31.0;544;9;14884.465;0.0;63;5;1;38;522;23;30;6.79;58;2;1122.86;0;257;1;0.0;55.58661181631889;0;0;1
2564;0;7;178;-500.0;544;9;0.0;0.0;63;5;1;26;522;23;24;6.79;58;1;1122.86;0;258;1;0.0;128.24183977481053;0;0;1
2565;0;5;178;31.0;544;9;14884.465;0.0;63;5;1;26;522;23;32;6.79;58;2;1122.86;0;259;1;0.0;165.46916762571252;0;0;1
2566;0;4;178;31.0;544;9;14884.465;0.0;63;5;1;26;522;23;32;6.79;58;2;1122.86;0;260;0;0.0;69.33016912063496;0;0;1
2567;0;1;178;0.0;544;9;14884.465;0.0;63;5;1;26;522;23;28;6.79;58;1;1122.86;0;261;0;0.0;183.73982679278905;0;0;1
2568;0;3;70;39.0;413;1;31732.61;0.0;41;4;1;26;712;29;10;3.37;55;1;1404.06;0;266;1;0.0;39.35478892839464;0;0;1
2569;0;2;70;39.0;413;1;31732.61;0.0;41;4;1;26;712;31;10;7.37;55;2;1404.06;0;287;0;0.0;92.5322426631942;0;0;2
2570;0;6;70;39.0;413;1;0.0;0.0;41;4;1;26;712;29;10;3.37;55;1;1404.06;0;288;1;0.0;51.48058164675458;0;0;2
2571;0;0;70;0.0;413;1;31732.61;0.0;41;4;1;26;712;29;10;3.37;55;1;1404.06;0;291;1;0.0;127.40116057714856;0;0;2
2572;0;7;70;39.0;413;1;31732.61;0.0;41;4;1;26;712;29;10;3.37;58;1;1404.06;0;292;1;0.0;70.23296462392031;0;0;1
2573;0;5;70;39.0;413;1;31732.61;0.0;41;4;1;26;712;29;10;3.37;58;1;1404.06;0;293;1;0.0;255.9691484020729;0;0;1
2574;0;4;70;39.0;413;1;31732.61;0.0;41;158;1;26;712;29;10;3.37;58;2;1404.06;0;294;1;0.0;171.18286894390656;0;0;1
2575;0;1;70;39.0;413;1;31732.61;0.0;41;4;1;26;712;29;16;3.37;58;1;1404.06;0;295;0;0.0;263.93977239206765;0;0;1
2576;0;3;583;46.0;189;7;50847.22;0.0;39;6;17;4;93;17;34;6.4;0;2;486.71;0;188;2;0.0;146.25259412398304;0;0;2
2577;0;2;583;46.0;189;7;50847.22;0.0;39;6;17;4;93;7;128;6.4;0;3;486.71;0;189;2;0.0;112.198219365967;0;0;2
2578;0;6;336;46.0;189;7;50847.22;0.0;39;6;17;22;93;61;34;6.4;0;3;486.71;0;190;0;0.0;54.53134805503485;0;0;2
2579;0;0;583;46.0;189;7;0.0;0.0;39;6;17;4;93;61;34;6.4;0;3;486.71;0;404;2;0.0;104.86987460612906;0;0;2
2580;0;7;336;46.0;625;7;50847.22;0.0;39;6;17;4;93;71;40;6.4;0;2;486.71;0;182;2;0.0;400.1931517496978;0;0;2
2581;0;5;583;46.0;189;7;50847.22;0.0;39;6;17;4;93;61;34;0.0;0;2;486.71;0;191;2;0.0;293.42344729044936;0;0;2
2582;0;4;583;46.0;189;7;50847.22;0.0;39;6;17;62;93;61;40;6.4;0;3;486.71;0;192;2;0.0;108.4660839646243;0;0;2
2583;0;1;583;46.0;189;7;50847.22;0.0;39;6;4831;4;93;17;34;6.4;0;3;486.71;0;195;2;0.0;385.7174291823154;0;0;2
2584;0;3;552;33.0;86;3;9349.475;0.0;50;6;19;56;256;41;34;24.98;81;0;4833.08;0;280;2;0.0;35.73150544712068;0;0;2
2585;0;2;552;33.0;86;3;0.0;0.0;50;6;19;56;256;38;30;24.98;81;0;4833.08;0;281;2;0.0;46.565372634820825;0;0;2
2586;0;6;552;33.0;86;8;9349.475;0.0;50;6;19;0;256;38;32;24.98;81;0;4833.08;0;282;2;0.0;16.84157689912612;0;0;2
2587;0;0;552;33.0;86;3;9349.475;0.0;50;6;19;56;256;38;48;24.98;81;2;4833.08;0;283;2;0.0;47.13656834560998;0;0;1
2588;0;7;552;33.0;86;3;9349.475;0.0;50;6;19;56;256;38;28;24.98;81;0;4833.08;0;284;0;0.0;37.78970502411421;0;0;2
2589;0;5;552;33.0;86;3;9349.475;0.0;50;6;19;56;256;38;128;24.98;81;0;4833.08;0;404;2;0.0;39.58768094788222;0;0;1
2590;0;4;552;33.0;86;3;9349.475;0.0;50;6;19;56;256;38;32;24.98;81;0;4833.08;0;286;2;0.0;83.09591034374544;0;0;1
2591;0;1;552;33.0;625;3;9349.475;0.0;50;6;19;56;256;38;28;24.98;81;0;4833.08;0;277;2;0.0;11.125105781793431;0;0;1
2592;0;3;23;43.0;124;13;135115.44;1144462.0;41;6;18;16;867;19;126;-3.58;0;3;269.46;0;126;2;0.0;0.0;0;0;2
2593;0;2;23;43.0;124;13;135115.44;0.0;41;6;2232;16;867;14;126;1.42;0;3;269.46;0;127;0;0.0;1079.4743565224203;0;0;2
2594;0;6;23;43.0;124;13;0.0;1144462.0;41;6;18;16;867;13;12;1.42;0;3;269.46;0;404;2;0.0;1048.3971937798506;0;0;2
2595;0;0;23;44.0;124;13;135115.44;1144462.0;41;6;18;16;867;19;126;1.42;42;3;269.46;0;129;2;0.0;183.5209924097428;0;0;1
2596;0;7;336;44.0;124;13;135115.44;1144462.0;41;6;18;16;867;14;126;1.42;42;3;269.46;0;130;2;0.0;288.65540333538905;0;0;2
2597;0;5;23;44.0;124;13;135115.44;0.0;41;6;18;16;867;16;126;1.42;42;3;269.46;0;121;0;0.0;479.6036350826099;0;0;1
2598;0;4;23;-500.0;124;13;135115.44;1144462.0;41;6;18;16;867;14;126;1.42;42;3;269.46;0;122;2;0.0;124.72151307950628;0;0;2
2599;0;1;23;44.0;124;13;135115.44;1144462.0;41;6;18;16;867;14;126;1.42;42;3;269.46;0;131;2;0.0;1113.5063330846197;0;0;2
2600;0;3;27;34.0;370;7;66169.56;579913.0;63;6;12;18;612;12;24;10.6;72;2;198.53;0;220;2;0.0;127.9396927730949;0;0;2
2601;0;2;27;0.0;370;7;66169.56;579913.0;63;6;12;18;612;12;24;10.6;72;3;198.53;0;221;2;0.0;344.6720227973982;0;0;2
2602;0;6;27;34.0;370;8;0.0;579913.0;63;6;12;18;612;7;24;10.6;72;3;198.53;0;222;2;0.0;41.67108038223725;0;0;2
2603;0;0;27;34.0;370;7;66169.56;579913.0;63;6;12;18;612;12;128;10.6;72;2;198.53;0;223;2;0.0;0.0;0;0;2
2604;0;7;27;34.0;370;7;66169.56;0.0;63;6;12;18;612;12;24;10.6;72;3;198.53;0;224;2;0.0;217.12216504154;0;0;2
2605;0;5;27;34.0;370;8;66169.56;0.0;63;6;12;62;612;12;24;10.6;72;3;198.53;0;225;2;0.0;484.27063222443087;0;0;2
2606;0;4;27;34.0;370;7;66169.56;579913.0;63;6;12;18;612;13;30;0.0;72;3;198.53;0;404;2;0.0;337.4486152802705;0;0;2
2607;0;1;27;34.0;370;7;66169.56;579913.0;63;1141;12;18;612;13;24;10.6;72;3;198.53;0;217;2;0.0;186.12037883479724;0;0;2
2608;0;3;359;43.0;373;8;56760.51;49990425.0;50;5;19;56;840;43;62;25.7;7;0;4701.09;0;361;0;0.0;72.2954805840871;0;0;1
2609;0;2;359;44.0;373;11;56760.51;49990425.0;50;5;2200;56;840;40;62;28.7;7;0;4701.09;0;362;2;0.0;238.0492225580332;0;0;1
2610;0;6;359;44.0;373;11;56760.51;49990425.0;50;5;19;56;840;41;76;28.7;85;0;4701.09;0;363;2;0.0;165.76240405981483;0;0;1
2611;0;0;359;0.0;373;8;56760.51;49990425.0;50;5;19;56;840;43;62;28.7;7;0;4701.09;0;364;2;0.0;55.91007241398796;0;0;1
2612;0;7;359;44.0;373;11;56760.51;49990425.0;50;5;19;56;840;40;62;28.7;7;0;4701.09;0;404;2;0.0;622.1943162816142;0;0;1
2613;0;5;359;44.0;373;11;56760.51;49990425.0;50;5;19;56;840;40;62;28.7;14;0;4701.09;0;366;2;0.0;459.1717358495828;0;0;1
2614;0;4;359;44.0;373;11;56760.51;49990425.0;50;5;19;0;840;40;62;28.7;14;0;4701.09;0;367;0;0.0;125.71584281554472;0;0;1
2615;0;1;359;44.0;373;11;56760.51;49990425.0;50;5;19;56;840;40;62;28.7;14;0;4701.09;0;358;2;0.0;33.648756145531394;0;0;1
2616;0;3;158;32.0;558;1;108223.62;8775635.0;45;6;7;62;549;71;18;11.53;55;2;977.19;0;238;2;0.0;1134.7359400830358;0;0;2
2617;0;2;158;32.0;558;1;108223.62;8775635.0;45;6;7;16;549;71;16;11.53;55;3;977.19;0;229;2;0.0;227.8256117775746;0;0;2
2618;0;6;158;32.0;558;1;108223.62;8775635.0;45;6;7;16;549;71;16;11.53;55;2;977.19;0;230;2;0.0;314.89377873191535;0;0;2
2619;0;0;158;32.0;558;1;108223.62;8775635.0;45;6;7;16;549;71;16;11.53;55;3;977.19;0;239;2;0.0;159.77220258213669;0;0;2
2620;0;7;158;5490.0;558;1;108223.62;8775635.0;45;6;7;62;549;7;24;11.53;55;2;977.19;0;240;2;0.0;218.2998588304933;0;0;2
2621;0;5;158;32.0;558;1;108223.62;8775635.0;45;6;7;16;549;71;16;11.53;55;3;977.19;0;243;2;0.0;538.8080230680112;0;0;2
2622;0;4;158;32.0;558;1;108223.62;8775635.0;45;6;7;62;549;71;16;11.53;55;3;977.19;0;244;2;0.0;598.2489360547404;0;0;2
2623;0;1;158;33.0;558;1;108223.62;8775635.0;45;6;7;16;549;71;16;11.53;55;3;977.19;0;245;2;0.0;304.67346995124075;0;0;2
2624;0;3;478;31.0;145;9;53098.47;41978725.0;70;7;24;52;635;47;40;10.47;7;0;3403.23;0;63;2;0.0;51.26053519606893;0;0;1
2625;0;2;478;31.0;145;9;53098.47;41978725.0;70;7;24;52;635;44;40;16.47;7;0;3403.23;0;64;2;54230.0;0.0;0;0;1
2626;0;6;478;31.0;625;8;53098.47;0.0;70;7;24;52;635;44;40;16.47;7;0;3403.23;0;65;2;0.0;169.2463396493;0;0;2
2627;0;0;478;31.0;145;9;53098.47;41978725.0;70;7;24;52;635;48;40;16.47;7;2;3403.23;0;66;2;0.0;0.0;0;0;1
2628;0;7;478;525.0;145;9;53098.47;41978725.0;70;7;24;28;635;45;30;16.47;7;0;3403.23;0;67;2;0.0;238.353363860159;0;0;1
2629;0;5;478;31.0;145;9;53098.47;41978725.0;70;7;3067;52;635;44;40;16.47;7;0;3403.23;0;68;0;0.0;358.20134325733665;0;0;1
2630;0;4;478;31.0;625;9;53098.47;41978725.0;70;7;24;52;635;42;40;22.47;85;0;3403.23;0;69;2;0.0;0.0;0;0;1
2631;0;1;478;31.0;625;9;53098.47;41978725.0;70;7;24;52;635;49;52;16.47;7;2;3403.23;0;70;2;0.0;113.93760653725803;0;0;2
2632;0;3;200;54.0;71;11;17853.5;0.0;45;4;12;16;204;11;10;1.95;42;2;990.35;0;133;0;0.0;87.85641268396513;0;0;0
2633;0;2;200;54.0;71;11;17853.5;0.0;45;4;12;16;204;10;16;0.0;42;1;990.35;0;134;1;0.0;54.08347266507264;0;0;0
2634;0;6;200;54.0;71;11;17853.5;0.0;45;4;12;0;204;10;16;1.95;42;2;990.35;0;155;1;0.0;116.2828952678004;0;0;0
2635;0;0;200;54.0;71;11;17853.5;0.0;45;4;12;16;204;10;114;-0.05;42;1;990.35;0;156;0;0.0;80.95095565615871;0;0;0
2636;0;7;200;54.0;71;11;0.0;0.0;45;4;12;16;204;10;120;1.95;42;1;990.35;0;159;1;0.0;75.73728609429894;0;0;0
2637;0;5;200;54.0;71;11;17853.5;0.0;45;4;12;16;204;10;18;1.95;58;1;990.35;0;160;1;0.0;106.637617930916;0;0;0
2638;0;4;200;0.0;71;8;17853.5;0.0;45;4;12;16;204;10;10;1.95;58;1;990.35;0;161;1;0.0;149.85276200801002;0;0;0
2639;0;1;200;54.0;71;11;17853.5;0.0;45;4;12;16;204;10;10;1.95;58;1;990.35;0;404;1;0.0;129.87795989315424;0;0;0
2640;0;3;252;19.0;168;0;16813.54;0.0;63;10;33;62;527;12;40;11.19;14;0;3520.79;0;32;0;0.0;52.0155821038928;0;0;1
2641;0;2;252;19.0;168;0;16813.54;0.0;63;10;33;52;527;16;48;5.19;14;0;3520.79;0;33;2;0.0;99.93523800302953;0;0;1
2642;0;6;336;19.0;168;0;16813.54;0.0;35;10;33;52;527;16;30;5.19;14;2;3520.79;0;34;2;0.0;130.66245239813566;0;0;1
2643;0;0;252;19.0;168;0;16813.54;0.0;63;10;33;52;527;16;34;5.19;14;0;3520.79;0;25;2;0.0;59.16643488916061;0;0;2
2644;0;7;252;19.0;168;0;16813.54;0.0;63;10;33;52;527;16;34;5.19;14;2;3520.79;0;404;2;0.0;124.49842703339392;0;0;1
2645;0;5;252;19.0;168;0;16813.54;0.0;63;10;33;52;527;16;30;5.19;14;0;3520.79;0;35;0;273690.0;101.690441769347;0;0;1
2646;0;4;252;19.0;168;8;0.0;0.0;63;10;33;52;527;21;34;5.19;14;2;3520.79;0;36;2;0.0;55.18515803060377;0;0;2
2647;0;1;252;19.0;168;0;16813.54;0.0;63;10;33;52;527;21;48;5.19;35;0;3520.79;0;39;2;0.0;118.49120748958198;0;0;1
2648;0;3;337;43.0;471;1;68665.76;0.0;58;6;73;44;448;61;48;7.05;76;3;420.02;0;48;2;0.0;315.9726071430196;0;0;2
2649;0;2;337;43.0;471;1;68665.76;0.0;58;6;13;44;448;8;48;7.05;76;3;420.02;0;51;2;0.0;180.81688589299483;0;0;2
2650;0;6;337;0.0;471;1;68665.76;0.0;58;6;13;44;448;8;60;7.05;76;3;420.02;0;52;2;0.0;635.5601402196886;0;0;2
2651;0;0;337;4202.0;471;1;68665.76;0.0;58;6;13;44;448;8;48;7.05;76;3;420.02;0;53;2;0.0;434.966889188805;0;0;2
2652;0;7;337;43.0;471;1;68665.76;0.0;58;6;13;44;448;8;48;7.05;7;2;420.02;0;404;0;0.0;118.61020262615212;0;0;2
2653;0;5;337;43.0;471;1;0.0;0.0;58;6;13;44;448;8;48;7.05;7;3;420.02;0;55;2;0.0;281.7888044751636;0;0;2
2654;0;4;337;43.0;471;1;68665.76;0.0;58;6;13;44;448;8;32;7.05;7;3;420.02;0;56;2;0.0;218.38154507221896;0;0;1
2655;0;1;337;43.0;471;1;68665.76;0.0;58;6;13;44;448;8;48;7.05;7;3;420.02;0;57;2;0.0;201.18029481445515;0;0;2
2656;0;3;134;20.0;426;2;22500.52;0.0;45;3;19;36;614;16;30;16.61;72;3;864.7;0;52;2;0.0;174.44912647746347;0;0;2
2657;0;2;134;20.0;426;8;22500.52;0.0;45;3;19;36;614;11;24;16.61;72;3;864.7;0;53;2;0.0;41.790909085430926;0;0;2
2658;0;6;336;21.0;426;2;22500.52;0.0;45;780;19;36;614;11;30;16.61;72;3;864.7;0;54;2;0.0;197.73304003857328;0;0;2
2659;0;0;336;0.0;426;8;22500.52;0.0;45;3;19;36;614;12;18;15.61;72;2;864.7;0;55;0;129960.0;51.09396181570437;0;0;2
2660;0;7;134;21.0;426;2;22500.52;0.0;45;3;19;36;614;11;32;11.61;72;3;864.7;0;56;2;0.0;52.28291318386877;0;0;0
2661;0;5;134;21.0;426;2;22500.52;0.0;45;3;19;36;614;11;30;20.61;76;3;864.7;0;57;0;0.0;57.08209534683889;0;0;0
2662;0;4;134;21.0;426;2;22500.52;0.0;45;3;19;36;614;11;30;16.61;76;3;864.7;0;58;2;0.0;66.55757765446828;0;0;0
2663;0;1;134;21.0;426;2;22500.52;0.0;45;3;19;62;614;11;128;16.61;76;3;864.7;0;49;2;0.0;99.76825098189656;0;0;0
2664;0;3;568;42.0;92;2;15305.46;1230455.0;0;7;2;16;863;12;46;3.9499999999999993;0;2;642.42;0;87;1;0.0;132.30987394301877;0;0;2
2665;0;2;568;42.0;92;2;0.0;1230455.0;0;7;2;16;863;11;128;10.95;0;2;642.42;0;88;1;0.0;75.64273717495621;0;0;2
2666;0;6;568;42.0;92;2;15305.46;1230455.0;0;7;2;16;863;11;46;10.95;0;1;642.42;0;89;1;0.0;103.45514660870197;0;0;2
2667;0;0;568;42.0;92;2;15305.46;1230455.0;0;7;2;16;863;11;46;10.95;0;1;642.42;0;90;0;0.0;160.28798173218428;0;0;2
2668;0;7;568;43.0;92;2;15305.46;1230455.0;0;7;2;16;863;11;0;10.95;0;1;642.42;0;91;1;0.0;0.0;0;0;2
2669;0;5;568;43.0;92;2;15305.46;1230455.0;0;7;2;16;863;11;46;10.95;0;1;642.42;0;92;1;0.0;79.00742354624393;0;0;2
2670;0;4;568;43.0;92;2;15305.46;1230455.0;0;7;2;16;863;11;108;10.95;0;1;642.42;0;93;1;0.0;77.37640892734822;0;0;2
2671;0;1;568;43.0;92;2;15305.46;1230455.0;0;7;2;16;863;11;46;15.95;0;1;0.0;0;94;1;0.0;64.77848007633177;0;0;2
2672;0;3;336;14.0;603;4;15544.47;0.0;63;5;32;36;420;33;60;25.11;76;0;2909.71;0;404;2;0.0;26.468950345454928;0;0;2
2673;0;2;352;14.0;603;4;15544.47;10303725.0;63;5;32;36;420;33;60;25.11;76;0;2909.71;0;17;2;0.0;129.7135338825896;0;0;2
2674;0;6;352;14.0;603;4;15544.47;10303725.0;63;5;32;36;420;37;68;25.11;76;0;2909.71;0;18;2;0.0;87.09076722338423;0;0;2
2675;0;0;352;14.0;603;4;15544.47;10303725.0;63;5;32;36;420;33;68;25.11;85;0;2909.71;0;19;2;0.0;125.23406467636178;0;0;2
2676;0;7;352;14.0;603;8;15544.47;10303725.0;63;5;32;36;420;33;60;25.11;76;0;2909.71;0;20;2;0.0;135.0161817276561;0;0;2
2677;0;5;352;14.0;603;4;15544.47;10303725.0;63;5;32;36;420;33;54;25.11;76;0;2909.71;0;21;2;0.0;72.24402102483664;0;0;2
2678;0;4;336;0.0;603;4;15544.47;10303725.0;63;5;32;36;420;33;60;25.11;14;0;2909.71;0;22;2;0.0;0.0;0;0;2
2679;0;1;352;14.0;603;4;15544.47;10303725.0;63;5;32;36;420;33;52;25.11;14;2;2909.71;0;13;0;0.0;82.32418188260107;0;0;2
2680;0;3;532;50.0;4;8;99089.52;830946.0;45;1;9;0;646;5;8;8.66;42;1;338.95;0;404;0;0.0;670.0521235805043;0;0;0
2681;0;2;532;50.0;4;8;99089.52;0.0;45;1;9;4;646;39;128;8.66;42;1;338.95;0;322;1;0.0;645.6146540116163;0;0;0
2682;0;6;532;50.0;4;8;99089.52;830946.0;45;1052;9;62;646;39;8;9.66;42;1;338.95;0;313;1;530870.0;402.91701803112846;0;0;2
2683;0;0;532;50.0;4;8;99089.52;0.0;45;1;9;4;646;39;8;14.66;42;2;338.95;0;314;1;0.0;846.3415520701227;0;0;0
2684;0;7;532;50.0;4;8;9374962.0;830946.0;45;1;9;4;646;39;0;8.66;42;1;338.95;0;404;1;0.0;147.80369298553674;0;0;0
2685;0;5;336;50.0;4;8;99089.52;830946.0;45;1;9;4;646;0;2;8.66;42;1;338.95;0;324;1;0.0;408.9073828148487;0;0;0
2686;0;4;336;50.0;4;8;99089.52;830946.0;45;1;9;4;646;39;2;8.66;42;1;338.95;0;325;1;0.0;0.0;0;0;0
2687;0;1;532;50.0;4;8;99089.52;830946.0;45;1;9;4;646;39;0;8.66;42;1;338.95;0;326;1;0.0;124.22272415307036;0;0;2
2688;0;3;533;22.0;239;8;9307.24;0.0;41;3;15;18;191;19;128;5.779999999999999;64;2;486.05;0;40;2;0.0;0.0;0;0;2
2689;0;2;336;23.0;239;8;9307.24;0.0;41;900;15;18;191;16;16;12.78;64;3;486.05;0;41;0;0.0;43.86994873812211;0;0;2
2690;0;6;533;23.0;239;8;9307.24;0.0;41;3;15;18;191;21;16;13.78;64;3;486.05;0;404;2;0.0;53.74478573768041;0;0;2
2691;0;0;533;23.0;239;8;0.0;0.0;41;3;15;18;191;21;18;12.78;64;2;486.05;0;43;2;0.0;44.68282975269687;0;0;2
2692;0;7;533;23.0;239;8;9307.24;0.0;41;3;15;18;191;26;28;12.78;64;3;486.05;0;44;2;0.0;43.917269289705374;0;0;2
2693;0;5;533;23.0;239;8;9307.24;0.0;41;3;15;18;191;21;24;12.78;64;3;486.05;0;45;2;0.0;101.34313118435114;0;0;2
2694;0;4;533;23.0;625;8;9307.24;0.0;41;3;15;18;191;24;16;12.78;64;3;486.05;0;46;2;0.0;74.69621463635009;0;0;2
2695;0;1;533;23.0;239;8;9307.24;0.0;41;3;15;18;191;21;24;12.78;64;3;486.05;0;37;2;0.0;135.66031461458434;0;0;2
2696;0;3;417;41.0;256;1;134316.2;0.0;63;3;11;2;358;23;24;16.5;58;3;1383.6;0;138;2;0.0;1027.0461398893997;0;0;2
2697;0;2;417;41.0;256;1;134316.2;0.0;63;3;11;2;358;21;24;16.5;58;3;1383.6;0;139;2;0.0;840.1671469232152;0;0;2
2698;0;6;417;42.0;256;1;134316.2;0.0;63;3;11;2;358;21;24;16.5;80;3;1383.6;0;404;2;0.0;273.39936882485654;0;0;2
2699;0;0;417;42.0;256;1;134316.2;0.0;63;3;11;2;358;21;32;16.5;58;3;1383.6;0;141;2;0.0;889.4561241584076;0;0;2
2700;0;7;417;42.0;256;1;134316.2;0.0;63;3;11;2;358;21;28;21.5;58;3;1383.6;0;142;2;0.0;277.39824838319873;0;0;2
2701;0;5;336;42.0;256;1;134316.2;0.0;63;3;11;2;358;21;24;16.5;58;3;1383.6;0;404;2;0.0;1034.636518225306;0;0;2
2702;0;4;417;42.0;256;1;134316.2;0.0;63;3;11;2;358;21;12;21.5;58;2;1383.6;0;134;2;0.0;428.4031995208358;0;0;2
2703;0;1;417;42.0;256;1;134316.2;0.0;63;3;11;2;358;19;30;16.5;58;2;1383.6;0;155;2;0.0;383.0300720469052;0;0;2
2704;0;3;592;39.0;523;8;38685.98;0.0;1;5;3;16;461;7;16;-4.76;78;1;1340.41;0;270;1;0.0;148.42735141323377;0;0;0
2705;0;2;592;39.0;523;8;38685.98;0.0;1;5;3;16;461;61;16;1.24;58;1;1340.41;0;271;1;0.0;0.0;0;0;0
2706;0;6;592;39.0;523;8;38685.98;0.0;1;5;3;16;461;61;126;-1.76;64;1;1340.41;0;272;1;0.0;448.4877945255226;0;0;0
2707;0;0;592;40.0;523;8;38685.98;0.0;1;5;3;16;461;69;16;1.24;64;1;1340.41;0;273;1;0.0;205.41152054331383;0;0;0
2708;0;7;592;40.0;523;8;38685.98;0.0;1;5;3;16;461;8;16;1.24;85;1;1340.41;0;274;1;0.0;89.78041969846126;0;0;0
2709;0;5;592;40.0;523;8;38685.98;0.0;1;5;3;62;461;61;16;1.24;64;1;1340.41;0;265;1;0.0;174.66128732588348;0;0;2
2710;0;4;592;40.0;523;8;38685.98;0.0;1;5;3;16;461;70;16;1.24;64;1;1340.41;0;266;0;0.0;128.48516185873643;0;0;0
2711;0;1;592;40.0;523;8;38685.98;0.0;1;5;3;16;461;61;16;1.24;64;1;1340.41;0;287;1;374690.0;451.8558431663724;0;0;0
2712;0;3;576;22.0;50;3;69933.98;0.0;63;7;5;16;88;70;10;5.109999999999999;42;3;1446.37;0;123;2;0.0;262.1556232201761;0;0;2
2713;0;2;576;22.0;50;3;69933.98;0.0;63;7;5;16;88;69;10;8.11;42;3;1446.37;0;124;2;0.0;71.40054763548689;0;0;2
2714;0;6;576;23.0;50;3;69933.98;0.0;63;7;5;16;88;70;10;8.11;64;3;1446.37;0;125;0;0.0;290.50514510973795;0;0;2
2715;0;0;576;23.0;50;3;0.0;0.0;63;7;2197;16;88;70;10;0.0;64;2;1446.37;0;126;2;0.0;139.9840300674143;0;0;2
2716;0;7;576;23.0;50;8;69933.98;0.0;63;7;5;16;88;8;120;8.11;64;3;1446.37;0;127;2;0.0;184.3643665353385;0;0;2
2717;0;5;336;23.0;50;3;69933.98;0.0;63;7;5;16;88;10;10;8.11;64;3;1446.37;0;128;2;0.0;146.0099152652872;0;0;2
2718;0;4;576;23.0;50;3;69933.98;0.0;63;7;5;16;88;39;18;8.11;64;3;1446.37;0;129;2;0.0;198.1099559081141;0;0;2
2719;0;1;576;23.0;50;3;69933.98;0.0;63;7;2701;16;88;28;10;10.11;64;2;1446.37;0;130;2;0.0;87.60547294331136;0;0;2
2720;0;3;589;26.0;581;5;21075.36;190428.0;39;1;5;62;201;10;108;2.53;55;2;1498.02;0;264;1;0.0;119.4000237171445;0;0;0
2721;0;2;589;26.0;581;5;21075.36;190428.0;39;1;5;16;201;10;108;2.53;69;1;1498.02;0;267;1;0.0;50.53160002393649;0;0;2
2722;0;6;589;26.0;581;5;21075.36;190428.0;39;1;5;16;201;10;46;2.53;69;1;1498.02;0;268;0;0.0;21.957059575045992;0;0;0
2723;0;0;589;26.0;581;5;21075.36;190428.0;39;1;5;16;201;12;108;2.53;69;2;1498.02;0;269;1;0.0;55.1730252582318;0;0;2
2724;0;7;589;3665.0;581;5;21075.36;190428.0;39;1;5;16;201;8;108;2.53;69;2;1498.02;0;270;0;0.0;116.23189156637636;0;0;2
2725;0;5;589;26.0;581;5;21075.36;0.0;39;1;5;16;201;10;108;2.53;69;1;1498.02;0;271;1;0.0;250.09146132344787;0;0;2
2726;0;4;589;0.0;581;5;21075.36;190428.0;39;1;5;16;201;10;108;2.53;69;1;1498.02;0;272;1;0.0;0.0;0;0;2
2727;0;1;589;26.0;581;5;21075.36;190428.0;39;1;5;16;201;10;108;2.53;69;2;1498.02;0;273;1;0.0;53.87767296763379;0;0;2
2728;0;3;327;-500.0;241;0;60843.33;49022775.0;41;6;14;18;820;16;34;19.42;69;2;1494.43;0;134;2;0.0;39.14685837229499;0;0;2
2729;0;2;327;40.0;241;0;60843.33;49022775.0;41;6;14;18;820;20;52;19.42;69;2;1494.43;0;155;2;0.0;197.5291002370842;0;0;2
2730;0;6;327;40.0;241;0;60843.33;49022775.0;41;6;14;18;820;20;34;19.42;69;3;1494.43;0;156;0;0.0;240.8474729456151;0;0;2
2731;0;0;327;40.0;241;0;60843.33;49022775.0;41;6;14;18;820;20;28;19.42;7;3;1494.43;0;159;2;0.0;660.1416342646276;0;0;2
2732;0;7;327;40.0;241;8;60843.33;49022775.0;41;6;14;18;820;25;34;17.42;7;3;1494.43;0;160;2;0.0;528.4542278170459;0;0;2
2733;0;5;327;40.0;241;0;60843.33;49022775.0;41;6;14;18;820;20;40;19.42;7;3;1494.43;0;161;0;280430.0;82.50761512339602;0;0;2
2734;0;4;327;40.0;625;0;60843.33;49022775.0;41;6;14;18;820;20;34;19.42;7;2;1494.43;0;162;2;0.0;131.83846747382566;0;0;2
2735;0;1;327;40.0;241;0;60843.33;0.0;41;6;14;18;820;20;34;14.420000000000002;7;2;1494.43;0;163;2;0.0;159.64906408514466;0;0;2
2736;0;3;537;35.0;623;11;15091.03;0.0;58;7;26;56;438;36;34;6.18;81;0;3247.42;0;27;2;0.0;63.26759253400628;0;0;1
2737;0;2;537;35.0;623;11;15091.03;0.0;58;7;26;56;438;36;34;6.18;81;0;3247.42;0;28;2;32830.0;29.440179067496125;0;0;1
2738;0;6;336;35.0;623;11;15091.03;0.0;58;7;26;56;438;36;34;9.18;81;0;3247.42;0;29;2;0.0;95.84028212024656;0;0;1
2739;0;0;537;35.0;623;11;15091.03;0.0;58;7;26;56;438;36;34;6.18;81;0;3247.42;0;30;2;0.0;104.47954421037232;0;0;1
2740;0;7;537;36.0;623;8;15091.03;0.0;58;7;26;56;438;36;34;6.18;81;0;3247.42;0;31;2;0.0;189.5674098817263;0;0;1
2741;0;5;336;36.0;623;11;15091.03;0.0;58;7;26;56;438;36;128;6.18;81;0;3247.42;0;32;2;0.0;0.0;0;0;1
2742;0;4;537;36.0;625;11;15091.03;0.0;58;7;26;56;438;35;52;6.18;20;0;3247.42;0;33;0;0.0;97.50704924687116;0;0;1
2743;0;1;537;36.0;625;11;15091.03;0.0;58;7;26;56;438;36;34;6.18;20;2;3247.42;0;404;2;0.0;195.20113463742007;0;0;1
2744;0;3;149;19.0;461;12;0.0;0.0;41;5;10;2;358;15;24;9.81;77;2;1263.12;0;99;2;0.0;208.18675567667648;0;0;2
2745;0;2;149;19.0;625;12;54987.52;0.0;41;5;10;2;358;12;16;9.81;55;3;1263.12;0;100;0;0.0;119.38128833993292;0;0;2
2746;0;6;149;19.0;461;12;54987.52;0.0;41;5;10;2;358;15;32;2.8100000000000005;55;3;1263.12;0;101;2;0.0;163.94310975475398;0;0;2
2747;0;0;336;19.0;461;12;54987.52;0.0;41;5;10;2;358;15;128;9.81;55;3;1263.12;0;102;2;0.0;192.23218585501536;0;0;2
2748;0;7;149;19.0;461;12;54987.52;0.0;41;5;10;2;358;15;18;9.81;55;2;1263.12;0;103;2;0.0;128.26452721491555;0;0;2
2749;0;5;336;19.0;461;12;54987.52;0.0;41;5;10;2;358;15;28;6.8100000000000005;55;3;1263.12;0;104;2;0.0;387.6273811701071;0;0;2
2750;0;4;149;19.0;461;12;54987.52;0.0;41;5;10;2;358;16;30;9.81;76;3;1263.12;0;105;0;0.0;146.90555945536988;0;0;2
2751;0;1;336;4670.0;461;12;54987.52;0.0;41;5;10;2;358;15;32;9.81;76;3;1263.12;0;106;2;0.0;420.2199642744797;0;0;2
2752;0;3;197;38.0;197;3;7506.125;0.0;2;7;22;0;529;56;34;25.04;72;0;4183.22;0;34;2;0.0;26.844297886433196;0;0;1
2753;0;2;197;38.0;197;3;0.0;0.0;2;7;22;36;529;56;60;25.04;72;0;4183.22;0;25;2;0.0;0.0;0;0;1
2754;0;6;197;38.0;197;3;7506.125;0.0;2;7;22;36;529;51;128;21.04;72;0;4183.22;0;26;2;0.0;106.7212883115399;0;0;1
2755;0;0;197;38.0;197;3;7506.125;0.0;2;7;22;0;529;57;128;25.04;72;0;4183.22;0;35;2;0.0;72.33579641755887;0;0;1
2756;0;7;197;38.0;197;3;7506.125;0.0;2;7;22;36;529;55;48;25.04;72;0;4183.22;0;36;2;0.0;65.51465329477139;0;0;1
2757;0;5;197;38.0;197;3;7506.125;0.0;2;7;22;36;529;56;48;26.04;72;0;4183.22;0;39;2;0.0;66.28412560711396;0;0;1
2758;0;4;197;38.0;197;3;0.0;0.0;2;7;22;36;529;56;48;25.04;72;2;4183.22;0;40;2;0.0;20.9301856118715;0;0;2
2759;0;1;197;38.0;197;3;7506.125;0.0;2;7;22;36;529;54;52;25.04;7;0;4183.22;0;41;2;0.0;57.48866510951827;0;0;2
2760;0;3;382;43.0;625;4;17448.08;0.0;70;5;20;56;509;38;32;2.5;14;0;2575.23;0;88;2;0.0;18.181264046333872;0;0;1
2761;0;2;382;43.0;103;4;17448.08;0.0;70;5;20;56;509;38;128;2.5;14;2;2575.23;0;89;2;0.0;0.0;0;0;1
2762;0;6;382;0.0;103;4;17448.08;0.0;70;5;20;56;509;38;48;9.5;14;0;2575.23;0;404;2;0.0;19.2680596265558;0;0;1
2763;0;0;382;43.0;103;4;17448.08;0.0;70;5;20;56;509;42;32;2.5;14;0;2575.23;0;91;2;0.0;88.38235343025192;0;0;1
2764;0;7;382;43.0;103;4;0.0;0.0;70;5;20;56;509;38;34;2.5;14;0;2575.23;0;92;2;0.0;68.02684532775719;0;0;2
2765;0;5;382;43.0;103;8;17448.08;0.0;70;5;20;56;509;42;32;-0.5;14;0;2575.23;0;93;2;0.0;72.64589497835776;0;0;2
2766;0;4;336;43.0;103;4;17448.08;0.0;70;5;20;0;509;38;32;2.5;14;0;2575.23;0;94;2;0.0;0.0;0;0;2
2767;0;1;382;43.0;103;4;17448.08;0.0;70;5;20;56;509;43;32;2.5;25;0;2575.23;0;85;2;0.0;25.437455719577084;0;0;2
2768;0;3;428;40.0;374;6;42241.19;0.0;0;5;11;2;358;50;18;3.24;58;2;190.04;0;220;1;0.0;129.08598431718875;0;0;0
2769;0;2;428;40.0;374;6;42241.19;0.0;0;5;11;2;358;50;12;3.24;81;1;190.04;0;221;1;0.0;0.0;0;0;0
2770;0;6;428;40.0;374;6;42241.19;0.0;0;5;11;2;358;50;128;3.24;81;1;190.04;0;222;1;0.0;127.0915131658263;0;0;0
2771;0;0;428;0.0;374;8;42241.19;0.0;0;5;11;2;358;50;12;3.24;85;2;190.04;0;223;1;0.0;47.36619989067656;0;0;0
2772;0;7;428;40.0;374;6;0.0;0.0;0;5;11;2;358;5;12;3.24;81;1;190.04;0;404;1;0.0;182.1624894791668;0;0;0
2773;0;5;428;40.0;374;6;42241.19;0.0;0;5;11;2;358;50;12;3.24;81;1;190.04;0;225;1;0.0;334.943677744486;0;0;0
2774;0;4;428;0.0;374;6;42241.19;0.0;0;5;11;2;358;50;24;3.24;81;1;190.04;0;226;1;456490.0;0.0;0;0;0
2775;0;1;336;41.0;374;6;42241.19;0.0;0;5;11;2;358;50;126;3.24;81;1;190.04;0;217;0;0.0;211.1608105363329;0;0;0
2776;0;3;207;3616.0;112;5;0.0;0.0;41;7;12;40;434;7;108;10.95;69;3;70.82;0;369;2;0.0;33.058012124033354;0;0;2
2777;0;2;207;23.0;112;5;31087.66;0.0;41;7;12;40;434;69;120;9.95;69;3;70.82;0;372;2;0.0;97.78946159846028;0;0;2
2778;0;6;336;23.0;112;5;31087.66;0.0;41;7;12;40;434;8;128;10.95;69;3;70.82;0;373;2;0.0;104.49199353893844;0;0;2
2779;0;0;207;24.0;112;5;31087.66;0.0;41;7;12;40;434;61;120;9.95;69;2;70.82;0;374;0;0.0;107.56362687149851;0;0;1
2780;0;7;207;24.0;112;5;31087.66;0.0;41;7;12;40;434;7;120;9.95;76;3;70.82;0;375;2;0.0;253.18831829376649;0;0;1
2781;0;5;207;24.0;112;5;31087.66;0.0;41;7;12;40;434;61;10;9.95;76;3;70.82;0;376;2;39700.0;72.75569131302159;0;0;1
2782;0;4;207;24.0;112;5;31087.66;0.0;41;7;12;40;434;7;120;9.95;76;3;70.82;0;377;2;0.0;129.08246897889805;0;0;1
2783;0;1;207;24.0;112;5;31087.66;0.0;41;7;12;40;434;7;120;9.95;76;2;70.82;0;378;2;0.0;105.71719530260894;0;0;1
2784;0;3;154;42.0;588;2;132414.16;0.0;39;3;19;2;358;10;30;6.06;0;3;53.73;0;222;2;0.0;86.9269574663867;0;0;2
2785;0;2;154;6922.0;588;2;132414.16;0.0;39;3;19;2;358;10;32;6.06;0;3;53.73;0;223;2;0.0;686.1816461527683;0;0;2
2786;0;6;154;42.0;588;2;132414.16;0.0;39;3;19;2;358;10;40;6.06;0;3;53.73;0;224;2;0.0;142.70012509145369;0;0;2
2787;0;0;154;42.0;588;2;132414.16;0.0;39;3;19;2;358;10;32;6.06;0;3;53.73;0;225;2;0.0;717.3115363248343;0;0;2
2788;0;7;154;42.0;588;2;132414.16;0.0;39;3;19;2;358;7;30;6.06;0;3;53.73;0;226;2;0.0;157.1511546939625;0;0;2
2789;0;5;154;42.0;588;8;132414.16;0.0;39;3;19;2;358;10;30;6.06;0;3;53.73;0;217;0;0.0;0.0;0;0;2
2790;0;4;154;42.0;588;2;132414.16;0.0;39;3;19;62;358;10;24;6.06;58;2;53.73;0;218;2;0.0;906.247335644529;0;0;0
2791;0;1;154;0.0;588;8;132414.16;0.0;39;3;19;2;358;10;30;4.06;58;3;53.73;0;227;2;0.0;116.76318192245677;0;0;0
2792;0;3;195;54.0;469;7;92794.04;0.0;41;7;7;2;358;31;30;11.09;55;3;1269.4;0;241;2;0.0;118.79004669795609;0;0;2
2793;0;2;195;54.0;469;7;0.0;0.0;41;7;7;2;358;30;28;11.09;55;3;1269.4;0;242;2;0.0;918.9577754554222;0;0;2
2794;0;6;195;54.0;469;7;0.0;0.0;41;7;7;2;358;27;24;11.09;55;2;1269.4;0;251;2;0.0;566.1081533866635;0;0;2
2795;0;0;195;54.0;469;7;92794.04;0.0;41;7;7;2;358;25;30;11.09;55;3;1269.4;0;252;2;0.0;451.74404168111465;0;0;2
2796;0;7;336;54.0;469;7;92794.04;0.0;41;7;7;2;358;25;30;11.09;55;3;1269.4;0;255;2;0.0;190.2358537942641;0;0;2
2797;0;5;195;0.0;469;7;92794.04;0.0;41;7;7;2;358;20;30;11.09;55;3;1269.4;0;256;2;0.0;282.3693968591642;0;0;2
2798;0;4;195;54.0;469;7;92794.04;0.0;41;7;7;2;358;25;30;11.09;55;3;1269.4;0;257;2;0.0;56.28450413186986;0;0;2
2799;0;1;195;54.0;469;7;92794.04;0.0;41;7;7;2;358;25;30;11.09;55;3;1269.4;0;258;2;0.0;145.00345337952876;0;0;2
2800;0;3;373;37.0;88;8;82998.24;718652.0;63;7;22;40;832;24;54;22.0;14;2;4879.41;0;57;2;0.0;411.4274636655325;0;0;1
2801;0;2;373;37.0;88;8;82998.24;718652.0;63;7;22;40;832;34;54;22.0;14;0;4879.41;0;58;2;0.0;689.1861353998327;0;0;1
2802;0;6;373;37.0;88;8;82998.24;718652.0;63;7;22;40;832;29;54;22.0;14;2;4879.41;0;49;0;0.0;419.8152800566913;0;0;1
2803;0;0;373;37.0;88;8;82998.24;718652.0;63;7;22;40;832;29;54;22.0;14;0;4879.41;0;50;2;0.0;132.1382681219333;0;0;1
2804;0;7;373;37.0;88;8;82998.24;718652.0;63;7;22;62;832;30;52;26.0;36;0;4879.41;0;59;2;0.0;385.90558326189233;0;0;1
2805;0;5;373;38.0;88;8;82998.24;718652.0;63;7;22;40;832;33;128;22.0;14;0;4879.41;0;60;2;0.0;767.2581276998226;0;0;2
2806;0;4;373;38.0;88;8;82998.24;0.0;27;7;22;40;832;33;54;22.0;14;2;4879.41;0;63;2;0.0;93.07475441635768;0;0;1
2807;0;1;373;38.0;88;8;0.0;718652.0;63;7;22;62;832;29;54;22.0;14;2;4879.41;0;64;2;0.0;129.35285840647248;0;0;1
2808;0;3;245;41.0;83;11;16582.83;0.0;41;7;14;26;195;16;30;17.66;76;3;471.81;0;75;2;0.0;0.0;0;0;2
2809;0;2;245;41.0;83;8;16582.83;11579025.0;41;7;14;26;195;16;30;17.66;2;3;471.81;0;76;2;0.0;146.4241191927303;0;0;2
2810;0;6;245;41.0;83;8;16582.83;0.0;41;7;14;62;195;16;28;17.66;2;3;471.81;0;77;2;0.0;60.26164970308169;0;0;2
2811;0;0;245;41.0;83;11;16582.83;11579025.0;41;7;14;46;195;16;30;18.66;2;3;471.81;0;78;2;0.0;44.93601302803047;0;0;2
2812;0;7;245;41.0;83;11;16582.83;11579025.0;41;331;14;26;195;16;30;17.66;2;3;471.81;0;79;2;0.0;75.24376224744498;0;0;2
2813;0;5;245;41.0;83;11;16582.83;11579025.0;41;7;14;26;195;16;32;17.66;2;3;471.81;0;80;2;0.0;124.18435426033558;0;0;2
2814;0;4;245;41.0;83;11;16582.83;11579025.0;41;7;14;26;195;19;32;17.66;2;3;471.81;0;81;2;0.0;91.99017704732628;0;0;2
2815;0;1;245;41.0;83;11;11993705.0;11579025.0;41;7;14;26;195;16;30;17.66;2;2;471.81;0;82;2;0.0;85.47998569773479;0;0;2
2816;0;3;365;45.0;15;5;31896.42;2417035.0;39;5;4;4;551;28;128;5.91;55;1;1177.43;0;220;1;0.0;154.47173052022802;0;0;2
2817;0;2;365;45.0;15;5;31896.42;2417035.0;39;5;4;4;551;69;114;5.91;76;1;1177.43;0;221;1;0.0;53.82718457094549;0;0;0
2818;0;6;365;45.0;15;5;31896.42;2417035.0;39;5;4;4;551;69;114;5.91;76;1;1177.43;0;222;0;0.0;118.29994723823536;0;0;0
2819;0;0;365;45.0;15;5;31896.42;2417035.0;39;5;4;4;551;69;120;5.91;76;1;1177.43;0;404;1;0.0;69.35079339193669;0;0;0
2820;0;7;365;45.0;15;5;31896.42;2417035.0;39;5;4;4;551;69;114;5.91;76;2;1177.43;0;224;1;0.0;130.59473330581844;0;0;0
2821;0;5;365;45.0;15;5;31896.42;2417035.0;39;5;4;4;551;7;114;5.91;76;1;1177.43;0;225;0;0.0;117.47388230409224;0;0;0
2822;0;4;365;45.0;15;5;31896.42;2417035.0;39;5;4;4;551;69;128;5.91;85;1;1177.43;0;226;0;0.0;237.39963765183484;0;0;2
2823;0;1;365;45.0;15;5;31896.42;2417035.0;65;5;4;4;551;9;120;1.91;76;1;1177.43;0;217;1;0.0;123.49588941946736;0;0;2
2824;0;3;52;21.0;70;5;34927.0;0.0;50;4;4;2;358;10;40;10.36;1;2;1158.55;0;228;1;0.0;115.04189432576084;0;0;2
2825;0;2;52;21.0;70;8;34927.0;0.0;50;4;4;2;358;10;40;11.36;1;1;1158.55;0;404;1;0.0;230.7965080998465;0;0;0
2826;0;6;52;21.0;70;5;34927.0;0.0;50;4;3614;2;358;10;40;11.36;1;1;1158.55;0;232;0;0.0;60.509184546003006;0;0;0
2827;0;0;52;21.0;70;5;34927.0;0.0;50;4;4;2;358;10;52;11.36;69;2;1158.55;0;233;1;0.0;54.43583566803128;0;0;0
2828;0;7;52;21.0;70;5;34927.0;0.0;50;4;4;2;358;10;30;11.36;69;2;1158.55;0;234;0;0.0;76.97695112972262;0;0;0
2829;0;5;52;21.0;70;5;34927.0;0.0;50;4;4;2;358;10;48;11.36;69;2;1158.55;0;235;1;0.0;62.52269390868408;0;0;0
2830;0;4;52;21.0;70;5;34927.0;0.0;50;4;4;2;358;10;40;11.36;69;1;1158.55;0;236;1;0.0;206.5100395695757;0;0;0
2831;0;1;52;21.0;70;5;34927.0;0.0;50;4;4;2;358;10;52;11.36;69;1;1158.55;0;237;1;0.0;82.21284813640345;0;0;2
2832;0;3;549;54.0;519;10;25020.07;0.0;41;3;10;4;267;15;16;4.1;55;3;0.0;0;169;1;0.0;22.803105355072173;0;0;2
2833;0;2;549;54.0;519;10;25020.07;0.0;41;3;533;4;267;10;18;4.1;55;3;94.75;0;170;1;0.0;215.19996814867545;0;0;2
2834;0;6;336;54.0;519;10;25020.07;0.0;41;3;10;4;267;15;12;4.1;55;2;94.75;0;179;1;0.0;244.82302113512748;0;0;2
2835;0;0;549;54.0;625;10;25020.07;0.0;41;3;10;0;267;15;12;4.1;55;2;94.75;0;180;1;0.0;153.6146614781367;0;0;2
2836;0;7;549;54.0;519;10;25020.07;0.0;41;3;10;4;267;15;126;9.1;55;3;94.75;0;183;1;0.0;46.072771742185154;0;0;2
2837;0;5;549;54.0;519;10;25020.07;0.0;41;3;10;62;267;16;128;4.1;55;3;94.75;0;184;1;694330.0;93.95225411208293;0;0;2
2838;0;4;549;0.0;519;10;25020.07;0.0;41;3;10;4;267;15;126;4.1;55;2;94.75;0;185;1;0.0;107.30035797355976;0;0;0
2839;0;1;549;54.0;519;10;25020.07;0.0;41;3;10;4;267;21;10;3.1;64;2;94.75;0;186;0;0.0;63.81834689773877;0;0;2
2840;0;3;539;30.0;240;3;82778.56;0.0;50;6;30;62;450;32;16;17.39;14;3;1777.73;0;116;2;0.0;201.35499106758223;0;0;1
2841;0;2;539;30.0;240;3;82778.56;0.0;15;6;30;26;450;32;28;17.39;14;3;1777.73;0;117;2;0.0;164.19695274092902;0;0;1
2842;0;6;539;30.0;240;3;82778.56;0.0;50;6;30;26;450;27;28;17.39;14;3;1777.73;0;118;2;0.0;76.80930253245317;0;0;1
2843;0;0;539;30.0;240;3;82778.56;0.0;50;6;30;26;450;32;128;17.39;26;3;1777.73;0;109;2;0.0;148.9248858669455;0;0;1
2844;0;7;539;30.0;240;3;82778.56;0.0;50;6;30;26;450;31;30;17.39;26;3;1777.73;0;110;2;0.0;88.64287503799439;0;0;2
2845;0;5;539;6619.0;240;8;82778.56;0.0;50;6;30;26;450;32;28;17.39;26;3;1777.73;0;119;2;0.0;153.01038323134424;0;0;1
2846;0;4;539;31.0;240;3;82778.56;0.0;50;6;30;26;450;32;26;17.39;26;3;1777.73;0;120;2;0.0;270.1888322291424;0;0;1
2847;0;1;539;31.0;240;3;82778.56;0.0;50;6;30;26;450;32;28;17.39;26;2;1777.73;0;123;0;499420.0;120.53240953014252;0;0;1
2848;0;3;313;0.0;119;3;94052.22;0.0;41;4;13;4;551;25;28;9.41;76;3;76.99;0;158;2;0.0;665.854591653105;0;0;2
2849;0;2;313;36.0;119;8;94052.22;7704685.0;41;4;13;4;551;29;28;9.41;76;3;76.99;0;167;2;0.0;109.02609881594736;0;0;2
2850;0;6;313;36.0;119;3;94052.22;7704685.0;41;996;13;4;551;23;32;9.41;76;3;76.99;0;168;2;0.0;221.14893805748463;0;0;2
2851;0;0;313;36.0;119;3;94052.22;7704685.0;41;4;13;4;551;23;128;9.41;76;2;76.99;0;171;2;0.0;272.48538472945467;0;0;2
2852;0;7;336;36.0;119;3;94052.22;7704685.0;41;4;13;4;551;23;128;9.41;76;3;76.99;0;172;2;0.0;728.8317453441983;0;0;2
2853;0;5;313;0.0;119;8;94052.22;7704685.0;41;4;13;4;551;23;28;9.41;76;2;76.99;0;173;2;0.0;0.0;0;0;2
2854;0;4;313;37.0;119;3;94052.22;7704685.0;41;4;13;4;551;23;28;9.41;76;3;76.99;0;174;2;0.0;286.1367370001336;0;0;2
2855;0;1;313;37.0;119;3;94052.22;7704685.0;41;4;13;4;551;23;30;16.41;76;3;76.99;0;175;2;0.0;295.6557578365888;0;0;2
2856;0;3;486;22.0;534;14;16355.71;0.0;70;8;1684;18;854;60;30;20.0;7;3;1696.82;0;385;2;0.0;49.03250389440626;0;0;1
2857;0;2;486;1808.0;534;14;16355.71;0.0;70;8;23;18;854;55;18;20.0;7;3;1696.82;0;386;2;0.0;38.38113533010826;0;0;1
2858;0;6;486;0.0;534;14;16355.71;0.0;70;8;23;18;854;55;40;20.0;7;3;1696.82;0;387;2;0.0;67.87707164078476;0;0;1
2859;0;0;336;22.0;534;14;16355.71;0.0;70;8;23;18;854;54;30;20.0;7;3;1696.82;0;388;0;0.0;44.87421099440289;0;0;1
2860;0;7;336;23.0;534;14;16355.71;0.0;70;8;23;18;854;55;34;20.0;7;3;1696.82;0;389;2;0.0;94.83763360972831;0;0;1
2861;0;5;486;23.0;534;14;16355.71;0.0;70;8;23;18;854;55;30;20.0;7;3;1696.82;0;390;0;0.0;67.26141194100322;0;0;1
2862;0;4;486;23.0;534;14;16355.71;0.0;70;8;23;18;854;55;18;21.0;20;3;1696.82;0;391;2;0.0;137.3119882112301;0;0;1
2863;0;1;486;23.0;534;14;16355.71;0.0;70;8;23;18;854;55;30;20.0;20;3;1696.82;0;382;2;0.0;96.49873536879988;0;0;1
2864;0;3;99;18.0;358;4;15119.56;0.0;50;5;29;62;709;27;34;21.63;7;0;3154.07;0;56;2;0.0;106.61966897583746;0;0;2
2865;0;2;99;18.0;358;4;15119.56;0.0;50;5;29;40;709;27;34;21.63;7;0;3154.07;0;404;2;0.0;47.94400600772285;0;0;2
2866;0;6;99;18.0;358;4;15119.56;0.0;50;912;29;0;709;27;34;21.63;7;2;3154.07;0;58;2;0.0;19.791937165810918;0;0;2
2867;0;0;99;18.0;358;4;15119.56;0.0;50;5;29;40;709;27;34;21.63;7;2;3154.07;0;49;2;0.0;66.17589740035613;0;0;2
2868;0;7;99;18.0;358;4;15119.56;0.0;50;5;29;40;709;27;34;22.63;7;2;3154.07;0;50;2;0.0;140.23789519863317;0;0;2
2869;0;5;99;18.0;358;4;15119.56;0.0;50;5;29;62;709;27;34;21.63;85;0;3154.07;0;59;2;0.0;16.11466976752444;0;0;2
2870;0;4;99;18.0;358;4;15119.56;0.0;50;5;29;40;709;30;128;22.63;7;0;3154.07;0;60;2;0.0;0.0;0;0;2
2871;0;1;99;18.0;358;4;0.0;0.0;50;5;29;40;709;27;48;21.63;7;0;3154.07;0;63;2;0.0;90.40271614935943;0;0;2
2872;0;3;183;15.0;32;13;20639.79;0.0;58;5;15;56;601;48;30;16.15;76;0;4145.87;0;1;2;0.0;192.42739527085945;0;0;2
2873;0;2;183;15.0;32;13;20639.79;0.0;58;5;15;56;601;48;16;16.15;76;0;4145.87;0;2;2;0.0;123.74068768616756;0;0;2
2874;0;6;183;15.0;32;13;20639.79;15419825.0;58;5;15;56;601;48;28;11.15;76;0;4145.87;0;11;2;0.0;42.74836523482077;0;0;2
2875;0;0;183;15.0;32;13;20639.79;15419825.0;58;5;15;56;601;48;28;16.15;76;0;4145.87;0;12;2;0.0;143.45529941759574;0;0;2
2876;0;7;183;15.0;32;13;20639.79;15419825.0;58;5;15;56;601;48;28;16.15;76;0;4145.87;0;15;2;0.0;71.01008392385688;0;0;2
2877;0;5;183;15.0;625;13;20639.79;0.0;58;5;15;56;601;49;24;16.15;76;2;4145.87;0;16;2;0.0;141.8018491390168;0;0;2
2878;0;4;183;15.0;32;13;20639.79;15419825.0;58;5;15;62;601;48;18;16.15;76;2;4145.87;0;17;2;0.0;128.86218087887733;0;0;2
2879;0;1;183;15.0;32;13;20639.79;15419825.0;58;5;15;56;601;48;28;16.15;76;0;0.0;0;18;2;0.0;128.32515343759778;0;0;2
2880;0;3;465;36.0;445;3;18472.71;13923925.0;2;6;26;26;738;55;62;5.4;76;0;2031.89;0;138;2;0.0;46.94486957673279;0;0;1
2881;0;2;465;36.0;445;3;18472.71;13923925.0;2;6;26;26;738;52;128;5.4;76;0;2031.89;0;139;2;0.0;80.56595452330389;0;0;1
2882;0;6;465;36.0;625;3;18472.71;13923925.0;2;6;26;26;738;48;128;5.4;76;2;2031.89;0;404;2;0.0;50.25222603936414;0;0;1
2883;0;0;465;36.0;445;3;18472.71;0.0;2;6;26;26;738;52;60;5.4;76;0;2031.89;0;141;2;0.0;125.9240716809585;0;0;1
2884;0;7;465;36.0;445;3;18472.71;13923925.0;2;6;26;26;738;52;66;5.4;2;0;2031.89;0;142;2;0.0;85.59247977185963;0;0;1
2885;0;5;465;37.0;445;3;18472.71;0.0;2;6;26;26;738;48;128;5.4;2;0;2031.89;0;404;2;42080.0;37.27114182778436;0;0;1
2886;0;4;465;37.0;445;3;0.0;13923925.0;2;6;26;26;738;52;66;5.4;2;0;2031.89;0;134;2;0.0;98.85454007393744;0;0;2
2887;0;1;465;37.0;445;3;18472.71;13923925.0;2;6;26;26;738;52;76;5.4;2;0;2031.89;0;155;2;0.0;77.93980762921674;0;0;1
2888;0;3;266;54.0;33;7;42731.27;0.0;0;4;1;16;460;71;2;-1.7999999999999998;1;1;511.85;0;204;1;0.0;0.0;0;0;2
2889;0;2;266;54.0;33;7;42731.27;0.0;0;4;1;16;460;71;6;4.2;1;2;511.85;0;207;1;0.0;41.79900934131077;0;0;2
2890;0;6;266;54.0;33;7;0.0;0.0;0;4;1;16;460;70;4;5.2;1;2;511.85;0;208;1;0.0;0.0;0;0;2
2891;0;0;266;54.0;33;7;42731.27;0.0;0;4;1;16;460;71;6;-0.7999999999999998;1;1;511.85;0;209;1;0.0;305.84986561943083;0;0;2
2892;0;7;266;54.0;33;7;42731.27;0.0;0;4;1;16;460;71;8;-0.7999999999999998;1;1;511.85;0;210;1;0.0;137.12265285447089;0;0;2
2893;0;5;266;54.0;33;7;42731.27;0.0;0;4;1;16;460;71;4;10.2;1;1;511.85;0;211;1;0.0;148.13170971091355;0;0;2
2894;0;4;266;54.0;33;7;42731.27;0.0;0;4;1;16;460;39;6;1.2000000000000002;1;1;511.85;0;212;1;0.0;96.21187635246142;0;0;2
2895;0;1;266;54.0;33;7;42731.27;0.0;0;4;1;16;460;71;6;5.2;1;1;511.85;0;213;1;0.0;0.0;0;0;2
2896;0;3;57;31.0;14;9;82700.32;0.0;63;8;17;40;70;12;28;27.33;14;0;4659.6;0;404;2;0.0;308.6420449153008;0;0;1
2897;0;2;57;31.0;14;9;82700.32;0.0;63;8;17;40;70;12;30;27.33;14;2;4659.6;0;45;2;0.0;65.88851787983369;0;0;2
2898;0;6;57;31.0;14;9;82700.32;0.0;63;8;17;40;70;16;30;31.33;14;0;4659.6;0;46;2;0.0;331.4807529754072;0;0;1
2899;0;0;57;0.0;14;9;82700.32;0.0;63;8;17;40;70;11;30;29.33;14;0;4659.6;0;37;2;0.0;98.01062880763624;0;0;2
2900;0;7;57;0.0;14;8;82700.32;0.0;63;8;17;40;70;12;32;27.33;14;0;4659.6;0;38;2;0.0;114.8830865320154;0;0;1
2901;0;5;57;31.0;14;8;82700.32;0.0;63;8;17;40;70;16;18;27.33;14;2;4659.6;0;47;2;0.0;137.15986611843928;0;0;1
2902;0;4;57;7992.0;14;9;82700.32;0.0;63;8;17;40;70;12;30;27.33;14;0;4659.6;0;48;2;0.0;0.0;0;0;1
2903;0;1;57;31.0;14;9;82700.32;0.0;70;9;17;40;70;12;128;27.33;14;0;4659.6;0;51;2;0.0;386.4098280143365;0;0;1
2904;0;3;610;44.0;504;2;11968.51;0.0;29;4;16;16;545;20;34;10.95;0;3;685.74;0;214;1;0.0;36.679505318776606;0;0;2
2905;0;2;610;45.0;625;2;11968.51;0.0;39;4;16;16;545;18;48;10.95;0;3;685.74;0;205;0;0.0;109.0623032425537;0;0;2
2906;0;6;610;45.0;504;2;11968.51;0.0;39;4;16;16;545;21;34;10.95;0;3;685.74;0;206;1;0.0;37.44229654068365;0;0;2
2907;0;0;610;45.0;625;2;11968.51;0.0;39;4;16;16;545;18;34;5.949999999999998;0;3;685.74;0;404;1;0.0;145.33632879553076;0;0;2
2908;0;7;610;45.0;504;2;11968.51;0.0;39;4;16;16;545;21;34;10.95;0;3;685.74;0;216;1;0.0;98.1266796447947;0;0;2
2909;0;5;610;45.0;504;2;11968.51;0.0;39;4;16;16;545;18;40;10.95;0;3;685.74;0;219;1;0.0;135.97676308166157;0;0;2
2910;0;4;610;45.0;504;2;11968.51;0.0;39;4;16;16;545;18;34;10.95;0;3;685.74;0;220;1;0.0;85.30634667864685;0;0;2
2911;0;1;336;45.0;504;2;11968.51;0.0;39;4;16;16;545;18;34;10.95;0;3;685.74;0;221;1;0.0;22.430682931421188;0;0;2
2912;0;3;510;32.0;200;10;33386.25;28511875.0;58;5;11;18;339;24;10;9.97;58;3;1343.67;0;70;2;0.0;0.0;0;0;2
2913;0;2;510;32.0;625;10;33386.25;28511875.0;58;5;11;18;339;27;10;9.97;58;2;1343.67;0;404;0;0.0;195.37736237441035;0;0;2
2914;0;6;510;32.0;200;10;33386.25;28511875.0;58;5;11;0;339;24;10;9.97;58;3;1343.67;0;62;2;0.0;324.85073462094306;0;0;2
2915;0;0;510;32.0;200;10;33386.25;28511875.0;58;5;11;18;339;23;120;10.97;58;2;1343.67;0;404;2;0.0;48.68114385647872;0;0;2
2916;0;7;510;32.0;200;10;33386.25;28511875.0;58;5;11;18;339;24;10;6.9700000000000015;69;3;1343.67;0;72;2;0.0;58.052824391129406;0;0;2
2917;0;5;336;32.0;200;10;33386.25;0.0;58;5;1473;18;339;21;10;9.97;69;3;1343.67;0;75;2;0.0;86.04251272282076;0;0;2
2918;0;4;336;32.0;200;10;33386.25;28511875.0;58;5;11;18;339;27;10;9.97;69;3;1343.67;0;76;2;0.0;80.66178211226435;0;0;2
2919;0;1;510;32.0;200;10;33386.25;0.0;58;5;11;18;339;24;10;9.97;69;3;1343.67;0;77;2;0.0;116.9318156570065;0;0;2
2920;0;3;246;15.0;584;1;67614.24;555852.0;58;10;17;16;356;40;54;14.66;14;0;1330.8;0;105;2;0.0;191.5452950783409;0;0;1
2921;0;2;246;15.0;584;1;67614.24;555852.0;58;10;17;0;356;38;54;14.66;14;0;1330.8;0;106;2;0.0;58.116853646357576;0;0;1
2922;0;6;246;16.0;584;8;67614.24;0.0;58;10;3050;16;356;38;54;14.66;14;0;1330.8;0;97;2;0.0;129.80089632111506;0;0;1
2923;0;0;336;16.0;584;1;67614.24;0.0;58;10;17;16;356;38;54;14.66;25;0;1330.8;0;98;2;0.0;294.0496274132364;0;0;1
2924;0;7;246;16.0;584;1;0.0;555852.0;58;10;17;16;356;38;52;14.66;25;0;1330.8;0;107;0;0.0;0.0;0;0;1
2925;0;5;246;16.0;584;1;67614.24;0.0;58;10;17;16;356;34;54;14.66;85;0;1330.8;0;108;2;0.0;448.4074771451308;0;0;1
2926;0;4;246;16.0;584;1;67614.24;555852.0;58;10;17;16;356;38;40;17.66;25;0;1330.8;0;111;0;0.0;592.3482285913549;0;0;1
2927;0;1;336;16.0;584;1;67614.24;555852.0;58;10;17;16;356;38;54;9.66;25;0;1330.8;0;112;2;0.0;133.28835074709409;0;0;1
2928;0;3;116;35.0;222;0;174304.04;0.0;1;3;12;62;358;7;114;1.96;42;1;461.16;0;266;0;0.0;411.4090542576839;0;0;2
2929;0;2;116;0.0;222;0;174304.04;0.0;1;3;12;2;358;50;128;1.96;42;1;461.16;0;287;1;0.0;908.942659687934;0;0;2
2930;0;6;116;36.0;222;0;174304.04;0.0;1;3;12;0;358;50;114;1.96;42;1;461.16;0;288;1;0.0;0.0;0;0;2
2931;0;0;116;36.0;222;0;174304.04;0.0;1;3;12;2;358;50;128;1.96;58;1;461.16;0;291;1;0.0;924.5006617150266;0;0;2
2932;0;7;116;36.0;625;8;174304.04;0.0;1;3;12;2;358;28;114;1.96;58;1;461.16;0;292;1;0.0;457.54564309139937;0;0;2
2933;0;5;116;36.0;222;0;174304.04;0.0;1;3;12;62;358;50;128;1.96;58;1;461.16;0;293;1;0.0;150.87013406007264;0;0;2
2934;0;4;116;36.0;222;0;174304.04;0.0;1;3;12;2;358;50;114;1.96;58;1;461.16;0;294;1;0.0;156.94785953403456;0;0;2
2935;0;1;116;36.0;222;0;174304.04;0.0;1;3;12;2;358;50;114;1.96;58;1;461.16;0;295;1;0.0;765.0078808971347;0;0;2
2936;0;3;475;25.0;625;3;68742.75;59025625.0;58;4;20;16;205;22;34;11.04;76;3;651.38;0;404;2;0.0;594.119779007699;0;0;2
2937;0;2;475;25.0;447;3;68742.75;59025625.0;58;4;20;16;205;24;40;11.04;76;3;651.38;0;404;2;0.0;298.4283347922117;0;0;2
2938;0;6;475;25.0;447;8;0.0;59025625.0;58;4;20;16;205;22;40;11.04;76;3;651.38;0;68;2;0.0;0.0;0;0;2
2939;0;0;475;25.0;447;3;68742.75;0.0;58;4;20;16;205;22;30;11.04;76;3;651.38;0;69;2;0.0;102.38607614181718;0;0;2
2940;0;7;475;25.0;447;3;68742.75;59025625.0;58;4;20;62;205;22;30;11.04;76;3;651.38;0;70;2;0.0;160.35167295847566;0;0;2
2941;0;5;475;25.0;447;3;68742.75;59025625.0;58;4;20;16;205;22;40;11.04;60;3;651.38;0;404;2;804820.0;272.10715753214384;0;0;2
2942;0;4;475;26.0;447;3;13019734.0;59025625.0;58;4;20;16;205;22;34;11.04;76;3;651.38;0;62;2;0.0;374.4935851021462;0;0;2
2943;0;1;475;0.0;447;3;68742.75;59025625.0;58;4;20;0;205;23;40;11.04;76;3;651.38;0;71;2;0.0;235.2379624122425;0;0;2
2944;0;3;283;45.0;492;6;0.0;0.0;50;6;11;4;208;22;128;9.63;1;3;1124.16;0;245;2;0.0;62.598044053934366;0;0;2
2945;0;2;283;45.0;492;6;15932.725;0.0;50;6;11;4;208;22;128;8.63;1;3;1124.16;0;246;2;0.0;30.401563294802614;0;0;2
2946;0;6;283;45.0;492;6;15932.725;0.0;50;6;11;4;208;25;12;9.63;1;3;1124.16;0;247;2;0.0;114.32540248366188;0;0;2
2947;0;0;283;45.0;492;6;15932.725;0.0;50;6;11;4;208;22;18;9.63;1;3;1124.16;0;404;2;0.0;15.631145898311791;0;0;0
2948;0;7;283;0.0;492;6;15932.725;0.0;50;6;11;62;208;22;12;9.63;1;3;1124.16;0;249;2;0.0;30.96125517178144;0;0;0
2949;0;5;283;45.0;492;6;15932.725;0.0;50;6;11;4;208;24;12;9.63;1;3;1124.16;0;250;2;0.0;0.0;0;0;0
2950;0;4;283;223.0;492;6;16729446.0;0.0;50;6;11;4;208;26;24;9.63;1;2;1124.16;0;241;2;0.0;96.66590989584728;0;0;2
2951;0;1;283;45.0;492;6;15932.725;0.0;50;6;11;4;208;25;16;8.63;1;3;1124.16;0;242;2;0.0;107.33123865371876;0;0;2
2952;0;3;351;43.0;503;3;55583.67;48169725.0;50;5;11;16;760;21;30;14.29;64;3;2019.51;0;97;0;0.0;148.49889809256624;0;0;1
2953;0;2;351;43.0;503;3;55583.67;48169725.0;50;5;11;16;760;21;30;14.29;64;3;2019.51;0;98;2;0.0;130.30498602760235;0;0;2
2954;0;6;351;43.0;503;3;55583.67;48169725.0;50;5;11;16;760;22;30;14.29;85;3;2019.51;0;404;2;0.0;258.0544123401545;0;0;1
2955;0;0;351;43.0;503;3;55583.67;0.0;50;5;11;16;760;21;28;14.29;69;2;2019.51;0;108;2;0.0;0.0;0;0;1
2956;0;7;336;1232.0;503;3;55583.67;48169725.0;50;5;11;16;760;21;40;14.29;69;3;2019.51;0;111;2;0.0;394.5478461935571;0;0;1
2957;0;5;351;4659.0;503;3;55583.67;48169725.0;50;5;11;16;760;22;30;14.29;69;3;2019.51;0;112;2;0.0;0.0;0;0;1
2958;0;4;351;43.0;503;3;55583.67;48169725.0;50;5;11;62;760;21;32;0.0;69;3;2019.51;0;113;2;0.0;610.2474618156066;0;0;1
2959;0;1;351;44.0;503;3;55583.67;48169725.0;50;5;11;16;760;21;32;12.29;69;3;2019.51;0;114;2;0.0;141.74714123852982;0;0;2
2960;0;3;60;18.0;287;1;72252.36;605903.0;45;3;12;26;160;20;32;11.1;58;3;51.39;0;219;1;0.0;580.0378686267111;0;0;2
2961;0;2;60;19.0;287;1;72252.36;605903.0;45;3;12;26;160;20;128;9.1;58;3;51.39;0;220;1;0.0;90.7757685126698;0;0;2
2962;0;6;60;19.0;287;1;72252.36;605903.0;45;3;12;26;160;20;30;9.1;58;3;51.39;0;221;1;0.0;124.4990063271634;0;0;2
2963;0;0;60;19.0;287;1;72252.36;0.0;45;3;12;26;160;15;28;9.1;58;3;51.39;0;222;1;0.0;46.316009780641394;0;0;1
2964;0;7;60;19.0;625;1;72252.36;605903.0;45;3;12;26;160;20;34;9.1;58;3;51.39;0;223;1;0.0;249.62746082909047;0;0;1
2965;0;5;60;6895.0;287;1;72252.36;605903.0;45;3;12;62;160;20;28;9.1;58;2;51.39;0;224;1;0.0;334.59859122199816;0;0;1
2966;0;4;60;19.0;287;1;72252.36;605903.0;45;3;12;26;160;23;28;9.1;58;3;51.39;0;225;1;0.0;111.39524084479557;0;0;2
2967;0;1;60;19.0;287;1;72252.36;605903.0;45;3;12;26;160;19;128;9.1;58;3;51.39;0;226;1;0.0;132.35376657125823;0;0;2
2968;0;3;578;32.0;451;12;30399.06;2298255.0;45;6;18;26;518;15;12;10.55;55;3;516.76;0;123;2;0.0;171.66174105369694;0;0;2
2969;0;2;578;32.0;451;12;30399.06;2298255.0;45;6;18;26;518;10;16;10.55;76;3;516.76;0;124;2;0.0;0.0;0;0;2
2970;0;6;578;32.0;451;12;30399.06;2298255.0;45;6;18;26;518;9;10;10.55;76;3;516.76;0;125;2;0.0;153.0156990521271;0;0;2
2971;0;0;336;32.0;451;12;30399.06;0.0;45;6;18;26;518;71;16;10.55;76;3;516.76;0;126;2;0.0;143.0942778828707;0;0;2
2972;0;7;578;32.0;451;12;30399.06;2298255.0;45;6;18;26;518;10;16;12.55;76;3;516.76;0;404;2;0.0;120.56025965317892;0;0;2
2973;0;5;578;32.0;451;12;30399.06;2298255.0;45;6;18;26;518;11;126;4.550000000000002;76;3;516.76;0;128;2;0.0;52.75492104193921;0;0;2
2974;0;4;578;32.0;451;12;30399.06;0.0;45;6;18;26;518;10;16;0.0;76;3;516.76;0;129;0;0.0;284.36842200679433;0;0;0
2975;0;1;336;32.0;451;12;30399.06;0.0;45;6;18;26;518;10;16;10.55;76;2;516.76;0;130;2;0.0;0.0;0;0;2
2976;0;3;273;41.0;132;7;0.0;0.0;50;8;19;36;416;35;34;34.81;7;0;2758.61;0;338;2;0.0;19.513402378799203;0;0;2
2977;0;2;273;42.0;132;8;8365.075;0.0;50;8;19;36;416;41;48;28.81;7;0;2758.61;0;339;2;0.0;42.7591440373194;0;0;2
2978;0;6;273;42.0;132;7;8365.075;0.0;50;8;19;36;416;35;28;28.81;7;0;2758.61;0;340;2;0.0;76.98085135263291;0;0;2
2979;0;0;273;42.0;132;7;8365.075;0.0;50;8;19;36;416;33;30;28.81;7;0;2758.61;0;341;0;0.0;55.57627661387753;0;0;2
2980;0;7;273;42.0;132;7;8365.075;0.0;50;8;19;36;416;41;34;28.81;7;0;2758.61;0;342;2;0.0;48.85033328612907;0;0;2
2981;0;5;273;0.0;132;7;8365.075;0.0;50;8;19;36;416;35;34;28.81;7;0;2758.61;0;343;2;0.0;95.00717971708102;0;0;2
2982;0;4;273;42.0;132;7;7170493.0;0.0;50;8;19;36;416;35;34;28.81;7;0;2758.61;0;334;2;0.0;44.86040068156886;0;0;2
2983;0;1;273;42.0;132;7;8365.075;0.0;50;8;19;36;416;35;30;28.81;7;0;2758.61;0;335;2;0.0;0.0;0;0;2
2984;0;3;347;19.0;206;13;133410.66;11387555.0;1;3;4;0;358;39;108;1.05;55;1;933.84;0;245;1;0.0;0.0;0;0;0
2985;0;2;347;20.0;206;13;133410.66;11387555.0;1;3;4;2;358;50;108;1.05;55;1;933.84;0;246;1;0.0;190.18121021048023;0;0;0
2986;0;6;347;20.0;206;13;0.0;11387555.0;1;3;4;2;358;50;128;1.05;55;1;933.84;0;247;1;0.0;0.0;0;0;0
2987;0;0;347;20.0;206;13;133410.66;11387555.0;1;3;4;2;358;39;108;1.05;55;1;933.84;0;248;1;479090.0;147.8499442200749;0;0;2
2988;0;7;347;20.0;206;13;133410.66;11387555.0;1;3;4;2;358;71;108;1.05;55;1;933.84;0;249;1;0.0;0.0;0;0;0
2989;0;5;347;20.0;206;13;133410.66;0.0;1;3;4;2;358;50;108;1.05;55;1;933.84;0;250;1;361740.0;298.51421110643554;0;0;0
2990;0;4;347;20.0;206;13;0.0;11387555.0;1;3;4;2;358;50;108;1.05;21;1;933.84;0;241;1;0.0;224.7151827979372;0;0;0
2991;0;1;347;395.0;206;8;133410.66;11387555.0;1;3;4;2;358;50;108;1.05;55;1;933.84;0;242;1;0.0;518.2357809204392;0;0;0
2992;0;3;34;42.0;366;2;19167.04;0.0;50;6;15;62;525;29;40;9.19;58;2;1297.12;0;363;2;0.0;132.95576068619033;0;0;1
2993;0;2;34;42.0;366;2;19167.04;0.0;50;6;15;26;525;29;40;9.19;58;3;1297.12;0;364;2;0.0;111.48490601339034;0;0;1
2994;0;6;336;42.0;366;2;19167.04;0.0;50;6;15;26;525;29;52;3.1899999999999995;58;3;1297.12;0;365;2;308380.0;0.0;0;0;2
2995;0;0;34;7099.0;366;2;19167.04;0.0;50;6;15;26;525;29;30;9.19;58;3;1297.12;0;366;0;0.0;133.7620303303157;0;0;1
2996;0;7;34;42.0;366;2;19167.04;0.0;50;1071;15;26;525;29;40;9.19;69;3;1297.12;0;404;2;541130.0;149.310698728804;0;0;1
2997;0;5;34;42.0;366;2;19167.04;0.0;50;6;15;26;525;30;40;13.19;69;2;1297.12;0;358;2;0.0;45.72732662050478;0;0;1
2998;0;4;34;42.0;366;2;19167.04;0.0;50;6;15;26;525;31;40;12.19;69;3;1297.12;0;359;2;0.0;106.78897102893404;0;0;1
2999;0;1;34;42.0;366;2;19167.04;0.0;50;6;15;62;525;30;30;0.0;69;3;1297.12;0;368;2;0.0;30.44002055924684;0;0;1
3000;0;3;408;39.0;121;8;0.0;24494225.0;41;4;2;2;358;8;82;14.75;0;1;460.32;0;228;1;0.0;328.6957549814732;0;0;0
3001;0;2;408;39.0;121;8;28169.07;24494225.0;41;4;2;2;358;39;108;7.75;1;1;460.32;0;231;1;0.0;50.38422731811136;0;0;0
3002;0;6;408;39.0;121;8;28169.07;24494225.0;41;4;2;2;358;61;102;7.75;1;2;460.32;0;232;0;0.0;93.03830544656203;0;0;0
3003;0;0;408;39.0;121;8;28169.07;24494225.0;41;4;2;62;358;61;102;1.75;1;1;460.32;0;233;1;0.0;0.0;0;0;0
3004;0;7;408;39.0;121;8;28169.07;0.0;41;4;2;2;358;61;108;7.75;1;1;460.32;0;234;0;0.0;242.0770293583621;0;0;0
3005;0;5;408;39.0;121;8;28169.07;24494225.0;41;4;2;2;358;61;82;7.75;1;1;460.32;0;235;1;0.0;151.58856331830245;0;0;0
3006;0;4;408;39.0;121;8;28169.07;24494225.0;41;4;2;0;358;61;6;7.75;1;1;460.32;0;236;0;0.0;41.68315347995853;0;0;2
3007;0;1;408;39.0;121;8;28169.07;24494225.0;41;4;2;2;358;6;82;7.75;1;2;460.32;0;237;1;0.0;218.57136649389523;0;0;0
3008;0;3;309;45.0;506;13;12613.56;91913.0;45;3;5;2;358;14;128;5.5;42;1;328.41;0;136;1;0.0;71.0406529410847;0;0;0
3009;0;2;336;45.0;506;13;12613.56;91913.0;45;3;5;2;358;18;30;3.5;42;1;328.41;0;137;1;0.0;0.0;0;0;0
3010;0;6;309;45.0;506;13;12613.56;91913.0;45;3;5;2;358;18;128;3.5;42;1;0.0;0;138;1;0.0;49.534370580826966;0;0;0
3011;0;0;309;45.0;506;13;12613.56;91913.0;45;3;5;2;358;18;34;3.5;42;2;328.41;0;139;1;0.0;44.10089047864433;0;0;0
3012;0;7;309;45.0;506;13;12613.56;0.0;45;3;5;2;358;18;32;3.5;69;1;328.41;0;140;0;0.0;54.266240573716;0;0;2
3013;0;5;309;45.0;506;13;12613.56;91913.0;45;3;5;2;358;18;34;3.5;69;1;328.41;0;404;1;0.0;52.82756445555837;0;0;0
3014;0;4;309;-500.0;506;13;12613.56;91913.0;45;3;5;2;358;20;30;3.5;69;1;328.41;0;142;1;0.0;93.14574469281106;0;0;0
3015;0;1;309;46.0;506;13;3961526.0;91913.0;45;879;5;2;358;12;128;-3.5;69;1;328.41;0;133;1;660450.0;12.68004582388189;0;0;0
3016;0;3;598;18.0;490;11;29625.82;0.0;39;4;11;26;705;25;24;17.74;58;2;1042.61;0;363;2;0.0;87.08738932466152;0;0;2
3017;0;2;598;19.0;490;8;29625.82;0.0;39;4;11;0;705;25;30;17.74;58;2;1042.61;0;364;2;0.0;221.6919431520788;0;0;2
3018;0;6;598;19.0;625;11;29625.82;0.0;39;4;11;26;705;29;40;17.74;58;2;1042.61;0;404;2;0.0;100.0385469050801;0;0;2
3019;0;0;336;19.0;490;11;29625.82;0.0;39;4;11;26;705;25;30;17.74;85;3;1042.61;0;366;2;0.0;215.86842396464584;0;0;2
3020;0;7;598;19.0;490;11;29625.82;0.0;39;4;11;26;705;23;40;17.74;58;3;1042.61;0;367;2;0.0;228.97625287905944;0;0;2
3021;0;5;598;19.0;490;11;0.0;0.0;39;4;11;26;705;25;30;23.74;58;3;1042.61;0;358;2;0.0;0.0;0;0;2
3022;0;4;598;19.0;490;11;29625.82;0.0;39;4;11;26;705;25;30;17.74;58;2;1042.61;0;359;2;168420.0;98.7382692243748;0;0;2
3023;0;1;598;19.0;490;11;29625.82;0.0;39;4;11;26;705;25;40;17.74;58;3;1042.61;0;368;2;0.0;180.43221474118687;0;0;2
3024;0;3;336;22.0;147;1;0.0;5326255.0;58;4;10;18;249;24;18;15.85;42;3;1230.58;0;304;2;0.0;0.0;0;0;2
3025;0;2;299;22.0;147;1;62223.06;5326255.0;58;4;10;18;249;29;128;15.85;72;2;1230.58;0;404;2;0.0;118.0754926808025;0;0;2
3026;0;6;299;22.0;147;1;62223.06;5326255.0;58;4;10;18;249;29;10;15.85;72;3;1230.58;0;306;2;0.0;622.5040187029517;0;0;2
3027;0;0;299;22.0;147;8;62223.06;5326255.0;58;4;10;18;249;26;18;15.85;72;3;1230.58;0;307;2;0.0;205.81381438162563;0;0;2
3028;0;7;299;22.0;147;1;62223.06;5326255.0;58;4;10;0;249;29;18;15.85;52;3;1230.58;0;308;2;0.0;128.8551231882037;0;0;2
3029;0;5;299;22.0;625;1;62223.06;5326255.0;58;4;10;18;249;29;30;15.85;72;2;1230.58;0;309;2;0.0;115.88269398731128;0;0;2
3030;0;4;299;22.0;147;1;62223.06;5326255.0;58;419;10;18;249;29;16;19.85;72;3;1230.58;0;310;2;0.0;242.23178666705363;0;0;2
3031;0;1;299;22.0;147;1;62223.06;5326255.0;58;4;10;18;249;29;18;19.85;85;2;1230.58;0;404;2;0.0;571.4290668060677;0;0;2
3032;0;3;482;44.0;599;6;0.0;14950375.0;58;6;16;2;358;27;48;14.21;55;3;69.51;0;246;2;0.0;0.0;0;0;2
3033;0;2;482;44.0;599;6;0.0;14950375.0;58;6;16;2;358;27;48;14.21;55;2;69.51;0;247;2;0.0;73.17422018133493;0;0;2
3034;0;6;482;44.0;599;6;14976.45;14950375.0;58;6;16;2;358;27;60;14.21;55;3;69.51;0;248;2;0.0;132.14152036102791;0;0;2
3035;0;0;482;44.0;599;6;14976.45;14950375.0;58;6;16;2;358;27;128;14.21;55;3;69.51;0;249;2;0.0;154.10411892714563;0;0;2
3036;0;7;482;0.0;599;6;14976.45;14950375.0;58;6;16;2;358;27;128;14.21;55;3;69.51;0;250;0;0.0;201.1433338188117;0;0;2
3037;0;5;482;44.0;599;6;0.0;14950375.0;58;6;16;2;358;27;48;14.21;55;3;69.51;0;404;2;0.0;70.26858421999461;0;0;2
3038;0;4;482;44.0;599;6;14976.45;14950375.0;58;6;16;2;358;22;32;14.21;55;2;69.51;0;242;2;787230.0;83.06250641793079;0;0;2
3039;0;1;482;44.0;599;6;14976.45;14950375.0;58;6;16;2;358;27;54;14.21;55;3;69.51;0;251;2;0.0;193.5728251356899;0;0;2
3040;0;3;123;20.0;230;3;82454.0;0.0;50;7;16;40;335;45;28;24.94;72;0;3085.36;0;278;2;0.0;198.0958582486632;0;0;2
3041;0;2;123;20.0;230;3;82454.0;0.0;50;7;16;40;335;54;28;24.94;72;0;3085.36;0;332;2;0.0;872.8568049134481;0;0;2
3042;0;6;123;20.0;230;3;82454.0;0.0;50;7;16;40;335;48;32;24.94;7;0;3085.36;0;333;2;0.0;382.4758483611317;0;0;2
3043;0;0;336;20.0;230;3;82454.0;0.0;50;7;16;40;335;48;28;25.94;7;0;3085.36;0;336;2;0.0;144.1530694084429;0;0;2
3044;0;7;123;20.0;230;3;82454.0;0.0;50;7;16;0;335;53;28;24.94;7;0;3085.36;0;337;2;0.0;107.92094019833662;0;0;2
3045;0;5;123;20.0;230;3;82454.0;0.0;50;7;16;40;335;48;18;24.94;7;2;3085.36;0;338;2;0.0;169.8082101230761;0;0;2
3046;0;4;123;20.0;230;3;82454.0;0.0;50;7;16;40;335;48;28;29.94;7;2;3085.36;0;339;2;0.0;392.2764907065495;0;0;2
3047;0;1;336;20.0;230;3;82454.0;0.0;50;7;16;62;335;54;28;24.94;7;0;3085.36;0;340;2;0.0;274.21699804815825;0;0;1
3048;0;3;456;33.0;401;1;62874.96;508658.0;39;4;15;0;194;19;40;23.1;72;2;527.16;0;404;2;0.0;191.67738250577827;0;0;2
3049;0;2;456;33.0;401;1;62874.96;508658.0;39;4;15;26;194;24;40;17.1;72;3;527.16;0;134;2;0.0;416.6864431414047;0;0;2
3050;0;6;456;33.0;401;1;62874.96;508658.0;39;4;15;26;194;24;48;17.1;72;2;527.16;0;155;2;0.0;75.88172038528201;0;0;2
3051;0;0;456;33.0;401;1;62874.96;508658.0;39;4;15;26;194;19;40;17.1;72;2;527.16;0;156;2;0.0;0.0;0;0;2
3052;0;7;456;33.0;401;1;23181767.0;508658.0;39;4;15;26;194;19;40;17.1;72;3;527.16;0;404;2;0.0;179.16129966781074;0;0;2
3053;0;5;456;33.0;401;1;62874.96;508658.0;39;4;15;26;194;19;34;17.1;72;2;527.16;0;160;2;0.0;0.0;0;0;2
3054;0;4;456;33.0;401;1;62874.96;508658.0;39;4;15;26;194;19;128;0.0;72;2;527.16;0;161;2;0.0;0.0;0;0;2
3055;0;1;456;33.0;401;1;62874.96;508658.0;39;4;15;26;194;19;40;17.1;72;3;527.16;0;162;2;0.0;675.2678199503731;0;0;2
3056;0;3;390;37.0;154;8;17164.72;0.0;2;6;19;56;532;33;128;25.15;72;0;4813.02;0;30;2;0.0;89.53344586090358;0;0;1
3057;0;2;390;37.0;154;11;17164.72;0.0;2;6;19;0;532;27;40;25.15;72;0;4813.02;0;31;2;0.0;0.0;0;0;1
3058;0;6;390;37.0;154;11;17164.72;0.0;2;6;19;56;532;29;30;25.15;72;0;0.0;0;32;2;0.0;0.0;0;0;1
3059;0;0;390;37.0;154;8;17164.72;0.0;2;6;19;14;532;38;30;25.15;72;0;4813.02;0;33;2;0.0;63.569916407145;0;0;1
3060;0;7;390;37.0;154;11;0.0;0.0;2;6;19;56;532;33;128;28.15;72;0;4813.02;0;34;2;0.0;59.8065312123976;0;0;1
3061;0;5;390;37.0;154;11;17164.72;0.0;2;1415;19;56;532;33;30;25.15;72;0;4813.02;0;404;2;0.0;0.0;0;0;1
3062;0;4;390;37.0;154;11;0.0;0.0;2;6;19;56;532;33;30;25.15;72;0;4813.02;0;26;2;0.0;111.64583711036846;0;0;2
3063;0;1;390;37.0;154;11;17164.72;0.0;2;6;19;56;532;33;128;25.15;72;0;4813.02;0;35;2;0.0;138.93334796586515;0;0;2
3064;0;3;262;31.0;94;9;37302.1;0.0;68;2;12;26;253;10;16;10.07;1;2;907.73;0;404;1;0.0;186.12140915360683;0;0;0
3065;0;2;262;31.0;94;9;37302.1;0.0;39;2;12;26;253;10;16;3.07;1;1;907.73;0;404;1;0.0;130.7174078300299;0;0;0
3066;0;6;262;31.0;94;9;37302.1;0.0;39;2;12;26;253;8;16;3.07;1;1;907.73;0;169;1;0.0;62.29897027253925;0;0;2
3067;0;0;262;6048.0;94;9;37302.1;0.0;39;2;12;26;253;10;16;3.07;1;1;907.73;0;170;1;0.0;104.5433097083567;0;0;0
3068;0;7;262;32.0;94;9;37302.1;0.0;39;2;12;26;253;9;16;3.07;1;1;907.73;0;179;0;0.0;274.6422068988283;0;0;0
3069;0;5;262;32.0;94;9;37302.1;0.0;39;2;12;26;253;10;16;3.07;1;1;907.73;0;180;1;0.0;167.28704448515845;0;0;0
3070;0;4;262;32.0;94;9;37302.1;0.0;39;2;12;26;253;10;128;3.07;64;1;907.73;0;183;1;0.0;79.91578068877426;0;0;0
3071;0;1;262;32.0;94;9;37302.1;0.0;39;2;12;26;253;10;16;-3.93;64;1;907.73;0;184;1;0.0;64.79562562481352;0;0;0
3072;0;3;234;31.0;107;1;7526.205;83618375.0;63;8;27;56;168;43;48;15.55;2;0;2526.03;0;16;2;0.0;35.06060411568206;0;0;2
3073;0;2;234;0.0;107;1;7526.205;83618375.0;63;8;27;56;168;43;32;15.55;2;2;2526.03;0;17;2;0.0;78.73690370844501;0;0;2
3074;0;6;234;31.0;107;1;7526.205;83618375.0;63;8;27;56;168;43;48;15.55;2;0;2526.03;0;18;2;0.0;54.51257628185821;0;0;2
3075;0;0;336;31.0;107;1;7526.205;83618375.0;63;8;27;56;168;43;48;15.55;2;0;2526.03;0;19;2;0.0;61.450147346577104;0;0;2
3076;0;7;234;3936.0;107;1;7526.205;83618375.0;63;8;27;56;168;43;48;15.55;2;0;2526.03;0;20;2;0.0;50.05563224067696;0;0;2
3077;0;5;234;31.0;107;1;7526.205;83618375.0;63;8;27;56;168;45;48;15.55;2;0;2526.03;0;21;2;0.0;37.52004960245192;0;0;2
3078;0;4;234;32.0;107;1;7526.205;83618375.0;63;8;27;56;168;43;48;15.55;2;0;2526.03;0;22;2;0.0;26.64848860096486;0;0;0
3079;0;1;234;32.0;107;1;7526.205;83618375.0;63;8;27;56;168;40;54;15.55;2;0;2526.03;0;13;2;0.0;70.39226038616498;0;0;2
3080;0;3;125;21.0;618;12;19653.005;0.0;39;3;10;26;747;8;18;1.22;42;1;919.98;0;113;1;0.0;98.3354676874576;0;0;0
3081;0;2;336;21.0;618;12;19653.005;0.0;39;3;10;26;747;7;12;1.22;42;1;919.98;0;114;1;0.0;181.98628437304183;0;0;0
3082;0;6;125;21.0;625;12;19653.005;0.0;39;3;10;0;747;61;12;1.22;42;2;919.98;0;404;1;0.0;89.80023158991708;0;0;2
3083;0;0;125;0.0;618;12;19653.005;0.0;39;3;10;26;747;61;12;1.22;42;1;919.98;0;116;1;0.0;66.86274959441343;0;0;0
3084;0;7;125;21.0;618;12;19653.005;0.0;39;3;10;26;747;61;12;1.22;42;1;919.98;0;117;1;822040.0;103.3542308423515;0;0;0
3085;0;5;125;21.0;618;8;19653.005;0.0;39;3;10;26;747;61;12;8.22;42;1;919.98;0;118;1;0.0;64.24055054162649;0;0;2
3086;0;4;125;21.0;618;12;19653.005;0.0;39;3;10;26;747;61;10;-5.78;55;1;919.98;0;109;0;0.0;0.0;0;0;0
3087;0;1;125;21.0;618;12;19653.005;0.0;39;3;10;26;747;61;24;1.22;55;1;919.98;0;110;1;0.0;55.8638706294668;0;0;0
3088;0;3;332;0.0;24;12;174179.64;0.0;1;7;8;4;646;69;128;5.68;42;1;1355.93;0;404;1;0.0;192.28730095832503;0;0;0
3089;0;2;332;0.0;24;12;174179.64;1434697.0;1;7;8;4;646;70;128;5.68;42;1;1355.93;0;404;0;0.0;1797.630126281385;0;0;0
3090;0;6;332;30.0;24;12;174179.64;1434697.0;1;7;8;4;646;71;120;5.68;42;1;1355.93;0;254;0;0.0;358.9054342967018;0;0;2
3091;0;0;332;30.0;24;12;174179.64;1434697.0;1;7;8;4;646;69;10;2.68;69;1;1355.93;0;263;1;0.0;238.6144919912268;0;0;2
3092;0;7;332;30.0;24;12;174179.64;1434697.0;1;7;8;4;646;69;120;5.68;69;1;1355.93;0;264;1;0.0;407.3390466462493;0;0;2
3093;0;5;332;30.0;24;12;0.0;1434697.0;1;7;8;4;646;69;112;5.68;69;1;1355.93;0;267;1;0.0;335.149892363364;0;0;2
3094;0;4;332;30.0;24;12;174179.64;0.0;1;7;8;4;646;71;120;5.68;69;2;1355.93;0;268;1;0.0;0.0;0;0;2
3095;0;1;332;30.0;24;12;0.0;1434697.0;1;7;8;4;646;28;108;5.68;69;1;1355.93;0;269;1;0.0;346.91309968419904;0;0;2
3096;0;3;22;19.0;548;3;41543.64;362097.0;63;5;21;18;537;14;128;16.56;81;2;2638.03;0;80;2;0.0;76.24652338089953;0;0;1
3097;0;2;22;19.0;548;3;41543.64;0.0;63;5;21;18;537;14;40;16.56;81;3;2638.03;0;81;2;0.0;64.17999111007313;0;0;1
3098;0;6;22;19.0;548;3;41543.64;362097.0;63;5;21;18;537;16;40;16.56;81;3;2638.03;0;82;2;0.0;410.7156278647517;0;0;1
3099;0;0;22;-500.0;548;3;41543.64;362097.0;63;5;21;18;537;14;40;16.56;81;3;2638.03;0;404;0;0.0;195.22601702107173;0;0;1
3100;0;7;22;20.0;548;3;0.0;362097.0;59;5;21;18;537;14;54;16.56;81;2;2638.03;0;74;2;0.0;243.5071121183853;0;0;1
3101;0;5;22;20.0;625;3;41543.64;362097.0;63;5;3769;18;537;14;128;16.56;20;3;2638.03;0;83;2;0.0;153.82479010545123;0;0;1
3102;0;4;22;20.0;548;3;41543.64;362097.0;63;5;21;62;537;14;40;16.56;20;2;2638.03;0;84;0;0.0;143.3477326691519;0;0;1
3103;0;1;22;20.0;625;3;41543.64;362097.0;63;5;21;0;537;14;40;16.56;20;3;2638.03;0;87;2;0.0;0.0;0;0;1
3104;0;3;336;18.0;483;8;9582.775;0.0;70;7;16;52;517;35;48;25.21;14;0;3525.61;0;379;2;0.0;26.9822378278894;0;0;1
3105;0;2;523;18.0;483;8;9582.775;0.0;70;7;16;52;517;35;34;20.21;14;0;3525.61;0;370;2;0.0;0.0;0;0;2
3106;0;6;523;18.0;483;2;9582.775;0.0;70;7;16;52;517;35;60;25.21;14;2;3525.61;0;371;2;0.0;44.10668032234887;0;0;1
3107;0;0;523;3512.0;483;2;9582.775;0.0;70;7;16;52;517;34;52;25.21;14;0;3525.61;0;380;2;0.0;78.99265402735509;0;0;1
3108;0;7;523;19.0;483;2;9582.775;0.0;70;7;16;62;517;33;52;25.21;14;0;3525.61;0;381;2;0.0;15.3300103416452;0;0;1
3109;0;5;523;19.0;483;2;9582.775;0.0;70;7;16;52;517;35;128;25.21;32;0;3525.61;0;384;2;0.0;91.22878816142828;0;0;1
3110;0;4;523;19.0;483;2;9582.775;0.0;70;7;16;52;517;35;52;25.21;20;0;3525.61;0;385;2;0.0;42.60863106402114;0;0;1
3111;0;1;523;19.0;483;2;9582.775;0.0;70;7;16;52;517;35;52;25.21;20;0;3525.61;0;386;0;0.0;25.517105517966204;0;0;1
3112;0;3;192;41.0;28;8;0.0;0.0;0;4;10;16;861;11;10;2.71;1;1;992.78;0;125;1;0.0;93.0301052063657;0;0;1
3113;0;2;192;41.0;28;8;21720.955;0.0;0;4;10;16;861;71;126;-1.29;1;1;992.78;0;126;1;0.0;51.768916700264064;0;0;1
3114;0;6;192;41.0;28;13;0.0;0.0;0;4;10;16;861;71;126;2.71;1;1;992.78;0;127;1;0.0;149.56365051589216;0;0;1
3115;0;0;192;41.0;28;13;21720.955;0.0;0;4;10;16;861;71;126;2.71;1;2;992.78;0;128;0;0.0;123.74106268863424;0;0;1
3116;0;7;192;41.0;28;13;0.0;0.0;0;4;10;0;861;71;114;-0.29;1;1;992.78;0;129;0;0.0;138.39008546287866;0;0;1
3117;0;5;192;41.0;28;13;21720.955;0.0;0;4;10;16;861;71;126;2.71;1;1;992.78;0;130;1;0.0;35.302188811127245;0;0;1
3118;0;4;192;41.0;28;13;21720.955;0.0;0;4;10;16;861;70;126;2.71;1;1;992.78;0;121;1;0.0;61.31968917494108;0;0;2
3119;0;1;192;41.0;28;13;21720.955;0.0;0;4;10;16;861;71;126;2.71;1;2;992.78;0;122;1;0.0;98.63260984837852;0;0;1
3120;0;3;412;50.0;36;6;38107.36;0.0;63;7;12;18;158;29;128;1.96;42;3;1472.7;0;184;1;0.0;63.34900067839761;0;0;2
3121;0;2;412;50.0;36;6;38107.36;0.0;63;7;12;18;158;29;34;7.96;42;3;1472.7;0;185;1;0.0;199.42486086325772;0;0;2
3122;0;6;412;51.0;36;6;38107.36;0.0;63;7;12;18;158;29;30;6.96;42;3;1472.7;0;186;1;0.0;102.52669118261484;0;0;2
3123;0;0;412;51.0;36;6;38107.36;0.0;63;7;12;18;158;29;32;1.96;42;2;1472.7;0;187;1;0.0;200.78673425983703;0;0;2
3124;0;7;412;51.0;36;6;38107.36;0.0;63;7;12;18;158;29;30;1.96;42;3;1472.7;0;188;1;0.0;44.34846968340016;0;0;1
3125;0;5;336;51.0;36;6;38107.36;0.0;63;7;12;18;158;29;30;1.96;42;2;1472.7;0;189;1;0.0;164.52624502438582;0;0;1
3126;0;4;412;123.0;36;6;38107.36;0.0;63;7;12;62;158;29;30;1.96;42;2;1472.7;0;190;1;0.0;207.7224374240475;0;0;1
3127;0;1;412;51.0;36;6;38107.36;0.0;63;7;12;18;158;29;30;1.96;42;3;1472.7;0;181;1;0.0;255.24154422758056;0;0;2
3128;0;3;453;14.0;460;14;85423.16;0.0;50;1038;14;16;757;29;32;9.94;69;2;902.37;0;64;2;0.0;735.7679905851445;0;0;2
3129;0;2;453;14.0;460;14;85423.16;0.0;50;3;14;16;757;29;48;16.94;69;3;902.37;0;65;2;0.0;500.07396282145066;0;0;2
3130;0;6;453;14.0;460;14;85423.16;0.0;50;3;14;0;757;32;32;16.94;69;3;902.37;0;66;2;0.0;326.88359906585066;0;0;2
3131;0;0;453;15.0;460;14;85423.16;0.0;50;3;14;16;757;29;32;16.94;69;3;902.37;0;67;2;0.0;82.86101451193716;0;0;2
3132;0;7;336;15.0;460;14;85423.16;0.0;50;3;14;16;757;29;32;16.94;69;3;902.37;0;68;2;0.0;353.49441484868265;0;0;2
3133;0;5;453;15.0;460;14;85423.16;0.0;50;3;14;16;757;29;32;16.94;69;2;902.37;0;69;2;0.0;178.26808701121698;0;0;2
3134;0;4;453;0.0;460;14;85423.16;0.0;50;3;14;16;757;29;32;18.94;7;2;902.37;0;404;2;0.0;0.0;0;0;2
3135;0;1;453;-500.0;460;14;85423.16;0.0;50;3;14;62;757;29;48;16.94;7;3;902.37;0;404;2;0.0;95.94045432816388;0;0;2
3136;0;3;284;28.0;524;13;20308.26;0.0;50;5;28;40;153;33;12;10.13;14;3;1967.12;0;397;2;0.0;12.716530247025554;0;0;1
3137;0;2;284;28.0;524;13;20308.26;0.0;50;5;28;40;153;32;12;16.13;14;3;1967.12;0;398;2;0.0;33.1900285314536;0;0;1
3138;0;6;284;28.0;524;13;20308.26;0.0;50;5;28;40;153;32;126;16.13;14;3;1967.12;0;399;0;0.0;22.36528980865529;0;0;1
3139;0;0;284;28.0;524;13;20308.26;0.0;50;5;28;40;153;32;10;16.13;14;3;1967.12;0;400;2;0.0;66.90170686409276;0;0;1
3140;0;7;284;28.0;524;13;20308.26;0.0;50;5;28;40;153;32;18;16.13;14;3;1967.12;0;401;2;0.0;118.58889434944236;0;0;1
3141;0;5;284;28.0;524;13;20308.26;0.0;50;5;28;40;153;32;128;16.13;14;3;1967.12;0;402;2;0.0;133.09977477938688;0;0;1
3142;0;4;284;29.0;524;13;20308.26;0.0;50;5;2057;40;153;32;12;13.13;26;3;1967.12;0;403;2;0.0;114.24314966490871;0;0;1
3143;0;1;284;29.0;524;13;20308.26;0.0;50;5;28;40;153;32;12;11.13;26;3;1967.12;0;394;2;0.0;164.7207238995022;0;0;1
3144;0;3;286;20.0;1;7;60889.08;485909.0;2;6;21;56;196;44;60;27.19;2;0;4198.06;0;27;2;0.0;122.80151245955604;0;0;2
3145;0;2;286;20.0;1;7;60889.08;485909.0;2;6;21;56;196;44;48;27.19;85;0;4198.06;0;28;2;0.0;0.0;0;0;2
3146;0;6;286;20.0;1;8;60889.08;485909.0;2;132;21;56;196;44;60;27.19;2;2;4198.06;0;29;2;0.0;278.1599115402568;0;0;2
3147;0;0;286;20.0;1;7;60889.08;485909.0;2;6;21;56;196;44;60;27.19;2;0;4198.06;0;30;2;0.0;476.83405985291273;0;0;1
3148;0;7;286;20.0;1;7;60889.08;0.0;2;6;21;56;196;44;128;27.19;2;0;4198.06;0;31;2;0.0;297.69532190550154;0;0;2
3149;0;5;286;20.0;1;7;60889.08;485909.0;2;6;21;56;196;44;66;23.19;85;0;4198.06;0;32;2;0.0;236.75344625021592;0;0;1
3150;0;4;286;20.0;1;7;60889.08;0.0;2;6;21;0;196;44;48;27.19;2;2;4198.06;0;33;2;0.0;88.71899818383233;0;0;2
3151;0;1;286;20.0;1;7;60889.08;485909.0;2;6;21;56;196;44;60;27.19;2;0;4198.06;0;34;2;0.0;195.5909628258609;0;0;2
3152;0;3;290;37.0;625;8;13603.41;0.0;50;39;16;40;852;23;34;19.91;64;3;45.82;0;138;2;0.0;39.8011436635521;0;0;2
3153;0;2;290;37.0;435;8;13603.41;0.0;50;5;16;40;852;23;24;19.91;64;3;45.82;0;139;2;0.0;0.0;0;0;2
3154;0;6;290;37.0;435;8;13603.41;0.0;50;5;16;40;852;23;30;19.91;64;3;45.82;0;140;2;0.0;67.08730694856361;0;0;2
3155;0;0;290;37.0;435;8;13603.41;0.0;50;5;16;62;852;23;30;19.91;64;3;45.82;0;141;2;0.0;0.0;0;0;2
3156;0;7;290;37.0;435;8;13603.41;0.0;50;5;16;40;852;24;128;19.91;64;3;45.82;0;142;2;0.0;27.88748083220573;0;0;2
3157;0;5;290;37.0;435;8;13603.41;0.0;50;5;16;40;852;22;30;19.91;64;3;45.82;0;133;2;0.0;66.49088773029767;0;0;2
3158;0;4;290;37.0;435;8;13603.41;0.0;50;5;16;40;852;26;30;19.91;64;3;45.82;0;404;0;0.0;0.0;0;0;0
3159;0;1;290;37.0;435;8;13603.41;0.0;50;5;16;40;852;18;32;24.91;64;3;45.82;0;155;2;0.0;34.15402054803216;0;0;0
3160;0;3;31;33.0;57;8;12943.475;0.0;45;5;9;40;198;18;18;12.6;69;3;265.36;0;367;2;0.0;85.46638120440824;0;0;2
3161;0;2;31;33.0;57;8;12943.475;0.0;45;5;9;40;198;18;18;10.6;69;2;265.36;0;358;2;0.0;58.33921732215409;0;0;2
3162;0;6;31;33.0;57;8;12943.475;0.0;45;5;9;40;198;18;30;4.6;69;3;265.36;0;359;2;0.0;103.74332268942322;0;0;2
3163;0;0;31;33.0;57;8;12943.475;0.0;45;5;9;40;198;18;30;10.6;69;2;265.36;0;368;2;0.0;75.24344507210773;0;0;2
3164;0;7;31;5639.0;57;8;12943.475;0.0;45;5;9;40;198;18;104;10.6;69;3;265.36;0;369;2;0.0;158.6784724402267;0;0;2
3165;0;5;31;33.0;57;8;12943.475;0.0;45;5;9;40;198;19;24;10.6;69;3;265.36;0;372;2;0.0;118.27812027500742;0;0;2
3166;0;4;31;33.0;57;8;12943.475;0.0;45;5;9;40;198;12;16;10.6;69;3;265.36;0;373;2;0.0;129.48178536982914;0;0;2
3167;0;1;31;34.0;57;8;12943.475;0.0;45;5;9;62;198;18;24;10.6;69;3;265.36;0;374;2;0.0;28.087069027708;0;0;2
3168;0;3;226;31.0;625;10;44483.64;368097.0;63;10;17;52;735;25;30;20.12;72;2;2770.15;0;45;2;0.0;85.9954781975532;0;0;2
3169;0;2;226;31.0;85;10;44483.64;0.0;63;10;17;52;735;27;128;21.12;72;0;2770.15;0;46;2;0.0;39.31337358368721;0;0;2
3170;0;6;226;31.0;85;10;44483.64;0.0;63;10;17;52;735;25;30;20.12;72;2;2770.15;0;37;2;0.0;315.743289875356;0;0;2
3171;0;0;336;31.0;625;8;44483.64;368097.0;63;10;2310;52;735;20;30;20.12;72;2;2770.15;0;38;2;0.0;181.6816137505788;0;0;2
3172;0;7;226;31.0;85;10;44483.64;368097.0;63;10;17;52;735;25;30;20.12;72;2;2770.15;0;47;2;0.0;258.1696073058801;0;0;2
3173;0;5;226;31.0;85;10;44483.64;368097.0;63;10;17;52;735;30;28;20.12;72;0;2770.15;0;48;2;0.0;31.378492820647416;0;0;2
3174;0;4;226;31.0;85;10;44483.64;368097.0;63;10;17;52;735;22;30;20.12;72;0;2770.15;0;51;2;0.0;54.65830336914488;0;0;2
3175;0;1;226;32.0;85;10;44483.64;368097.0;63;10;17;52;735;25;128;20.12;76;0;2770.15;0;52;2;0.0;249.03257994845745;0;0;2
3176;0;3;204;32.0;3;9;7795.54;0.0;2;6;18;40;609;60;60;4.62;14;0;1990.69;0;128;2;0.0;78.6033529681649;0;0;1
3177;0;2;204;32.0;3;9;7795.54;0.0;2;6;18;40;609;62;60;2.62;29;2;1990.69;0;129;2;365780.0;33.87533815634864;0;0;1
3178;0;6;204;32.0;625;9;7795.54;0.0;2;170;18;0;609;63;60;2.62;85;2;1990.69;0;130;2;0.0;45.98632233806555;0;0;2
3179;0;0;204;32.0;3;9;7795.54;0.0;2;6;18;40;609;62;66;2.62;29;0;1990.69;0;121;2;0.0;94.77523206133526;0;0;2
3180;0;7;204;32.0;3;8;7795.54;0.0;2;6;18;40;609;62;68;2.62;29;0;1990.69;0;122;2;0.0;64.21193484788624;0;0;2
3181;0;5;204;32.0;3;9;7795.54;0.0;2;6;18;40;609;63;60;2.62;29;0;1990.69;0;131;2;0.0;0.0;0;0;2
3182;0;4;204;0.0;3;8;7795.54;0.0;2;6;18;40;609;62;60;2.62;29;0;1990.69;0;132;0;0.0;52.07858926962737;0;0;1
3183;0;1;204;32.0;3;9;7795.54;0.0;2;6;18;40;609;62;128;5.62;29;0;1990.69;0;135;2;0.0;63.414237319801245;0;0;1
3184;0;3;288;39.0;186;14;0.0;0.0;41;6;3;18;853;8;16;11.64;42;1;488.95;0;257;0;0.0;601.3645781026198;0;0;2
3185;0;2;288;0.0;186;14;177243.92;0.0;41;6;3;18;853;71;28;6.64;42;1;488.95;0;258;1;0.0;0.0;0;0;2
3186;0;6;288;40.0;186;14;177243.92;0.0;41;6;3;62;853;71;24;6.64;42;1;488.95;0;259;1;0.0;160.15709191291566;0;0;2
3187;0;0;288;40.0;186;14;177243.92;0.0;41;6;3;18;853;71;12;6.64;42;2;488.95;0;260;1;0.0;0.0;0;0;2
3188;0;7;288;40.0;625;14;0.0;0.0;41;6;3;18;853;71;18;6.64;42;1;488.95;0;261;1;0.0;644.5405742728614;0;0;2
3189;0;5;288;471.0;186;14;177243.92;0.0;41;6;3;0;853;71;16;6.64;55;1;488.95;0;262;0;0.0;485.3879422760487;0;0;2
3190;0;4;288;40.0;186;14;177243.92;0.0;41;6;3;18;853;11;28;6.64;55;1;488.95;0;253;1;0.0;1233.3742626728942;0;0;0
3191;0;1;288;40.0;186;14;177243.92;0.0;41;6;3;18;853;71;16;6.64;55;1;488.95;0;254;1;0.0;1129.6314221223454;0;0;0
3192;0;3;427;41.0;428;11;35518.98;0.0;63;6;9;18;82;9;30;15.52;76;3;1270.18;0;25;2;0.0;115.28062443659977;0;0;2
3193;0;2;427;41.0;428;11;35518.98;0.0;63;6;9;18;82;9;30;15.52;76;3;1270.18;0;26;2;0.0;194.0776781946016;0;0;2
3194;0;6;427;41.0;428;11;35518.98;0.0;63;6;9;18;82;9;24;15.52;76;3;1270.18;0;35;2;0.0;263.8209597300876;0;0;2
3195;0;0;427;41.0;428;11;35518.98;0.0;63;6;9;18;82;8;30;15.52;76;3;1270.18;0;36;2;0.0;71.66524399644268;0;0;0
3196;0;7;427;41.0;428;11;35518.98;0.0;63;6;9;18;82;9;30;15.52;76;3;1270.18;0;39;2;0.0;63.42171418778449;0;0;0
3197;0;5;427;41.0;428;11;35518.98;0.0;63;6;9;18;82;9;30;15.52;67;3;1270.18;0;40;2;0.0;112.47698301606658;0;0;0
3198;0;4;427;41.0;428;11;35518.98;0.0;63;6;9;18;82;69;34;15.52;76;2;1270.18;0;41;2;0.0;195.06812636830077;0;0;0
3199;0;1;427;41.0;428;11;35518.98;0.0;63;6;9;18;82;9;30;15.52;81;3;1270.18;0;42;2;0.0;142.66031205987804;0;0;0
3200;0;3;48;43.0;499;6;8875.135;0.0;63;9;27;16;205;27;24;18.46;14;3;1353.77;0;404;2;0.0;50.404981032614;0;0;1
3201;0;2;48;43.0;499;6;8875.135;0.0;63;9;27;62;205;24;16;18.46;14;2;1353.77;0;111;2;0.0;119.94482890356684;0;0;1
3202;0;6;48;43.0;499;6;8875.135;0.0;63;9;27;16;205;24;24;18.46;14;3;1353.77;0;112;2;0.0;36.97831994053536;0;0;1
3203;0;0;48;43.0;499;6;8875.135;0.0;63;9;27;16;205;24;24;15.46;14;3;1353.77;0;404;2;0.0;124.16829102417591;0;0;1
3204;0;7;48;43.0;499;6;0.0;0.0;63;9;27;16;205;25;24;18.46;26;3;1353.77;0;114;2;0.0;34.26771151701753;0;0;1
3205;0;5;48;43.0;499;6;8875.135;0.0;63;9;27;16;205;25;24;18.46;26;2;1353.77;0;115;2;0.0;26.986044581730248;0;0;1
3206;0;4;48;43.0;499;6;8875.135;0.0;63;9;27;16;205;24;18;18.46;26;3;1353.77;0;116;2;0.0;55.43159911203063;0;0;1
3207;0;1;48;43.0;499;6;8875.135;0.0;63;9;27;16;205;24;128;23.46;26;3;1353.77;0;117;2;0.0;84.28781997097144;0;0;1
3208;0;3;441;-500.0;498;8;16708.07;0.0;50;9;22;52;752;56;28;8.47;2;0;2674.89;0;78;2;0.0;71.32741103851704;0;0;1
3209;0;2;441;36.0;498;8;16708.07;0.0;50;9;22;52;752;56;34;8.47;14;0;2674.89;0;79;2;0.0;111.2424378456023;0;0;1
3210;0;6;441;36.0;498;8;16708.07;0.0;50;9;22;52;752;56;128;8.47;14;2;2674.89;0;80;2;0.0;164.20593733180078;0;0;2
3211;0;0;441;36.0;498;8;16708.07;0.0;50;9;22;52;752;59;28;8.47;14;2;2674.89;0;81;2;0.0;0.0;0;0;1
3212;0;7;441;36.0;498;8;16708.07;0.0;50;9;22;52;752;52;48;8.47;14;0;2674.89;0;82;2;0.0;171.03825264982115;0;0;1
3213;0;5;441;36.0;498;8;16708.07;0.0;50;9;22;52;752;52;40;8.47;14;0;2674.89;0;73;2;0.0;0.0;0;0;1
3214;0;4;441;36.0;498;8;16708.07;0.0;50;9;22;52;752;56;34;8.47;14;0;2674.89;0;74;0;0.0;25.289961190966725;0;0;1
3215;0;1;441;36.0;498;8;16708.07;0.0;50;9;22;52;752;56;34;8.47;14;0;2674.89;0;83;2;0.0;127.47021507550144;0;0;1
3216;0;3;310;19.0;382;6;81395.44;0.0;1;4;10;2;358;5;102;2.75;1;1;278.8;0;302;1;0.0;314.2296836304606;0;0;0
3217;0;2;310;7359.0;382;6;81395.44;0.0;1;4;10;2;358;5;126;4.75;1;1;278.8;0;311;1;0.0;186.03899053485816;0;0;0
3218;0;6;310;19.0;382;6;81395.44;0.0;1;4;10;2;358;5;128;2.75;1;1;278.8;0;312;1;0.0;517.0685440970357;0;0;0
3219;0;0;310;19.0;382;6;81395.44;0.0;1;4;10;2;358;6;112;2.75;42;1;278.8;0;315;0;0.0;462.970096991552;0;0;0
3220;0;7;310;19.0;382;6;81395.44;0.0;1;4;10;2;358;5;112;2.75;42;2;278.8;0;316;1;0.0;100.90219635201714;0;0;0
3221;0;5;310;19.0;382;6;81395.44;0.0;1;4;10;2;358;5;112;0.0;42;1;278.8;0;317;1;0.0;642.2949535783404;0;0;0
3222;0;4;310;19.0;382;6;81395.44;0.0;1;4;10;2;358;5;112;2.75;85;1;278.8;0;318;1;0.0;292.9285257525022;0;0;2
3223;0;1;310;19.0;382;6;0.0;0.0;1;4;10;2;358;1;112;2.75;42;2;278.8;0;319;1;0.0;255.8425401684466;0;0;2
3224;0;3;141;22.0;360;8;48780.56;0.0;43;5;16;2;358;27;48;4.97;1;3;967.75;0;132;2;0.0;91.9532003192276;0;0;2
3225;0;2;141;22.0;360;8;48780.56;0.0;41;5;16;2;358;27;48;4.97;85;3;967.75;0;135;2;0.0;0.0;0;0;2
3226;0;6;336;0.0;360;8;48780.56;0.0;41;5;16;2;358;27;48;4.97;1;3;967.75;0;136;2;0.0;349.1145209371273;0;0;2
3227;0;0;141;23.0;360;8;48780.56;0.0;41;5;16;2;358;27;48;4.97;64;3;967.75;0;137;2;0.0;74.61830427055777;0;0;2
3228;0;7;141;23.0;360;8;48780.56;0.0;41;5;16;2;358;27;48;4.97;64;3;967.75;0;138;2;0.0;106.27089985091295;0;0;2
3229;0;5;141;23.0;360;8;0.0;0.0;41;5;16;62;358;27;32;4.97;64;3;967.75;0;139;2;0.0;376.8787733446088;0;0;2
3230;0;4;141;23.0;360;8;48780.56;0.0;41;5;16;2;358;27;48;4.97;64;3;967.75;0;140;2;0.0;64.23193422850957;0;0;0
3231;0;1;141;23.0;360;8;48780.56;0.0;41;5;16;62;358;27;60;4.97;64;3;967.75;0;404;2;0.0;0.0;0;0;0
3232;0;3;336;28.0;198;10;141753.72;0.0;45;5;13;26;607;7;24;18.65;69;3;477.41;0;112;2;0.0;193.07040744148745;0;0;2
3233;0;2;38;28.0;198;10;0.0;1158781.0;45;5;13;26;607;7;16;18.65;69;3;0.0;0;113;2;0.0;0.0;0;0;2
3234;0;6;38;28.0;198;10;141753.72;1158781.0;45;5;13;26;607;70;24;18.65;69;3;477.41;0;114;2;0.0;132.63507444286594;0;0;2
3235;0;0;38;28.0;625;10;141753.72;0.0;45;5;13;26;607;7;24;18.65;69;3;477.41;0;115;2;0.0;849.9393496139986;0;0;0
3236;0;7;38;29.0;198;10;141753.72;0.0;45;5;13;26;607;7;24;18.65;69;3;477.41;0;404;2;0.0;271.69036189129247;0;0;0
3237;0;5;336;0.0;198;10;141753.72;1158781.0;45;5;13;26;607;11;24;18.65;69;3;477.41;0;404;2;0.0;181.336437885928;0;0;0
3238;0;4;336;29.0;198;10;141753.72;1158781.0;45;5;13;26;607;8;128;18.65;69;2;477.41;0;118;2;0.0;436.96355565184336;0;0;0
3239;0;1;336;0.0;198;10;0.0;1158781.0;45;5;13;26;607;7;24;18.65;69;3;477.41;0;109;2;0.0;415.6365749971018;0;0;0
3240;0;3;577;43.0;562;9;48608.78;0.0;45;5;5;16;87;7;32;15.11;72;3;345.71;0;85;2;0.0;425.50470640336965;0;0;2
3241;0;2;577;43.0;562;9;48608.78;0.0;45;5;5;16;87;11;32;15.11;14;3;345.71;0;86;2;0.0;151.9715639618723;0;0;2
3242;0;6;577;43.0;562;9;48608.78;0.0;45;5;5;16;87;11;128;15.11;14;3;345.71;0;95;2;293080.0;88.4434675494343;0;0;2
3243;0;0;577;43.0;562;9;48608.78;0.0;45;5;5;16;87;11;32;15.11;14;3;345.71;0;96;2;0.0;518.6022518589295;0;0;2
3244;0;7;336;43.0;562;9;48608.78;0.0;45;5;5;16;87;11;32;16.11;14;3;345.71;0;404;2;0.0;105.67012988015816;0;0;2
3245;0;5;577;43.0;562;9;48608.78;0.0;45;5;5;16;87;15;128;15.11;14;3;345.71;0;100;2;0.0;191.37522790010155;0;0;2
3246;0;4;577;43.0;562;9;48608.78;0.0;45;5;5;16;87;71;32;15.11;14;2;345.71;0;101;2;0.0;120.00408942405043;0;0;2
3247;0;1;577;43.0;562;8;48608.78;0.0;45;403;5;16;87;11;32;15.11;14;3;345.71;0;102;2;0.0;314.62427615972234;0;0;2
3248;0;3;336;0.0;248;12;63206.72;0.0;70;8;27;52;850;37;28;26.48;76;0;4523.88;0;60;2;0.0;436.2051634395058;0;0;1
3249;0;2;278;22.0;248;12;63206.72;0.0;70;8;27;52;850;37;34;26.48;76;0;4523.88;0;63;0;0.0;268.7380311524026;0;0;2
3250;0;6;278;22.0;248;8;63206.72;0.0;70;8;27;52;850;37;34;26.48;76;0;4523.88;0;64;0;0.0;605.0872251455841;0;0;1
3251;0;0;278;22.0;248;12;63206.72;0.0;70;8;27;52;850;37;34;26.48;76;2;4523.88;0;65;2;0.0;671.7900758687152;0;0;2
3252;0;7;278;0.0;248;12;63206.72;0.0;70;8;1215;52;850;37;32;26.48;76;0;4523.88;0;66;2;0.0;120.19430212098332;0;0;2
3253;0;5;278;23.0;248;12;63206.72;0.0;70;8;27;52;850;37;34;26.48;76;0;4523.88;0;67;2;77130.0;130.99482950036358;0;0;2
3254;0;4;278;23.0;248;12;63206.72;0.0;70;8;27;52;850;37;52;26.48;20;0;4523.88;0;68;2;0.0;63.27731540435536;0;0;1
3255;0;1;336;23.0;248;12;63206.72;0.0;70;8;27;52;850;41;28;26.48;20;0;4523.88;0;69;2;0.0;339.6836985287578;0;0;2
3256;0;3;117;27.0;625;7;0.0;0.0;39;4;2;16;206;9;126;11.25;58;2;122.65;0;210;1;0.0;527.8939944970568;0;0;2
3257;0;2;117;27.0;575;8;63635.12;0.0;39;4;2;16;206;9;114;11.25;58;1;122.65;0;211;1;0.0;371.8288189841085;0;0;2
3258;0;6;117;27.0;575;7;63635.12;0.0;39;4;2;16;206;9;18;11.25;58;1;122.65;0;404;1;0.0;108.35024803045812;0;0;2
3259;0;0;117;27.0;575;7;63635.12;0.0;39;4;2;16;206;9;12;0.0;58;1;122.65;0;213;0;0.0;165.875334562911;0;0;2
3260;0;7;117;27.0;575;7;63635.12;0.0;39;4;2;62;206;9;10;10.25;58;1;122.65;0;214;1;0.0;81.887763633044;0;0;2
3261;0;5;117;0.0;575;7;63635.12;0.0;39;4;2;16;206;9;10;11.25;72;1;122.65;0;205;1;0.0;390.4386174858205;0;0;2
3262;0;4;117;28.0;625;7;63635.12;0.0;39;4;2;16;206;12;10;15.25;72;2;122.65;0;206;1;0.0;279.52742992557785;0;0;2
3263;0;1;117;28.0;575;7;63635.12;0.0;39;4;2;16;206;9;10;11.25;72;1;122.65;0;215;1;0.0;207.2843329947272;0;0;2
3264;0;3;255;30.0;102;10;126849.18;10511765.0;37;3;3;2;358;8;120;4.04;55;1;518.4;0;256;1;0.0;0.0;0;0;2
3265;0;2;255;30.0;102;10;126849.18;10511765.0;37;3;3;2;358;8;112;4.04;55;1;518.4;0;257;1;0.0;585.3654477040037;0;0;0
3266;0;6;255;30.0;102;10;126849.18;0.0;37;3;3;2;358;7;120;4.04;55;1;518.4;0;258;1;0.0;127.7290014416532;0;0;0
3267;0;0;255;31.0;102;10;126849.18;10511765.0;37;3;3;2;358;8;112;4.04;85;1;518.4;0;259;1;0.0;228.449671563019;0;0;0
3268;0;7;255;31.0;102;10;126849.18;10511765.0;37;3;3;2;358;10;112;4.04;55;1;518.4;0;404;1;0.0;966.9397975056016;0;0;0
3269;0;5;255;31.0;102;10;126849.18;10511765.0;37;3;3;2;358;8;112;4.04;55;2;518.4;0;261;0;0.0;599.1793917609423;0;0;0
3270;0;4;255;31.0;102;10;126849.18;0.0;37;3;3;2;358;12;112;4.04;55;1;518.4;0;262;1;0.0;192.30702062435583;0;0;2
3271;0;1;255;31.0;102;10;0.0;10511765.0;37;3;3;2;358;8;112;3.04;76;1;518.4;0;253;1;0.0;183.1799496987317;0;0;2
3272;0;3;330;45.0;509;2;8779.145;0.0;2;6;32;44;76;25;54;3.33;7;0;1636.23;0;371;2;0.0;19.33383878808088;0;0;1
3273;0;2;330;0.0;509;2;8779.145;0.0;2;6;32;0;76;20;54;3.33;7;0;1636.23;0;380;0;0.0;18.6213533806446;0;0;1
3274;0;6;336;45.0;509;2;8779.145;0.0;2;6;32;44;76;24;54;3.33;7;0;1636.23;0;381;2;0.0;51.20931504814147;0;0;1
3275;0;0;330;45.0;509;2;8779.145;0.0;2;6;32;44;76;25;54;3.33;7;0;1636.23;0;384;2;0.0;19.936883379765685;0;0;1
3276;0;7;330;45.0;509;2;8779.145;0.0;2;6;32;44;76;31;54;3.33;7;0;1636.23;0;385;2;0.0;20.6028307786716;0;0;1
3277;0;5;336;45.0;509;2;14416399.0;0.0;2;6;32;44;76;25;54;9.33;7;2;1636.23;0;386;2;0.0;51.02399386309234;0;0;1
3278;0;4;330;45.0;509;2;8779.145;0.0;2;6;1032;44;76;26;54;-3.67;20;0;1636.23;0;387;2;0.0;24.47580440771481;0;0;1
3279;0;1;330;45.0;509;2;8779.145;0.0;2;6;32;0;76;25;128;3.33;20;2;1636.23;0;388;2;0.0;32.66010128103164;0;0;1
3280;0;3;608;34.0;304;2;16154.8;0.0;41;3;8;16;202;20;30;17.36;69;2;275.06;0;377;2;0.0;149.7355471571239;0;0;2
3281;0;2;608;34.0;304;2;16154.8;0.0;41;3;8;16;202;20;30;17.36;69;2;275.06;0;378;2;0.0;78.24698757978466;0;0;2
3282;0;6;608;0.0;304;2;16154.8;0.0;41;3;8;16;202;20;128;17.36;69;3;275.06;0;379;2;0.0;79.28639480427037;0;0;2
3283;0;0;608;35.0;304;8;16154.8;0.0;41;3;8;16;202;20;32;17.36;69;3;275.06;0;370;2;0.0;177.76887534331817;0;0;2
3284;0;7;336;35.0;304;2;16154.8;0.0;41;3;8;16;202;20;128;17.36;69;3;275.06;0;371;2;0.0;56.03398659474525;0;0;2
3285;0;5;608;35.0;304;2;16154.8;0.0;41;3;8;16;202;20;30;17.36;57;2;275.06;0;380;2;0.0;100.86240034829402;0;0;2
3286;0;4;608;35.0;304;2;16154.8;0.0;38;3;8;16;202;20;30;17.36;69;3;275.06;0;381;0;0.0;92.18232207409054;0;0;2
3287;0;1;608;35.0;304;2;16154.8;0.0;41;3;8;16;202;22;128;17.36;69;2;275.06;0;384;2;0.0;14.230240812878444;0;0;2
3288;0;3;107;54.0;625;9;11631.405;85828375.0;41;7;8;26;239;21;32;1.57;55;1;165.88;0;404;1;0.0;35.57351897828927;0;0;0
3289;0;2;107;54.0;568;9;11631.405;0.0;41;7;8;26;239;21;32;1.57;55;1;165.88;0;305;1;0.0;42.54217998849967;0;0;0
3290;0;6;107;0.0;568;9;11631.405;85828375.0;41;7;8;26;239;15;32;6.57;55;1;165.88;0;306;1;0.0;50.718340666607006;0;0;0
3291;0;0;107;54.0;568;8;11631.405;85828375.0;41;7;8;26;239;21;32;1.57;55;1;0.0;0;307;1;0.0;31.972706325065;0;0;0
3292;0;7;107;54.0;568;9;11631.405;0.0;41;7;8;26;239;21;128;1.57;55;1;165.88;0;308;1;0.0;115.05793068973318;0;0;0
3293;0;5;107;54.0;568;9;11631.405;85828375.0;41;7;8;26;239;21;32;-3.43;55;2;165.88;0;309;0;0.0;51.11209755607586;0;0;0
3294;0;4;107;54.0;568;9;0.0;85828375.0;41;7;8;26;239;21;40;1.57;55;1;165.88;0;310;1;0.0;82.23023692171738;0;0;2
3295;0;1;107;4049.0;568;9;11631.405;85828375.0;41;7;8;26;239;19;32;1.57;55;1;165.88;0;301;1;0.0;0.0;0;0;0
3296;0;3;189;31.0;236;8;24726.48;176754.0;41;6;15;34;762;10;34;10.51;42;3;155.22;0;248;1;0.0;144.9816136308557;0;0;2
3297;0;2;189;31.0;236;8;24726.48;176754.0;41;6;15;62;762;14;30;6.51;55;3;155.22;0;249;1;0.0;42.877552217629535;0;0;2
3298;0;6;189;31.0;236;8;24726.48;176754.0;41;6;15;16;762;15;30;10.51;55;3;155.22;0;250;1;0.0;58.25198721990671;0;0;2
3299;0;0;189;31.0;236;8;24726.48;176754.0;41;6;15;62;762;15;30;6.51;55;3;155.22;0;241;1;0.0;64.4899171780158;0;0;2
3300;0;7;189;31.0;236;8;24726.48;176754.0;41;6;15;16;762;14;30;13.51;55;3;155.22;0;242;1;730040.0;116.6995395535096;0;0;2
3301;0;5;189;31.0;236;8;24726.48;176754.0;41;6;15;50;762;9;128;10.51;55;3;155.22;0;251;1;0.0;74.57391623653385;0;0;2
3302;0;4;189;31.0;236;8;24726.48;0.0;41;6;15;16;762;14;30;4.51;55;3;155.22;0;252;1;0.0;162.16138987717315;0;0;2
3303;0;1;189;31.0;236;8;24726.48;176754.0;41;6;15;16;762;14;30;11.51;85;3;155.22;0;255;1;0.0;53.59274283723251;0;0;2
3304;0;3;560;25.0;191;3;3950629.0;3413375.0;63;9;17;44;423;19;40;3.41;2;0;2544.85;0;118;2;0.0;152.38326336443453;0;0;1
3305;0;2;560;25.0;191;8;44188.5;3413375.0;63;9;17;62;423;19;40;0.0;2;0;2544.85;0;404;2;0.0;263.91879883467584;0;0;1
3306;0;6;560;25.0;191;3;44188.5;3413375.0;63;9;17;44;423;19;40;3.41;2;0;2544.85;0;110;2;0.0;175.22385503051763;0;0;1
3307;0;0;560;25.0;625;3;44188.5;3413375.0;63;9;17;44;423;19;40;3.41;2;0;2544.85;0;119;2;0.0;158.7797756158424;0;0;1
3308;0;7;560;25.0;191;3;44188.5;3413375.0;63;9;17;62;423;19;54;3.41;2;0;2544.85;0;120;2;0.0;81.48416417002888;0;0;1
3309;0;5;560;25.0;191;3;44188.5;3413375.0;63;9;17;44;423;19;48;4.41;2;0;2544.85;0;123;2;0.0;304.5474349211741;0;0;1
3310;0;4;560;25.0;191;3;44188.5;3413375.0;63;9;17;44;423;21;40;3.41;20;2;2544.85;0;124;2;0.0;224.52645472802035;0;0;1
3311;0;1;560;25.0;191;3;44188.5;3413375.0;63;9;17;44;423;19;40;5.41;20;2;2544.85;0;125;2;0.0;456.1650676610487;0;0;1
3312;0;3;584;26.0;115;0;13065.87;13598225.0;45;6;13;0;761;13;80;1.72;42;3;1203.17;0;178;1;0.0;179.09013822717304;0;0;2
3313;0;2;584;26.0;115;0;13065.87;13598225.0;45;6;13;16;761;11;12;1.72;42;3;1203.17;0;169;1;0.0;66.76737712146348;0;0;2
3314;0;6;584;26.0;625;8;13065.87;13598225.0;45;6;13;62;761;8;12;1.72;42;3;1203.17;0;170;1;0.0;72.57536074993891;0;0;2
3315;0;0;584;26.0;115;0;13065.87;13598225.0;45;6;13;16;761;11;120;-1.28;64;3;1203.17;0;179;1;0.0;85.17523256896844;0;0;2
3316;0;7;584;26.0;115;0;13065.87;0.0;45;6;13;16;761;11;18;8.72;64;3;1203.17;0;180;1;0.0;180.38492799863087;0;0;2
3317;0;5;336;26.0;115;0;0.0;13598225.0;45;6;13;16;761;11;126;1.72;64;3;1203.17;0;183;1;101160.0;108.2660547863014;0;0;2
3318;0;4;584;26.0;115;8;13065.87;13598225.0;45;6;13;16;761;11;24;1.72;64;3;1203.17;0;184;1;0.0;118.4836211606767;0;0;2
3319;0;1;584;26.0;115;0;13065.87;13598225.0;45;6;13;16;761;11;12;1.72;64;3;1203.17;0;185;0;0.0;0.0;0;0;2
3320;0;3;336;17.0;480;6;49447.74000000001;4282645.0;58;4;9;36;746;18;28;14.34;69;3;1286.68;0;53;2;0.0;342.69434401997864;0;0;2
3321;0;2;296;17.0;625;6;49447.74000000001;4282645.0;58;4;9;36;746;18;34;8.34;69;3;1286.68;0;54;2;0.0;302.38767739809487;0;0;2
3322;0;6;296;17.0;480;6;49447.74000000001;4282645.0;58;4;9;36;746;15;30;13.34;69;3;1286.68;0;55;2;0.0;448.07018425227136;0;0;2
3323;0;0;296;17.0;480;6;49447.74000000001;4282645.0;58;4;9;36;746;18;28;8.34;81;3;1286.68;0;56;2;0.0;229.6660616761185;0;0;2
3324;0;7;296;17.0;480;6;49447.74000000001;4282645.0;58;4;9;36;746;18;30;8.34;81;3;0.0;0;57;2;380730.0;137.98556695030106;0;0;2
3325;0;5;336;17.0;480;6;49447.74000000001;4282645.0;58;4;9;36;746;18;30;8.34;81;2;1286.68;0;58;2;0.0;260.634944347822;0;0;2
3326;0;4;296;18.0;480;8;49447.74000000001;0.0;58;4;9;36;746;18;40;7.34;81;3;1286.68;0;49;0;0.0;296.34195879893866;0;0;2
3327;0;1;296;18.0;480;6;49447.74000000001;4282645.0;58;4;9;36;746;14;24;8.34;81;3;1286.68;0;50;2;0.0;359.38177188163985;0;0;2
3328;0;3;45;23.0;528;13;42941.85000000001;0.0;50;9;26;18;608;43;40;13.92;72;3;2328.67;0;33;0;0.0;78.0324294740144;0;0;1
3329;0;2;45;23.0;528;13;42941.85000000001;0.0;50;9;26;18;608;43;30;13.92;72;3;2328.67;0;404;2;0.0;289.2494020140167;0;0;1
3330;0;6;45;23.0;528;13;42941.85000000001;0.0;50;9;26;18;608;43;32;13.92;72;3;2328.67;0;25;2;0.0;356.3126697762538;0;0;1
3331;0;0;45;0.0;528;13;42941.85000000001;0.0;50;9;26;62;608;44;32;13.92;72;3;2328.67;0;26;2;0.0;57.3768966954034;0;0;1
3332;0;7;45;24.0;625;8;42941.85000000001;0.0;50;9;26;18;608;43;32;13.92;72;3;2328.67;0;35;2;0.0;187.2230986714944;0;0;1
3333;0;5;45;24.0;528;13;0.0;0.0;50;9;26;18;608;43;30;13.92;72;3;2328.67;0;36;2;0.0;70.11475822799432;0;0;1
3334;0;4;45;24.0;528;13;42941.85000000001;0.0;50;9;910;62;608;43;24;13.92;72;3;2328.67;0;39;2;0.0;0.0;0;0;1
3335;0;1;336;24.0;528;13;42941.85000000001;0.0;50;9;26;18;608;43;32;13.92;72;3;2328.67;0;40;2;0.0;112.21646368817235;0;0;1
3336;0;3;4;33.0;123;3;37824.65;0.0;45;2;3;18;732;61;120;2.78;55;2;69.84;0;244;1;0.0;152.8147064543958;0;0;0
3337;0;2;4;33.0;123;3;37824.65;0.0;45;2;3;18;732;50;126;2.78;70;1;69.84;0;245;1;0.0;56.82787995331143;0;0;0
3338;0;6;4;33.0;123;3;37824.65;0.0;45;2;3;18;732;61;128;2.78;55;1;69.84;0;246;0;543420.0;29.281094554271032;0;0;0
3339;0;0;4;5053.0;123;3;37824.65;0.0;45;2;3;18;732;7;12;2.78;64;1;69.84;0;247;1;0.0;71.92460515000673;0;0;0
3340;0;7;4;33.0;123;3;37824.65;0.0;45;2;3;18;732;61;120;2.78;64;1;69.84;0;248;0;0.0;124.54343126445288;0;0;0
3341;0;5;4;33.0;123;3;37824.65;0.0;45;2;3;18;732;50;42;2.78;64;1;69.84;0;249;1;0.0;81.16459921940776;0;0;0
3342;0;4;336;33.0;123;3;37824.65;0.0;45;2;3;18;732;61;120;2.78;64;2;69.84;0;250;0;0.0;104.579626601404;0;0;2
3343;0;1;336;33.0;123;3;37824.65;0.0;45;2;3;18;732;39;120;2.78;64;1;69.84;0;241;1;0.0;45.39851413168464;0;0;2
3344;0;3;336;53.0;238;11;66732.58;0.0;0;2;3;2;358;71;120;3.64;55;1;244.07;0;121;1;0.0;94.00527572159194;0;0;0
3345;0;2;396;53.0;238;11;66732.58;0.0;0;2;3;2;358;71;120;3.64;55;1;244.07;0;122;1;0.0;242.67388304383388;0;0;0
3346;0;6;336;53.0;238;11;66732.58;0.0;0;2;3;2;358;71;120;4.6400000000000015;64;1;244.07;0;131;1;0.0;0.0;0;0;2
3347;0;0;396;53.0;238;11;66732.58;0.0;0;2;3;2;358;71;120;3.64;64;1;244.07;0;132;1;0.0;574.9690471655058;0;0;0
3348;0;7;396;2109.0;238;11;66732.58;0.0;0;2;3;2;358;71;120;3.64;64;1;244.07;0;135;1;0.0;136.03624700712132;0;0;0
3349;0;5;396;53.0;238;11;66732.58;0.0;0;622;3;2;358;71;120;3.64;64;2;244.07;0;136;1;0.0;120.79035142019625;0;0;0
3350;0;4;396;7183.0;238;11;66732.58;0.0;0;2;3;2;358;71;120;3.64;64;1;244.07;0;137;1;0.0;127.98161945288736;0;0;0
3351;0;1;396;53.0;625;11;66732.58;0.0;0;2;3;2;358;70;120;3.64;64;1;244.07;0;138;1;0.0;47.79960516935672;0;0;0
3352;0;3;217;16.0;430;11;61463.94;5309995.0;58;8;30;56;858;45;128;5.79;72;0;1751.87;0;45;2;0.0;171.19796863388692;0;0;1
3353;0;2;217;16.0;430;11;61463.94;0.0;58;8;30;62;858;45;32;0.0;72;0;1751.87;0;46;2;0.0;111.79293330003686;0;0;1
3354;0;6;217;16.0;430;11;61463.94;5309995.0;58;8;30;56;858;45;48;-1.21;72;0;1751.87;0;37;2;0.0;94.46999112032056;0;0;1
3355;0;0;217;16.0;430;11;61463.94;5309995.0;58;8;30;56;858;45;30;0.0;72;0;1751.87;0;38;0;0.0;282.4227613179995;0;0;1
3356;0;7;217;5604.0;430;11;61463.94;5309995.0;58;8;30;56;858;42;32;7.79;72;0;1751.87;0;47;0;0.0;154.13083084149696;0;0;1
3357;0;5;217;16.0;430;11;61463.94;5309995.0;58;8;30;56;858;49;32;5.79;72;2;1751.87;0;48;2;0.0;540.4583394539521;0;0;1
3358;0;4;217;16.0;430;11;61463.94;0.0;58;8;30;56;858;46;32;5.79;72;0;1751.87;0;51;2;0.0;77.74911910459217;0;0;1
3359;0;1;217;16.0;430;11;0.0;0.0;58;8;30;56;858;45;32;5.79;72;2;1751.87;0;52;2;0.0;245.4632095198854;0;0;1
3360;0;3;445;38.0;622;5;115800.54;9860045.0;41;4;9;4;551;17;46;11.9;42;1;194.96;0;404;1;0.0;615.0080904168361;0;0;1
3361;0;2;445;38.0;622;5;115800.54;9860045.0;41;4;9;4;551;5;6;12.9;42;2;194.96;0;219;1;0.0;0.0;0;0;1
3362;0;6;445;38.0;622;5;115800.54;9860045.0;41;4;9;4;551;6;46;11.9;42;1;194.96;0;220;1;0.0;144.12935785200096;0;0;1
3363;0;0;445;38.0;622;5;115800.54;9860045.0;41;4;9;4;551;61;128;11.9;42;2;194.96;0;221;1;0.0;478.2842484610317;0;0;1
3364;0;7;336;38.0;622;5;115800.54;9860045.0;41;4;9;4;551;17;6;9.9;42;2;194.96;0;222;1;0.0;957.8509770927687;0;0;1
3365;0;5;445;38.0;622;5;115800.54;0.0;41;4;9;4;551;50;46;15.9;42;1;194.96;0;223;1;0.0;147.48278707536488;0;0;2
3366;0;4;445;39.0;622;5;115800.54;0.0;41;4;9;4;551;17;108;11.9;42;1;194.96;0;224;1;0.0;918.8406886599572;0;0;1
3367;0;1;445;39.0;622;5;115800.54;9860045.0;41;4;9;4;551;17;46;11.9;42;1;194.96;0;225;1;0.0;235.23332853741817;0;0;1
3368;0;3;566;22.0;481;3;88133.16;714743.0;37;4;6;2;358;11;82;9.5;0;1;1073.99;0;217;1;0.0;243.39692174464855;0;0;2
3369;0;2;566;22.0;481;3;88133.16;714743.0;37;4;6;2;358;11;108;9.5;0;1;1073.99;0;218;1;0.0;132.42890016611477;0;0;0
3370;0;6;566;23.0;625;3;88133.16;714743.0;37;4;6;2;358;8;108;9.5;0;1;1073.99;0;227;1;0.0;0.0;0;0;0
3371;0;0;566;23.0;481;3;88133.16;714743.0;37;4;6;2;358;11;102;9.5;0;2;1073.99;0;228;1;0.0;83.50042011294946;0;0;2
3372;0;7;336;23.0;481;3;88133.16;714743.0;37;4;6;2;358;11;46;9.5;0;1;1073.99;0;231;1;0.0;0.0;0;0;2
3373;0;5;336;23.0;481;3;88133.16;714743.0;37;4;6;2;358;11;112;13.5;0;1;1073.99;0;232;1;0.0;320.9228516611681;0;0;2
3374;0;4;566;23.0;481;3;88133.16;714743.0;37;4;6;2;358;11;128;9.5;0;2;1073.99;0;233;1;0.0;78.41857348489894;0;0;2
3375;0;1;566;23.0;481;3;88133.16;714743.0;37;4;6;2;358;11;108;9.5;0;2;1073.99;0;404;1;0.0;442.1689459251396;0;0;2
3376;0;3;82;40.0;443;9;27632.92;0.0;63;3;9;18;824;15;16;8.99;55;3;1103.71;0;162;0;0.0;91.0661787244922;0;0;2
3377;0;2;82;40.0;443;9;27632.92;0.0;63;3;9;18;824;13;16;13.99;55;3;1103.71;0;163;1;421130.0;30.66628899936081;0;0;2
3378;0;6;82;40.0;443;9;27632.92;0.0;63;3;9;18;824;15;18;8.99;55;3;1103.71;0;164;1;0.0;218.3537374611104;0;0;2
3379;0;0;82;0.0;443;8;27632.92;0.0;63;3;9;18;824;12;28;8.99;55;3;1103.71;0;165;1;0.0;165.37882222927598;0;0;1
3380;0;7;82;40.0;443;9;27632.92;0.0;63;3;9;18;824;15;18;8.99;55;3;1103.71;0;166;1;50640.0;297.6903193710354;0;0;1
3381;0;5;82;40.0;443;9;0.0;0.0;63;3;9;18;824;19;16;8.99;55;3;1103.71;0;157;1;0.0;264.04467159709105;0;0;1
3382;0;4;336;40.0;443;9;27632.92;0.0;63;1428;9;18;824;19;16;8.99;55;3;1103.71;0;158;1;0.0;67.90088826774537;0;0;1
3383;0;1;82;41.0;443;9;27632.92;0.0;63;3;9;18;824;14;16;8.99;55;2;1103.71;0;167;0;0.0;204.82585206861447;0;0;1
3384;0;3;47;18.0;596;6;21846.06;1978505.0;37;6;8;0;546;61;112;0.95;42;1;284.95;0;110;1;0.0;227.7639658488977;0;0;0
3385;0;2;47;18.0;596;6;21846.06;0.0;37;6;8;16;546;69;102;0.95;42;1;284.95;0;119;1;643220.0;120.38759285620104;0;0;0
3386;0;6;47;18.0;596;6;21846.06;1978505.0;37;6;8;0;546;61;114;0.95;42;1;284.95;0;120;1;0.0;28.8382320401774;0;0;0
3387;0;0;47;18.0;596;6;21846.06;1978505.0;37;6;8;16;546;61;112;0.95;55;1;284.95;0;123;1;0.0;169.0438107593722;0;0;0
3388;0;7;47;18.0;596;6;21846.06;0.0;37;6;8;16;546;61;112;0.95;55;2;284.95;0;124;1;0.0;30.167942584156545;0;0;0
3389;0;5;336;18.0;596;6;21846.06;1978505.0;37;6;8;16;546;61;82;0.95;55;1;284.95;0;125;1;0.0;253.8496842823705;0;0;0
3390;0;4;47;18.0;596;8;22579073.0;1978505.0;37;6;8;62;546;61;108;0.95;55;1;284.95;0;126;1;0.0;243.7978092485287;0;0;0
3391;0;1;47;0.0;596;6;21846.06;1978505.0;37;6;8;16;546;61;126;0.95;55;1;284.95;0;127;0;0.0;59.618534271524496;0;0;0
3392;0;3;336;29.0;306;8;8610.765;0.0;45;7;5;18;444;30;12;16.17;76;2;1426.95;0;118;2;0.0;74.64007609765288;0;0;2
3393;0;2;315;29.0;306;8;0.0;0.0;45;7;5;18;444;25;18;16.17;76;3;1426.95;0;109;2;0.0;41.44270480733083;0;0;2
3394;0;6;315;29.0;306;8;8610.765;0.0;45;7;5;62;444;25;28;16.17;76;3;1426.95;0;110;2;0.0;100.0496980320077;0;0;2
3395;0;0;315;29.0;625;8;8610.765;0.0;45;7;5;18;444;25;18;16.17;76;2;1426.95;0;119;2;0.0;0.0;0;0;2
3396;0;7;315;30.0;306;8;8610.765;0.0;45;7;5;18;444;25;128;16.17;76;2;1426.95;0;120;0;0.0;53.30135107669058;0;0;2
3397;0;5;315;30.0;306;8;8610.765;0.0;45;7;5;18;444;25;128;16.17;20;2;1426.95;0;123;2;0.0;62.09500904954571;0;0;2
3398;0;4;315;30.0;306;8;8610.765;0.0;45;7;5;18;444;25;18;23.17;20;3;1426.95;0;404;2;0.0;0.0;0;0;2
3399;0;1;315;30.0;306;8;8610.765;0.0;45;7;5;18;444;25;12;23.17;20;3;1426.95;0;125;2;0.0;25.87673564185645;0;0;2
3400;0;3;94;27.0;170;4;49023.22;0.0;45;5;13;16;207;61;16;11.48;55;2;270.2;0;233;1;0.0;133.8262987227399;0;0;2
3401;0;2;94;27.0;170;4;49023.22;0.0;45;5;13;16;207;61;12;12.48;55;3;270.2;0;234;1;0.0;39.86419294960246;0;0;2
3402;0;6;94;27.0;170;4;49023.22;0.0;45;5;13;16;207;61;18;11.48;55;3;270.2;0;235;1;0.0;0.0;0;0;2
3403;0;0;94;27.0;170;4;49023.22;0.0;45;5;13;16;207;61;16;11.48;55;3;270.2;0;236;1;0.0;253.5160471062548;0;0;2
3404;0;7;94;27.0;170;4;49023.22;0.0;45;5;13;16;207;61;16;11.48;55;3;270.2;0;237;1;0.0;173.94812267973873;0;0;2
3405;0;5;94;27.0;170;4;49023.22;0.0;45;5;13;16;207;7;10;11.48;55;3;270.2;0;238;1;0.0;404.3794056869478;0;0;2
3406;0;4;94;27.0;170;4;49023.22;0.0;45;5;13;16;207;61;16;11.48;55;2;270.2;0;229;0;0.0;84.89789959455865;0;0;2
3407;0;1;94;27.0;170;4;49023.22;0.0;45;5;13;16;207;61;126;11.48;55;3;270.2;0;230;1;0.0;44.56015177094768;0;0;2
3408;0;3;143;42.0;487;2;104564.64;0.0;41;7;8;16;459;13;40;9.64;0;3;100.49;0;213;1;0.0;157.24466803748803;0;0;2
3409;0;2;143;42.0;487;2;104564.64;900272.0;41;7;8;16;459;14;48;9.64;0;3;100.49;0;214;0;0.0;107.65224480174088;0;0;2
3410;0;6;143;42.0;487;2;104564.64;900272.0;41;7;8;16;459;14;32;12.64;0;3;100.49;0;205;1;0.0;290.85844559977875;0;0;2
3411;0;0;143;42.0;625;2;104564.64;0.0;41;7;8;16;459;10;30;0.0;0;3;100.49;0;206;1;0.0;1001.3823627585264;0;0;2
3412;0;7;143;42.0;625;2;104564.64;900272.0;41;7;8;16;459;15;40;12.64;0;3;100.49;0;215;1;0.0;243.3068920556952;0;0;2
3413;0;5;143;42.0;487;2;104564.64;900272.0;41;7;8;16;459;14;34;10.64;0;2;100.49;0;216;1;0.0;388.611254694897;0;0;2
3414;0;4;143;42.0;625;2;104564.64;900272.0;41;7;8;16;459;14;34;9.64;0;3;100.49;0;219;1;0.0;462.9183671419319;0;0;2
3415;0;1;143;42.0;487;2;104564.64;900272.0;41;7;8;62;459;14;34;9.64;0;2;100.49;0;220;1;0.0;424.3876817722472;0;0;2
3416;0;3;569;27.0;163;5;59751.78;0.0;58;7;17;26;189;20;18;16.82;81;3;1485.94;0;90;2;0.0;265.27458109776256;0;0;2
3417;0;2;569;27.0;163;8;59751.78;5044315.0;58;7;17;26;189;20;18;17.82;81;3;1485.94;0;91;2;0.0;111.8107334596133;0;0;1
3418;0;6;569;27.0;163;5;59751.78;5044315.0;58;7;17;26;189;21;18;13.82;81;3;1485.94;0;404;2;0.0;66.59144071775562;0;0;1
3419;0;0;569;28.0;163;5;59751.78;5044315.0;58;7;17;26;189;20;18;16.82;81;2;1485.94;0;93;2;0.0;181.93188559498947;0;0;1
3420;0;7;569;28.0;163;5;59751.78;5044315.0;58;7;17;26;189;20;128;16.82;81;2;1485.94;0;94;2;0.0;136.12081511210891;0;0;2
3421;0;5;569;28.0;163;5;59751.78;5044315.0;58;7;17;26;189;20;18;16.82;81;3;1485.94;0;85;2;0.0;79.22927256200279;0;0;1
3422;0;4;569;28.0;163;5;59751.78;5044315.0;58;7;17;26;189;21;18;16.82;81;3;1485.94;0;86;2;0.0;267.41003875863504;0;0;1
3423;0;1;336;28.0;163;5;59751.78;5044315.0;58;7;17;26;189;20;18;16.82;81;3;1485.94;0;95;2;0.0;381.8003563842838;0;0;1
3424;0;3;508;19.0;91;1;20978.49;18532075.0;50;142;20;18;242;27;114;12.32;76;3;2305.13;0;379;2;0.0;63.2724948134418;0;0;2
3425;0;2;508;19.0;91;1;20978.49;18532075.0;50;10;20;18;242;27;128;12.32;76;2;2305.13;0;370;2;0.0;78.17822255162427;0;0;1
3426;0;6;336;1206.0;91;1;20978.49;18532075.0;50;10;20;18;242;27;18;15.32;76;3;2305.13;0;371;0;0.0;155.21680142833932;0;0;1
3427;0;0;508;19.0;91;1;0.0;18532075.0;50;10;20;18;242;26;10;12.32;76;3;2305.13;0;380;2;0.0;69.95589386743801;0;0;2
3428;0;7;508;19.0;91;1;20978.49;18532075.0;50;10;20;18;242;27;10;7.32;76;3;2305.13;0;381;2;0.0;22.04642751135777;0;0;2
3429;0;5;508;20.0;91;1;20978.49;18532075.0;50;10;20;18;242;27;10;12.32;76;3;2305.13;0;384;2;0.0;21.70210727275884;0;0;2
3430;0;4;508;20.0;91;1;20978.49;18532075.0;50;10;20;18;242;27;120;12.32;76;3;2305.13;0;404;2;0.0;0.0;0;0;1
3431;0;1;508;0.0;91;1;20978.49;18532075.0;50;10;20;18;242;27;10;12.32;2;3;2305.13;0;404;2;0.0;95.11340117012156;0;0;1
3432;0;3;336;44.0;245;3;118644.36000000002;1003303.0;1;2;9;4;0;10;46;8.53;55;1;1100.42;0;300;1;0.0;72.62919684742553;0;0;2
3433;0;2;239;44.0;245;3;118644.36000000002;1003303.0;1;2;9;0;0;10;46;8.53;55;1;1100.42;0;404;1;0.0;1155.9285925946592;0;0;0
3434;0;6;239;44.0;245;8;118644.36000000002;1003303.0;1;2;9;4;0;10;46;8.53;85;1;1100.42;0;304;1;243720.0;1035.0936349344704;0;0;2
3435;0;0;239;44.0;245;3;118644.36000000002;1003303.0;1;2;9;4;0;10;46;8.53;55;1;1100.42;0;305;1;0.0;322.1268739583175;0;0;2
3436;0;7;239;44.0;245;3;118644.36000000002;1003303.0;1;2;9;4;0;10;46;8.53;55;1;1100.42;0;306;0;0.0;996.6053223702116;0;0;0
3437;0;5;239;44.0;245;3;118644.36000000002;1003303.0;1;2;9;4;0;7;46;5.529999999999999;69;1;1100.42;0;307;1;0.0;630.9634685765725;0;0;0
3438;0;4;336;44.0;245;3;118644.36000000002;1003303.0;1;2;9;4;0;10;6;2.53;69;2;1100.42;0;308;1;0.0;571.0291100451162;0;0;2
3439;0;1;239;44.0;245;8;118644.36000000002;1003303.0;1;2;9;4;0;10;8;4.529999999999999;69;1;1100.42;0;309;1;0.0;133.96942132640962;0;0;2
3440;0;3;554;19.0;314;8;30029.59;0.0;1;5;5;26;258;10;10;4.48;1;1;466.13;0;303;1;0.0;231.80052702938443;0;0;0
3441;0;2;554;19.0;314;0;30029.59;0.0;1;5;5;62;258;10;10;-2.52;1;1;466.13;0;404;0;0.0;33.380175612501425;0;0;0
3442;0;6;554;19.0;314;0;30029.59;0.0;1;5;5;26;258;10;10;4.48;1;1;466.13;0;404;1;0.0;0.0;0;0;2
3443;0;0;554;19.0;314;0;30029.59;0.0;0;4;5;26;258;7;10;4.48;1;1;466.13;0;306;0;0.0;48.3052266119207;0;0;0
3444;0;7;554;19.0;314;0;30029.59;0.0;0;4;5;62;258;10;10;4.48;1;1;466.13;0;307;1;0.0;86.32319409243317;0;0;2
3445;0;5;554;19.0;314;0;30029.59;0.0;0;4;5;26;258;10;18;4.48;64;1;466.13;0;308;1;0.0;53.7152527001525;0;0;0
3446;0;4;336;6835.0;314;0;30029.59;0.0;0;306;5;26;258;13;10;4.48;85;1;466.13;0;309;0;0.0;98.47222081465428;0;0;2
3447;0;1;554;19.0;314;0;30029.59;0.0;0;4;5;26;258;10;128;-0.5199999999999996;64;2;466.13;0;310;1;0.0;141.06452079909678;0;0;2
3448;0;3;268;20.0;160;8;81557.0;0.0;70;7;18;40;720;55;28;22.91;81;0;2628.52;0;404;2;0.0;243.4607059483092;0;0;2
3449;0;2;268;20.0;160;8;81557.0;0.0;70;7;18;40;720;56;28;22.91;81;0;2628.52;0;43;2;0.0;334.7342963243691;0;0;2
3450;0;6;336;0.0;160;8;81557.0;0.0;70;7;18;40;720;56;28;22.91;81;2;2628.52;0;404;2;0.0;409.72099839658057;0;0;2
3451;0;0;268;20.0;160;8;81557.0;0.0;70;7;18;40;720;56;28;22.91;81;2;2628.52;0;45;2;0.0;0.0;0;0;2
3452;0;7;268;20.0;625;8;0.0;0.0;70;7;18;40;720;57;128;22.91;81;2;2628.52;0;46;2;0.0;360.6385635879188;0;0;2
3453;0;5;268;20.0;160;8;81557.0;0.0;70;7;18;40;720;56;28;22.91;81;0;2628.52;0;37;2;0.0;653.0643743870747;0;0;2
3454;0;4;268;20.0;160;8;81557.0;0.0;70;7;18;40;720;56;32;23.91;14;0;2628.52;0;38;2;0.0;209.42443801591503;0;0;1
3455;0;1;336;20.0;160;8;81557.0;0.0;70;7;18;40;720;55;28;22.91;14;0;2628.52;0;47;2;0.0;226.20108859814755;0;0;1
3456;0;3;442;41.0;590;14;63331.9;0.0;45;4;20;2;358;71;128;10.86;69;3;362.71;0;381;2;0.0;0.0;0;0;2
3457;0;2;442;41.0;590;14;63331.9;0.0;45;4;20;0;358;71;52;8.86;69;3;362.71;0;384;2;0.0;432.9999557422656;0;0;2
3458;0;6;442;41.0;590;14;63331.9;0.0;45;4;20;2;358;69;40;8.86;69;3;362.71;0;385;2;0.0;0.0;0;0;2
3459;0;0;442;41.0;590;14;63331.9;0.0;45;4;20;2;358;10;32;8.86;69;3;362.71;0;386;2;0.0;167.19062274645358;0;0;2
3460;0;7;336;42.0;625;14;63331.9;0.0;45;4;20;2;358;69;40;8.86;69;3;362.71;0;387;0;0.0;120.209124913208;0;0;2
3461;0;5;442;42.0;590;14;63331.9;0.0;45;4;20;2;358;10;40;4.859999999999999;69;3;362.71;0;404;2;0.0;182.86327716505184;0;0;2
3462;0;4;442;42.0;590;14;63331.9;0.0;45;4;20;2;358;71;52;8.86;69;2;362.71;0;389;2;0.0;456.6900529239368;0;0;2
3463;0;1;442;42.0;590;14;63331.9;0.0;45;4;20;2;358;71;40;8.86;69;3;362.71;0;390;2;0.0;175.665466863859;0;0;2
3464;0;3;28;36.0;74;3;24069.55;0.0;58;7;20;2;358;18;32;15.02;64;3;315.97;0;269;2;0.0;84.66132941434499;0;0;2
3465;0;2;28;36.0;74;3;24069.55;0.0;58;7;20;2;358;18;40;10.02;64;3;315.97;0;404;2;0.0;0.0;0;0;2
3466;0;6;28;36.0;74;3;24069.55;0.0;58;7;20;62;358;18;54;15.02;64;3;315.97;0;271;2;0.0;126.50719405135406;0;0;2
3467;0;0;28;0.0;74;8;24069.55;0.0;58;7;20;2;358;18;32;9.02;64;2;315.97;0;272;2;0.0;238.47238155254348;0;0;0
3468;0;7;28;36.0;74;3;24069.55;0.0;58;7;20;2;358;22;30;15.02;64;3;315.97;0;273;2;0.0;38.43277229828317;0;0;0
3469;0;5;28;36.0;74;3;24069.55;0.0;58;7;20;2;358;18;40;16.02;64;2;315.97;0;274;2;0.0;221.34182182728;0;0;2
3470;0;4;28;36.0;74;3;0.0;0.0;58;7;20;62;358;18;52;13.02;81;3;315.97;0;265;2;0.0;24.45951582159616;0;0;0
3471;0;1;336;36.0;74;3;24069.55;0.0;58;7;20;2;358;23;40;15.02;81;2;315.97;0;266;2;0.0;184.2840331145289;0;0;0
3472;0;3;316;29.0;269;9;15762.72;0.0;39;3;20;62;259;11;120;10.76;58;3;1050.18;0;404;2;0.0;79.37694030137162;0;0;2
3473;0;2;316;29.0;269;9;15762.72;159356.0;39;3;20;26;259;11;120;10.76;58;2;1050.18;0;158;2;0.0;184.40086768378723;0;0;2
3474;0;6;316;29.0;269;9;15762.72;159356.0;39;3;20;26;259;11;128;10.76;58;3;1050.18;0;167;2;0.0;146.92894063246175;0;0;2
3475;0;0;316;29.0;269;9;0.0;159356.0;32;3;20;26;259;11;120;10.76;58;3;1050.18;0;168;2;0.0;69.54556913927206;0;0;2
3476;0;7;316;29.0;269;9;15762.72;159356.0;39;3;20;26;259;11;112;10.76;58;3;1050.18;0;171;2;0.0;190.84497920176483;0;0;2
3477;0;5;316;29.0;269;9;15762.72;0.0;39;3;20;26;259;11;114;10.76;58;3;1050.18;0;172;2;0.0;116.65485686447346;0;0;2
3478;0;4;316;29.0;269;9;15762.72;159356.0;39;3;20;26;259;8;120;10.76;58;2;1050.18;0;173;0;0.0;22.713372984324693;0;0;2
3479;0;1;316;29.0;269;9;15762.72;159356.0;39;3;20;62;259;16;128;10.76;58;3;1050.18;0;174;2;517040.0;0.0;0;0;2
3480;0;3;215;50.0;172;1;122713.6;0.0;45;6;14;16;204;8;128;10.46;1;3;128.33;0;188;1;0.0;183.55533159926804;0;0;2
3481;0;2;336;50.0;172;1;122713.6;0.0;45;6;14;16;204;8;10;10.46;1;3;0.0;0;189;0;0.0;149.2828984469095;0;0;2
3482;0;6;215;50.0;172;1;122713.6;0.0;45;6;14;16;204;8;128;10.46;1;3;128.33;0;190;1;0.0;259.3893569480624;0;0;2
3483;0;0;215;50.0;172;1;122713.6;0.0;45;6;14;0;204;8;18;10.46;1;3;128.33;0;181;1;0.0;298.5617894682762;0;0;2
3484;0;7;215;50.0;172;1;122713.6;0.0;34;6;14;16;204;8;16;10.46;1;3;128.33;0;182;1;0.0;517.6553656996773;0;0;2
3485;0;5;336;50.0;172;1;122713.6;0.0;45;6;14;16;204;8;16;10.46;1;3;128.33;0;191;1;0.0;659.1976954664707;0;0;2
3486;0;4;336;50.0;172;1;122713.6;0.0;45;6;14;16;204;8;120;10.46;1;3;128.33;0;192;0;0.0;150.6841583489063;0;0;2
3487;0;1;215;50.0;172;1;122713.6;0.0;45;6;14;16;204;8;10;12.46;1;3;128.33;0;195;0;0.0;735.3854195916738;0;0;2
3488;0;3;336;42.0;625;1;41499.21;0.0;0;5;5;2;358;0;114;9.79;1;2;1272.15;0;88;1;0.0;83.01950235836833;0;0;0
3489;0;2;580;42.0;375;1;41499.21;35822675.0;0;5;4452;2;358;6;114;9.79;58;2;1272.15;0;89;1;0.0;0.0;0;0;0
3490;0;6;580;42.0;375;1;41499.21;35822675.0;0;610;5;2;358;39;114;9.79;58;2;1272.15;0;90;1;0.0;127.80984772438616;0;0;0
3491;0;0;580;42.0;375;1;41499.21;35822675.0;0;5;5;2;358;39;114;11.79;58;1;1272.15;0;404;1;0.0;90.82003032807484;0;0;2
3492;0;7;580;42.0;375;1;41499.21;35822675.0;0;5;5;2;358;39;126;9.79;58;1;1272.15;0;92;1;0.0;200.0548832171423;0;0;0
3493;0;5;580;42.0;375;1;41499.21;35822675.0;0;5;5;62;358;39;114;14.79;58;1;1272.15;0;93;1;306570.0;160.22892719218123;0;0;0
3494;0;4;580;42.0;375;1;41499.21;0.0;0;5;5;2;358;39;128;9.79;85;1;1272.15;0;94;1;0.0;251.5908163686789;0;0;2
3495;0;1;580;43.0;375;1;41499.21;35822675.0;0;5;5;2;358;39;128;9.79;58;2;1272.15;0;85;1;0.0;360.8253655590783;0;0;0
3496;0;3;397;22.0;254;11;82840.24;0.0;1;6;1;4;466;61;6;1.81;1;1;360.92;0;126;1;0.0;768.9118214787355;0;0;1
3497;0;2;336;22.0;254;11;82840.24;0.0;1;6;1;4;466;39;82;-4.19;1;1;360.92;0;127;1;0.0;0.0;0;0;1
3498;0;6;397;22.0;254;11;0.0;0.0;1;6;1;4;466;61;6;1.81;1;2;360.92;0;128;0;0.0;0.0;0;0;2
3499;0;0;397;22.0;254;11;82840.24;0.0;1;6;1;4;466;70;4;1.81;1;1;360.92;0;129;1;0.0;257.58452786165094;0;0;1
3500;0;7;397;22.0;254;11;82840.24;0.0;1;6;1;4;466;61;46;1.81;1;1;360.92;0;130;1;0.0;184.5196166365888;0;0;1
3501;0;5;397;22.0;254;11;82840.24;0.0;1;6;1;4;466;8;8;1.81;1;1;360.92;0;121;1;0.0;273.64152839411474;0;0;1
3502;0;4;397;22.0;254;11;82840.24;0.0;1;6;1;4;466;61;128;4.8100000000000005;58;1;360.92;0;122;1;0.0;52.46555561842673;0;0;1
3503;0;1;397;22.0;254;11;0.0;0.0;1;6;1;4;466;61;46;1.81;58;1;360.92;0;131;0;0.0;327.8455881659894;0;0;1
3504;0;3;599;24.0;281;8;24195.37;0.0;58;7;19;4;93;71;30;19.96;58;3;1163.09;0;269;2;0.0;244.48714814914877;0;0;2
3505;0;2;599;24.0;281;6;24195.37;0.0;58;7;19;4;93;69;30;19.96;58;3;1163.09;0;270;2;0.0;34.857219631523144;0;0;2
3506;0;6;599;25.0;281;6;24195.37;0.0;58;7;19;4;93;69;30;21.96;58;3;1163.09;0;271;2;0.0;132.28334712366788;0;0;2
3507;0;0;599;25.0;281;6;0.0;0.0;58;7;19;4;93;70;128;19.96;58;3;1163.09;0;404;2;0.0;117.30634964487643;0;0;2
3508;0;7;599;25.0;281;6;24195.37;0.0;58;7;19;4;93;69;30;19.96;81;3;1163.09;0;273;2;0.0;43.55962087841117;0;0;2
3509;0;5;599;25.0;281;6;24195.37;0.0;58;7;19;4;93;69;30;19.96;81;3;1163.09;0;274;2;0.0;208.6662690540998;0;0;2
3510;0;4;599;25.0;281;6;24195.37;0.0;58;7;19;0;93;69;34;19.96;81;3;1163.09;0;265;2;0.0;55.143514998566296;0;0;2
3511;0;1;336;25.0;281;6;24195.37;0.0;58;7;19;4;93;69;30;20.96;81;3;1163.09;0;404;2;0.0;41.85349185342255;0;0;2
3512;0;3;320;20.0;203;12;78139.42;0.0;39;5;1;2;358;12;0;3.26;58;1;1116.88;0;297;1;0.0;318.3656631989572;0;0;0
3513;0;2;320;20.0;203;12;78139.42;0.0;39;5;1;2;358;71;46;9.26;58;1;1116.88;0;298;1;0.0;394.81169657708807;0;0;2
3514;0;6;320;20.0;203;12;78139.42;0.0;39;5;1;2;358;11;46;3.26;58;1;1116.88;0;289;1;0.0;81.60521311721281;0;0;0
3515;0;0;320;20.0;625;12;78139.42;0.0;39;5;1;2;358;11;46;3.26;58;1;1116.88;0;290;1;0.0;743.8603383244882;0;0;0
3516;0;7;320;20.0;203;12;78139.42;0.0;39;5;1;2;358;11;128;0.0;58;1;1116.88;0;299;0;0.0;441.55459363935137;0;0;0
3517;0;5;320;20.0;203;12;78139.42;0.0;39;5;1;2;358;11;6;3.26;58;1;1116.88;0;300;0;0.0;118.67181318610804;0;0;0
3518;0;4;320;20.0;203;12;78139.42;0.0;39;5;1;2;358;11;8;-0.7400000000000002;58;1;1116.88;0;303;1;0.0;235.2967964559652;0;0;0
3519;0;1;320;20.0;203;12;20441835.0;0.0;39;5;1;2;358;11;46;3.26;58;1;1116.88;0;304;1;0.0;202.6811410022677;0;0;2
3520;0;3;274;17.0;427;5;7106.15;0.0;50;5;29;18;707;41;52;3.66;72;0;2688.12;0;121;2;0.0;27.96300792818748;0;0;1
3521;0;2;274;18.0;427;5;7106.15;0.0;50;5;29;18;707;41;52;-2.34;72;0;2688.12;0;122;2;0.0;30.421622514889343;0;0;1
3522;0;6;274;18.0;427;5;7106.15;0.0;50;5;29;62;707;41;52;0.0;72;0;2688.12;0;131;2;0.0;40.082858847776905;0;0;1
3523;0;0;274;18.0;427;5;7106.15;0.0;50;5;29;18;707;41;52;3.66;8;0;2688.12;0;132;2;0.0;71.14950550284087;0;0;1
3524;0;7;274;18.0;427;5;7106.15;0.0;50;5;29;18;707;41;52;3.66;72;0;2688.12;0;404;2;0.0;20.421229480888275;0;0;1
3525;0;5;274;18.0;427;5;7106.15;0.0;50;5;29;18;707;41;54;-0.3399999999999998;72;0;2688.12;0;136;2;0.0;46.47144971043989;0;0;1
3526;0;4;274;18.0;427;5;0.0;0.0;50;5;29;18;707;35;52;3.66;72;0;2688.12;0;137;0;0.0;19.88840991413645;0;0;1
3527;0;1;274;18.0;427;5;7106.15;0.0;50;5;29;18;707;41;52;3.66;72;0;2688.12;0;138;2;0.0;40.91181906941336;0;0;1
3528;0;3;490;38.0;299;3;20193.59;0.0;39;3;8;36;174;19;16;11.42;69;3;1109.22;0;48;2;0.0;84.37314968191215;0;0;2
3529;0;2;490;38.0;299;3;20193.59;0.0;39;3;8;36;174;19;16;11.42;69;3;1109.22;0;51;2;0.0;64.23482118004858;0;0;2
3530;0;6;490;38.0;299;3;20193.59;0.0;51;3;8;36;174;19;16;11.42;69;3;1109.22;0;52;2;0.0;49.29875059494625;0;0;2
3531;0;0;490;38.0;299;8;20193.59;0.0;39;3;8;36;174;15;16;11.42;69;3;1109.22;0;53;2;0.0;80.70556405007906;0;0;2
3532;0;7;490;38.0;299;3;20193.59;0.0;39;3;8;36;174;19;16;11.42;69;3;1109.22;0;54;2;0.0;90.48306307934534;0;0;2
3533;0;5;490;38.0;299;3;20193.59;0.0;39;3;8;36;174;19;16;11.42;69;3;1109.22;0;55;2;0.0;76.516704837286;0;0;2
3534;0;4;490;38.0;299;3;20193.59;0.0;39;3;8;36;174;19;16;11.42;69;3;1109.22;0;56;2;0.0;66.4230659094184;0;0;2
3535;0;1;490;38.0;299;3;20193.59;0.0;39;3;8;36;174;19;16;9.42;69;3;1109.22;0;404;2;0.0;139.76388282463435;0;0;2
3536;0;3;391;31.0;557;14;62545.59;0.0;39;6;7;26;751;25;120;9.37;76;2;1138.71;0;108;2;0.0;217.9051928853324;0;0;2
3537;0;2;391;31.0;557;14;62545.59;51331325.0;39;6;7;26;751;25;10;9.37;76;2;1138.71;0;111;0;0.0;435.5901905094263;0;0;2
3538;0;6;391;31.0;625;14;62545.59;51331325.0;39;6;7;26;751;25;10;7.369999999999999;76;2;1138.71;0;112;2;0.0;149.13487954421151;0;0;2
3539;0;0;391;31.0;557;14;62545.59;51331325.0;39;6;7;26;751;25;10;9.37;76;3;1138.71;0;113;2;0.0;351.5535374132245;0;0;1
3540;0;7;391;0.0;557;14;62545.59;51331325.0;39;6;7;26;751;25;10;9.37;76;2;1138.71;0;114;0;0.0;250.89216513219367;0;0;1
3541;0;5;391;31.0;557;14;62545.59;0.0;39;6;7;26;751;25;126;9.37;76;3;1138.71;0;115;2;0.0;100.49716989881284;0;0;1
3542;0;4;391;31.0;557;14;62545.59;51331325.0;39;6;7;26;751;25;10;9.37;76;3;1138.71;0;116;2;0.0;500.6386853286419;0;0;2
3543;0;1;391;31.0;557;14;62545.59;51331325.0;39;6;7;26;751;25;10;0.0;76;3;1138.71;0;117;2;0.0;257.8017596213881;0;0;1
3544;0;3;342;55.0;494;1;32011.89;28066575.0;37;6;4;18;171;14;126;2.1;1;1;1215.09;0;222;1;0.0;114.00839220742488;0;0;1
3545;0;2;336;56.0;494;1;32011.89;28066575.0;37;6;4;62;171;9;126;2.1;1;1;1215.09;0;223;1;0.0;128.59120868732717;0;0;1
3546;0;6;342;56.0;494;1;32011.89;28066575.0;37;6;4;18;171;9;128;6.1;1;1;1215.09;0;224;1;0.0;185.29939778554683;0;0;1
3547;0;0;342;56.0;494;1;32011.89;28066575.0;37;6;4;18;171;9;126;2.1;1;1;1215.09;0;404;1;0.0;0.0;0;0;1
3548;0;7;342;56.0;494;1;32011.89;0.0;37;6;4;18;171;9;16;2.1;1;1;1215.09;0;226;0;0.0;72.92931970846392;0;0;1
3549;0;5;342;56.0;494;8;32011.89;0.0;37;6;4;18;171;8;126;7.1;1;1;1215.09;0;404;1;0.0;248.58887712317417;0;0;1
3550;0;4;342;56.0;494;1;0.0;0.0;37;6;4;18;171;9;128;2.1;1;1;1215.09;0;218;1;0.0;134.6887174569593;0;0;1
3551;0;1;342;56.0;494;1;32011.89;28066575.0;37;6;4;18;171;9;126;0.0;1;1;1215.09;0;227;0;0.0;117.92539724250392;0;0;1
3552;0;3;335;33.0;488;6;42399.03;35722525.0;58;5;2729;44;842;61;16;9.69;14;3;2073.54;0;362;2;0.0;87.84774567108198;0;0;1
3553;0;2;335;33.0;488;6;42399.03;35722525.0;58;5;31;44;842;61;16;9.69;14;3;2073.54;0;363;2;0.0;0.0;0;0;1
3554;0;6;335;33.0;488;6;42399.03;35722525.0;58;5;31;44;842;61;16;9.69;14;3;2073.54;0;364;0;0.0;0.0;0;0;2
3555;0;0;335;34.0;488;6;42399.03;35722525.0;58;5;31;44;842;61;16;9.69;85;3;2073.54;0;365;2;0.0;99.40263465914816;0;0;1
3556;0;7;335;34.0;488;8;42399.03;35722525.0;58;5;31;44;842;61;72;9.69;35;3;2073.54;0;366;2;0.0;0.0;0;0;1
3557;0;5;336;34.0;488;6;42399.03;35722525.0;58;5;31;44;842;61;16;9.69;35;3;2073.54;0;367;2;0.0;88.74807869508629;0;0;1
3558;0;4;335;34.0;488;6;42399.03;35722525.0;58;5;31;44;842;71;24;9.69;35;3;2073.54;0;358;2;0.0;136.10063770830644;0;0;1
3559;0;1;335;0.0;488;8;42399.03;35722525.0;58;5;31;44;842;61;16;11.69;35;2;2073.54;0;404;2;0.0;358.9480495713778;0;0;1
3560;0;3;509;30.0;114;10;23679.61;0.0;63;5;15;2;358;23;48;4.74;55;3;622.58;0;121;1;0.0;54.69590076781825;0;0;2
3561;0;2;509;30.0;114;10;0.0;0.0;63;5;15;2;358;27;34;10.74;55;3;622.58;0;122;1;0.0;0.0;0;0;2
3562;0;6;509;30.0;114;10;23679.61;0.0;63;5;15;2;358;27;34;4.74;55;3;622.58;0;131;1;0.0;88.92245039228906;0;0;2
3563;0;0;509;30.0;114;10;23679.61;0.0;63;5;15;2;358;27;34;4.74;55;2;622.58;0;132;1;0.0;29.489861650022803;0;0;2
3564;0;7;509;30.0;114;10;23679.61;0.0;63;5;15;2;358;27;34;4.74;55;2;622.58;0;135;1;0.0;0.0;0;0;2
3565;0;5;509;30.0;114;10;0.0;0.0;63;5;15;0;358;22;34;-0.2599999999999998;55;3;622.58;0;404;1;0.0;198.3268525390092;0;0;2
3566;0;4;509;30.0;114;10;23679.61;0.0;63;5;15;2;358;27;34;4.74;55;2;622.58;0;137;1;0.0;34.183463856735074;0;0;2
3567;0;1;509;30.0;114;10;23679.61;0.0;63;5;15;2;358;27;34;4.74;58;3;622.58;0;138;1;0.0;122.3909637303777;0;0;2
3568;0;3;550;27.0;59;13;62139.51;50892925.0;50;10;26;52;247;60;60;24.24;76;0;2603.85;0;371;2;0.0;451.46146966353655;0;0;1
3569;0;2;550;27.0;59;13;62139.51;50892925.0;50;10;26;8;247;58;68;24.24;76;0;2603.85;0;380;2;0.0;0.0;0;0;2
3570;0;6;550;27.0;59;13;62139.51;0.0;50;10;26;52;247;63;60;24.24;45;0;2603.85;0;381;2;0.0;188.45972517675744;0;0;1
3571;0;0;336;28.0;59;13;62139.51;50892925.0;50;10;26;52;247;60;60;24.24;76;0;2603.85;0;384;0;0.0;52.10880204925621;0;0;1
3572;0;7;550;28.0;59;13;62139.51;50892925.0;50;10;26;52;247;60;54;24.24;76;0;2603.85;0;385;0;0.0;0.0;0;0;1
3573;0;5;550;28.0;59;8;62139.51;50892925.0;50;10;26;52;247;64;60;24.24;76;0;2603.85;0;404;2;0.0;513.1154987456587;0;0;1
3574;0;4;336;28.0;59;13;62139.51;50892925.0;50;10;26;52;247;60;60;24.24;76;0;2603.85;0;387;0;0.0;108.96533417985624;0;0;1
3575;0;1;550;28.0;59;13;0.0;50892925.0;50;10;26;52;247;60;60;24.24;76;0;2603.85;0;388;2;0.0;67.34593045908957;0;0;1
3576;0;3;372;26.0;196;8;62846.31;53931925.0;70;8;20;44;514;41;48;1.79;2;0;4073.62;0;22;2;0.0;335.61855713792687;0;0;2
3577;0;2;372;26.0;196;9;18737308.0;53931925.0;70;8;20;44;514;40;34;1.79;2;0;4073.62;0;13;2;0.0;705.566643933232;0;0;1
3578;0;6;372;26.0;625;9;62846.31;53931925.0;70;8;20;44;514;40;34;1.79;2;0;4073.62;0;14;2;0.0;374.90589349565977;0;0;1
3579;0;0;336;26.0;196;9;62846.31;53931925.0;70;8;20;44;514;40;34;1.79;2;0;4073.62;0;404;0;0.0;312.9892668076293;0;0;1
3580;0;7;372;0.0;196;9;62846.31;53931925.0;70;8;20;44;514;40;34;4.79;2;0;4073.62;0;144;2;0.0;719.335951548218;0;0;1
3581;0;5;372;26.0;196;9;62846.31;53931925.0;70;489;20;44;514;40;30;1.79;2;0;4073.62;0;147;2;0.0;93.48660172706352;0;0;2
3582;0;4;372;26.0;196;9;62846.31;0.0;70;8;20;44;514;40;34;1.79;2;0;4073.62;0;148;2;0.0;182.48046129003131;0;0;1
3583;0;1;372;26.0;196;9;62846.31;53931925.0;70;8;20;44;514;40;34;1.79;2;2;4073.62;0;149;2;0.0;189.3383908798481;0;0;1
3584;0;3;191;31.0;6;8;59438.91;0.0;50;7;33;62;730;37;66;5.35;81;0;2259.86;0;393;2;0.0;161.19358851835958;0;0;1
3585;0;2;191;31.0;6;8;59438.91;50862425.0;50;7;33;56;730;37;62;-1.6500000000000004;81;2;2259.86;0;396;2;0.0;70.57900146648934;0;0;1
3586;0;6;191;31.0;6;8;59438.91;50862425.0;50;7;33;56;730;37;128;0.3499999999999996;81;0;2259.86;0;397;2;0.0;344.1992746715638;0;0;1
3587;0;0;191;31.0;6;8;59438.91;50862425.0;50;7;33;56;730;37;54;5.35;81;0;2259.86;0;398;2;0.0;215.15723454750665;0;0;2
3588;0;7;191;31.0;6;8;59438.91;50862425.0;50;7;33;56;730;37;62;5.35;81;0;2259.86;0;399;0;483380.0;210.24539542906425;0;0;2
3589;0;5;191;32.0;6;8;0.0;50862425.0;50;7;33;56;730;37;66;5.35;81;2;2259.86;0;400;2;0.0;183.9125883656189;0;0;2
3590;0;4;191;32.0;6;8;0.0;0.0;50;7;33;56;730;37;68;5.35;81;0;2259.86;0;401;2;0.0;135.9323997371369;0;0;2
3591;0;1;191;32.0;6;8;59438.91;50862425.0;50;7;33;62;730;37;54;5.35;81;0;2259.86;0;402;2;0.0;166.82672524174603;0;0;2
3592;0;3;565;36.0;193;10;69870.88;0.0;39;6;7;18;632;24;48;0.0;69;3;0.0;0;351;2;0.0;196.5733087617897;0;0;2
3593;0;2;565;36.0;193;10;69870.88;0.0;39;6;7;18;632;22;48;15.26;69;3;2106.68;0;352;2;0.0;425.9076808926369;0;0;2
3594;0;6;565;36.0;193;10;69870.88;0.0;39;6;7;0;632;24;40;8.26;69;3;2106.68;0;353;0;0.0;295.89181589874306;0;0;2
3595;0;0;565;36.0;193;10;69870.88;0.0;39;6;7;18;632;24;60;8.26;69;2;2106.68;0;404;2;0.0;91.67680131835093;0;0;0
3596;0;7;565;36.0;625;10;69870.88;0.0;39;6;7;18;632;24;34;8.26;69;3;2106.68;0;355;2;0.0;435.7739157019516;0;0;0
3597;0;5;565;36.0;193;10;69870.88;0.0;39;6;7;18;632;30;48;6.26;69;3;2106.68;0;346;0;0.0;622.3039453470908;0;0;0
3598;0;4;565;36.0;193;10;69870.88;0.0;39;6;7;18;632;22;128;8.26;69;3;2106.68;0;347;0;0.0;242.4954738251962;0;0;2
3599;0;1;565;37.0;193;10;69870.88;0.0;39;6;7;18;632;22;128;8.26;76;3;2106.68;0;356;2;0.0;45.79152641544108;0;0;2
3600;0;3;488;17.0;270;1;16521766.0;0.0;58;9;24;56;835;48;40;20.04;72;0;2828.24;0;347;2;0.0;449.7727314866431;0;0;2
3601;0;2;488;17.0;270;1;76257.52;0.0;58;9;24;56;835;48;30;22.04;72;0;2828.24;0;356;2;0.0;371.6717435398159;0;0;1
3602;0;6;488;17.0;270;1;76257.52;0.0;58;9;24;56;835;48;54;20.04;72;2;2828.24;0;357;2;0.0;132.84290449353406;0;0;1
3603;0;0;488;17.0;270;1;76257.52;0.0;58;9;24;56;835;48;54;20.04;72;0;2828.24;0;360;2;0.0;477.93507665397794;0;0;1
3604;0;7;336;17.0;270;1;76257.52;0.0;58;9;24;56;835;54;48;20.04;72;0;2828.24;0;361;2;0.0;0.0;0;0;1
3605;0;5;488;17.0;270;1;76257.52;0.0;58;9;24;56;835;48;40;20.04;72;0;2828.24;0;404;2;0.0;292.8920523086965;0;0;1
3606;0;4;488;17.0;625;1;76257.52;0.0;58;9;24;56;835;48;52;20.04;14;0;2828.24;0;363;2;0.0;587.8079927200731;0;0;1
3607;0;1;488;-500.0;270;1;76257.52;0.0;58;9;24;56;835;48;40;0.0;14;2;2828.24;0;364;2;0.0;180.7895808567629;0;0;1
3608;0;3;418;32.0;199;8;74450.88;0.0;50;4;19;18;521;50;54;16.85;76;3;640.7;0;140;2;0.0;94.60997357889369;0;0;2
3609;0;2;418;32.0;199;12;74450.88;0.0;50;4;1142;18;521;50;48;16.85;76;3;640.7;0;141;2;0.0;118.20139368586293;0;0;2
3610;0;6;418;32.0;199;12;74450.88;0.0;50;4;19;18;521;50;128;16.85;76;3;640.7;0;142;2;0.0;154.87820556433687;0;0;2
3611;0;0;418;33.0;199;12;74450.88;0.0;50;4;19;18;521;50;48;15.85;14;3;640.7;0;133;2;0.0;145.46711853726234;0;0;2
3612;0;7;418;33.0;199;12;74450.88;0.0;50;4;19;18;521;50;128;16.85;85;3;640.7;0;134;2;0.0;255.97435729379768;0;0;2
3613;0;5;418;33.0;199;12;74450.88;0.0;50;4;19;18;521;50;34;22.85;14;3;640.7;0;155;2;0.0;0.0;0;0;2
3614;0;4;418;33.0;199;12;0.0;0.0;50;4;19;18;521;61;48;16.85;14;3;640.7;0;156;2;0.0;518.8849059119494;0;0;2
3615;0;1;418;33.0;625;12;74450.88;0.0;50;4;19;18;521;39;48;16.85;14;2;640.7;0;159;0;378430.0;0.0;0;0;2
3616;0;3;170;4067.0;73;5;146866.76;0.0;41;6;14;62;841;20;30;1.78;1;3;247.08;0;169;1;0.0;79.41515161800795;0;0;2
3617;0;2;170;31.0;73;5;146866.76;0.0;41;6;14;18;841;19;34;1.78;1;3;247.08;0;170;1;0.0;0.0;0;0;2
3618;0;6;170;31.0;73;5;146866.76;0.0;41;6;14;18;841;20;34;1.78;55;3;247.08;0;179;1;0.0;441.5905058426792;0;0;2
3619;0;0;170;31.0;73;5;146866.76;0.0;41;6;14;18;841;18;34;3.78;55;3;247.08;0;180;1;0.0;457.5851204426575;0;0;1
3620;0;7;336;31.0;73;5;146866.76;0.0;41;6;14;18;841;24;34;1.78;55;3;247.08;0;183;1;0.0;135.51179266113607;0;0;1
3621;0;5;170;0.0;625;5;146866.76;0.0;41;6;14;0;841;18;34;1.78;55;3;247.08;0;184;1;0.0;302.4950686521851;0;0;1
3622;0;4;336;32.0;73;5;146866.76;0.0;41;6;14;18;841;20;34;1.78;55;2;247.08;0;185;1;0.0;478.7842921572689;0;0;2
3623;0;1;170;32.0;73;8;146866.76;0.0;41;6;1708;18;841;20;34;5.78;55;3;247.08;0;186;1;0.0;1054.485751406803;0;0;2
3624;0;3;289;0.0;400;7;20914.44;180087.0;50;7;21;56;710;52;34;0.98;14;2;2404.87;0;100;2;0.0;74.17698411204779;0;0;2
3625;0;2;289;41.0;400;7;20914.44;180087.0;50;7;21;56;710;47;34;0.98;14;0;2404.87;0;101;2;0.0;50.630102523858966;0;0;1
3626;0;6;289;41.0;400;7;20914.44;0.0;50;7;21;56;710;52;40;0.0;9;0;2404.87;0;102;2;0.0;25.429027756271942;0;0;1
3627;0;0;289;41.0;400;7;20914.44;180087.0;50;7;21;56;710;52;34;0.98;14;2;2404.87;0;103;2;0.0;68.27475808424154;0;0;1
3628;0;7;289;41.0;400;7;20914.44;180087.0;50;7;21;30;710;52;34;3.98;29;0;2404.87;0;104;2;0.0;72.84571073685836;0;0;1
3629;0;5;336;41.0;400;7;20914.44;180087.0;50;7;21;56;710;52;34;0.98;29;0;2404.87;0;105;2;0.0;149.59261408595074;0;0;2
3630;0;4;289;41.0;400;7;20914.44;180087.0;50;7;21;56;710;52;34;-0.02;29;0;2404.87;0;106;2;0.0;65.21535398802409;0;0;1
3631;0;1;289;41.0;400;7;20914.44;180087.0;50;7;21;0;710;52;30;0.98;29;0;2404.87;0;97;2;0.0;181.7105022147587;0;0;2
3632;0;3;469;22.0;224;4;0.0;0.0;63;6;25;44;511;23;34;19.7;72;0;3969.14;0;33;2;0.0;64.35300942016605;0;0;2
3633;0;2;336;22.0;224;4;18936.55;0.0;63;6;25;44;511;31;34;19.7;72;0;3969.14;0;34;0;0.0;93.09562640581652;0;0;2
3634;0;6;469;22.0;224;4;18936.55;0.0;63;6;25;44;511;25;34;19.7;72;0;3969.14;0;25;2;0.0;209.46727877347016;0;0;2
3635;0;0;469;22.0;224;4;18936.55;0.0;63;6;25;44;511;25;34;20.7;72;0;3969.14;0;26;2;0.0;0.0;0;0;2
3636;0;7;469;22.0;224;4;18936.55;0.0;63;6;25;44;511;25;34;19.7;72;0;3969.14;0;404;2;0.0;136.79412428031156;0;0;2
3637;0;5;469;22.0;224;4;18936.55;0.0;63;6;25;44;511;25;34;19.7;72;0;3969.14;0;36;2;0.0;95.49164387536116;0;0;2
3638;0;4;469;22.0;224;4;18936.55;0.0;63;6;25;44;511;25;40;19.7;72;0;3969.14;0;39;2;0.0;44.0095045232099;0;0;2
3639;0;1;469;22.0;224;4;18936.55;0.0;63;6;25;62;511;23;30;19.7;72;2;3969.14;0;40;2;0.0;163.77555586319556;0;0;2
3640;0;3;440;29.0;326;0;61476.93000000001;49400775.0;50;6;22;36;173;40;52;7.82;81;0;3322.38;0;371;2;0.0;643.2606339540382;0;0;1
3641;0;2;440;30.0;326;0;61476.93000000001;49400775.0;50;6;22;36;173;38;62;7.82;81;0;3322.38;0;380;2;0.0;200.23036546709315;0;0;1
3642;0;6;440;30.0;625;0;61476.93000000001;49400775.0;50;6;22;36;173;34;60;7.82;81;0;3322.38;0;381;2;0.0;405.8867808389583;0;0;2
3643;0;0;440;30.0;625;0;61476.93000000001;49400775.0;50;6;22;36;173;40;62;7.82;81;2;3322.38;0;384;2;0.0;179.5631155767559;0;0;1
3644;0;7;440;30.0;326;0;61476.93000000001;0.0;50;6;22;36;173;33;62;7.82;25;2;3322.38;0;385;2;0.0;66.75401319247955;0;0;1
3645;0;5;440;1812.0;326;0;61476.93000000001;49400775.0;50;6;22;36;173;34;76;7.82;25;2;3322.38;0;404;2;0.0;113.15443417908634;0;0;1
3646;0;4;440;30.0;326;0;61476.93000000001;49400775.0;50;6;22;0;173;34;54;7.82;82;0;3322.38;0;387;2;0.0;210.74691021390927;0;0;1
3647;0;1;440;30.0;326;0;61476.93000000001;49400775.0;50;6;22;36;173;34;62;7.82;25;0;3322.38;0;388;2;0.0;235.9211608490073;0;0;2
3648;0;3;538;23.0;165;14;16198.305;108985875.0;41;7;4;16;549;9;108;11.9;0;1;1439.09;0;404;1;0.0;105.03578884868836;0;0;0
3649;0;2;538;23.0;165;14;16198.305;108985875.0;41;7;4;16;549;9;108;11.9;0;2;1439.09;0;298;0;0.0;50.840361414149065;0;0;0
3650;0;6;538;24.0;165;14;16198.305;108985875.0;41;7;4;16;549;14;108;11.9;0;1;1439.09;0;289;1;0.0;124.05233909673971;0;0;0
3651;0;0;538;24.0;165;14;16198.305;108985875.0;41;7;4;16;549;7;108;4.9;0;2;1439.09;0;290;1;0.0;95.22217927490335;0;0;2
3652;0;7;336;24.0;165;14;16198.305;0.0;41;7;4;16;549;9;108;11.9;0;1;1439.09;0;299;1;0.0;38.66373467337775;0;0;2
3653;0;5;538;24.0;165;14;16198.305;0.0;41;7;4;16;549;9;108;11.9;0;1;1439.09;0;300;0;0.0;40.244043947117525;0;0;2
3654;0;4;538;24.0;165;14;16198.305;108985875.0;41;7;4;16;549;9;108;0.0;0;1;1439.09;0;303;1;0.0;96.20228409724648;0;0;2
3655;0;1;538;24.0;165;14;16198.305;108985875.0;41;7;4;16;549;9;108;11.9;0;1;1439.09;0;304;1;0.0;37.075804255236655;0;0;2
3656;0;3;142;22.0;179;10;20938.03;0.0;50;9;23;36;624;16;30;0.84;81;0;1657.74;0;402;0;0.0;150.80333592178658;0;0;1
3657;0;2;142;23.0;179;10;20938.03;0.0;50;9;23;36;624;13;34;0.84;81;0;1657.74;0;403;2;0.0;33.87508409874728;0;0;1
3658;0;6;142;23.0;179;10;20938.03;0.0;50;9;23;36;624;13;34;2.84;81;0;1657.74;0;394;2;0.0;129.57963112431392;0;0;1
3659;0;0;142;23.0;179;10;20938.03;0.0;50;9;23;36;624;13;30;-1.16;81;0;1657.74;0;395;2;0.0;105.72666099274242;0;0;1
3660;0;7;142;23.0;179;8;20938.03;0.0;50;9;23;36;624;13;34;0.84;81;0;1657.74;0;23;2;0.0;69.7353019410668;0;0;1
3661;0;5;142;23.0;179;10;20938.03;0.0;50;9;23;36;624;13;34;0.84;7;2;1657.74;0;24;2;0.0;237.7573143215821;0;0;1
3662;0;4;142;23.0;179;10;20938.03;0.0;50;9;23;36;624;16;128;-2.16;7;0;1657.74;0;27;2;0.0;61.903678626768894;0;0;2
3663;0;1;142;23.0;179;10;20938.03;0.0;50;9;23;36;624;9;28;-2.16;7;0;1657.74;0;28;2;0.0;62.55883819925442;0;0;2
3664;0;3;135;24.0;433;8;21364.2;172835.0;39;3;17;4;93;61;30;9.1;69;3;1178.6;0;269;2;0.0;68.17890064676037;0;0;2
3665;0;2;135;24.0;625;7;21364.2;172835.0;39;3;17;4;93;71;30;9.1;69;3;1178.6;0;270;2;0.0;52.80233777327615;0;0;2
3666;0;6;135;0.0;433;7;21364.2;172835.0;39;3;17;4;93;71;30;9.1;69;3;1178.6;0;271;2;0.0;125.7221500830152;0;0;2
3667;0;0;135;24.0;625;7;0.0;172835.0;39;3;17;4;93;71;30;9.1;69;3;1178.6;0;272;0;0.0;70.47667089317201;0;0;2
3668;0;7;135;24.0;433;7;21364.2;172835.0;39;3;17;4;93;71;30;9.1;69;3;1178.6;0;273;2;0.0;89.80872676819133;0;0;2
3669;0;5;135;24.0;433;7;21364.2;172835.0;39;3;17;48;93;11;30;9.1;69;3;1178.6;0;274;0;0.0;94.61175067074312;0;0;2
3670;0;4;135;0.0;433;7;21364.2;172835.0;39;3;17;4;93;39;30;9.1;69;2;1178.6;0;265;2;564400.0;228.82551797458785;0;0;2
3671;0;1;135;24.0;433;7;21364.2;172835.0;39;3;17;4;93;71;28;9.1;69;3;1178.6;0;266;2;0.0;188.99831306159527;0;0;2
3672;0;3;504;33.0;271;7;96826.96;0.0;63;5;7;2;358;10;34;8.76;55;3;1290.07;0;224;1;0.0;87.99935763390509;0;0;2
3673;0;2;504;33.0;271;7;96826.96;0.0;63;5;7;2;358;10;40;8.76;55;3;1290.07;0;225;1;0.0;220.90216378513992;0;0;2
3674;0;6;504;33.0;271;7;96826.96;0.0;63;5;7;2;358;10;40;8.76;55;3;1290.07;0;226;1;0.0;0.0;0;0;2
3675;0;0;504;33.0;271;7;96826.96;0.0;63;5;7;2;358;10;40;8.76;64;3;1290.07;0;217;0;0.0;156.15429782078846;0;0;2
3676;0;7;504;33.0;271;7;96826.96;0.0;63;5;7;2;358;13;40;8.76;64;3;1290.07;0;218;1;0.0;545.9582182370626;0;0;2
3677;0;5;504;33.0;271;7;96826.96;0.0;63;5;7;2;358;10;48;8.76;64;3;1290.07;0;227;1;0.0;88.4768041165875;0;0;2
3678;0;4;504;34.0;271;7;0.0;0.0;63;5;7;2;358;71;40;6.76;64;3;1290.07;0;228;1;0.0;619.4359394321052;0;0;2
3679;0;1;504;34.0;271;7;96826.96;0.0;63;5;7;2;358;10;40;8.76;64;3;1290.07;0;231;0;0.0;369.7411273250808;0;0;2
3680;0;3;58;44.0;334;5;16808.35;0.0;63;6;11;44;50;70;24;17.51;64;2;1330.72;0;138;2;0.0;51.89663465931055;0;0;2
3681;0;2;336;44.0;334;5;16808.35;0.0;63;6;11;44;50;70;30;17.51;64;3;1330.72;0;139;2;0.0;83.98793432726283;0;0;2
3682;0;6;58;44.0;334;5;16808.35;0.0;63;6;11;44;50;70;30;17.51;64;2;1330.72;0;140;2;0.0;119.70390107443458;0;0;2
3683;0;0;58;44.0;334;5;16808.35;0.0;63;6;11;44;50;10;30;17.51;64;2;1330.72;0;404;0;0.0;139.14252348515913;0;0;2
3684;0;7;58;44.0;334;5;16808.35;0.0;63;6;11;44;50;39;30;15.510000000000002;64;2;1330.72;0;142;0;0.0;53.75226822514157;0;0;2
3685;0;5;58;44.0;334;8;16808.35;0.0;63;6;11;44;50;7;30;17.51;85;2;1330.72;0;133;2;0.0;28.1173152285014;0;0;2
3686;0;4;58;44.0;334;5;0.0;0.0;63;6;11;44;50;70;30;17.51;64;3;1330.72;0;134;2;0.0;50.19540845225364;0;0;1
3687;0;1;58;44.0;625;5;16808.35;0.0;63;6;11;44;50;70;30;21.51;64;3;1330.72;0;155;2;0.0;122.85701806191344;0;0;1
3688;0;3;350;21.0;403;8;22429497.0;520717.0;58;8;27;0;421;63;48;24.18;76;0;4474.29;0;22;2;0.0;75.33587832577153;0;0;2
3689;0;2;350;21.0;403;8;59930.04;520717.0;58;8;4263;40;421;63;48;21.18;76;2;4474.29;0;13;2;0.0;424.7559665618852;0;0;2
3690;0;6;350;1170.0;403;8;59930.04;520717.0;58;8;4480;40;421;66;48;14.18;76;0;4474.29;0;14;2;0.0;165.38389484922808;0;0;2
3691;0;0;350;21.0;403;8;59930.04;520717.0;58;8;27;40;421;63;40;0.0;76;0;4474.29;0;404;2;0.0;185.19374142972228;0;0;2
3692;0;7;350;21.0;403;8;59930.04;520717.0;58;8;27;40;421;63;48;21.18;76;2;4474.29;0;144;2;0.0;155.42034142076508;0;0;2
3693;0;5;350;21.0;403;8;59930.04;520717.0;58;8;27;0;421;64;128;21.18;76;2;4474.29;0;147;2;0.0;515.3277980553072;0;0;2
3694;0;4;350;21.0;403;8;59930.04;520717.0;58;8;27;40;421;64;48;19.18;76;2;4474.29;0;404;2;0.0;303.5491352538031;0;0;2
3695;0;1;350;21.0;403;8;59930.04;520717.0;58;8;27;40;421;60;128;14.18;85;0;4474.29;0;149;2;0.0;160.2897429756276;0;0;2
3696;0;3;16;52.0;531;11;128279.16;1096693.0;37;6;2;2;358;69;128;5.869999999999999;58;2;105.26;0;99;1;0.0;908.6181511068008;0;0;0
3697;0;2;16;3625.0;531;11;128279.16;1096693.0;37;6;2;2;358;8;126;10.87;58;1;105.26;0;100;1;0.0;187.6153897706057;0;0;0
3698;0;6;16;-500.0;531;11;128279.16;1096693.0;37;6;2;2;358;61;114;10.87;58;2;105.26;0;101;1;0.0;439.6476069262326;0;0;0
3699;0;0;16;52.0;531;11;128279.16;1096693.0;37;6;2;2;358;69;128;10.87;58;1;105.26;0;102;1;0.0;606.7462088524577;0;0;2
3700;0;7;16;52.0;531;11;0.0;1096693.0;37;6;2;2;358;69;128;10.87;72;1;105.26;0;103;1;0.0;448.32063849021216;0;0;0
3701;0;5;16;52.0;531;11;128279.16;1096693.0;37;6;2;2;358;28;114;10.87;72;1;105.26;0;104;1;0.0;748.0850634063986;0;0;0
3702;0;4;16;52.0;531;11;128279.16;1096693.0;37;6;2;2;358;69;126;10.87;72;1;105.26;0;105;1;0.0;258.3751392626272;0;0;2
3703;0;1;16;52.0;531;11;128279.16;1096693.0;37;6;2;2;358;69;126;10.87;72;2;105.26;0;106;1;0.0;694.9164117248001;0;0;2
3704;0;3;341;0.0;405;7;53908.41;44563675.0;70;5;17;36;417;38;128;25.07;76;0;3078.82;0;404;2;0.0;159.13113237031175;0;0;1
3705;0;2;341;24.0;405;7;53908.41;44563675.0;70;5;17;36;417;44;52;0.0;76;0;3078.82;0;69;2;0.0;134.18150319432394;0;0;1
3706;0;6;336;24.0;405;7;53908.41;44563675.0;70;5;17;36;417;33;52;25.07;76;2;3078.82;0;70;2;0.0;483.2862740618749;0;0;1
3707;0;0;341;24.0;405;7;53908.41;44563675.0;70;1223;17;36;417;38;40;29.07;76;0;3078.82;0;404;2;0.0;176.5953617735593;0;0;1
3708;0;7;341;24.0;625;7;0.0;0.0;70;5;17;62;417;38;40;25.07;76;0;0.0;0;404;2;0.0;109.54942255935217;0;0;1
3709;0;5;341;0.0;405;7;53908.41;44563675.0;70;5;17;36;417;35;40;25.07;76;0;3078.82;0;71;2;0.0;0.0;0;0;1
3710;0;4;341;24.0;625;7;53908.41;0.0;70;5;17;36;417;38;52;25.07;7;0;3078.82;0;72;2;0.0;446.3404472225277;0;0;1
3711;0;1;341;25.0;405;7;53908.41;44563675.0;70;5;17;36;417;38;62;25.07;7;0;3078.82;0;404;2;0.0;0.0;0;0;1
3712;0;3;520;45.0;338;9;16718.08;0.0;63;10;25;36;454;63;128;28.03;69;2;2931.99;0;385;2;0.0;43.98453357052519;0;0;1
3713;0;2;520;45.0;338;9;16718.08;0.0;63;10;25;0;454;63;128;28.03;69;0;2931.99;0;386;2;0.0;86.06179606338645;0;0;2
3714;0;6;336;45.0;338;9;16718.08;0.0;63;10;25;36;454;63;48;28.03;69;2;2931.99;0;387;0;0.0;195.0765066743624;0;0;1
3715;0;0;520;45.0;338;9;16718.08;0.0;63;10;25;36;454;58;48;0.0;69;0;2931.99;0;388;2;0.0;61.14528850903522;0;0;2
3716;0;7;520;45.0;338;9;16718.08;0.0;63;10;25;62;454;63;48;28.03;69;0;2931.99;0;389;2;0.0;51.52099399401028;0;0;1
3717;0;5;520;45.0;338;9;16718.08;0.0;63;10;25;36;454;63;48;26.03;69;0;2931.99;0;390;2;0.0;93.5651892131974;0;0;1
3718;0;4;520;45.0;625;9;16718.08;0.0;63;10;25;36;454;63;128;28.03;69;2;2931.99;0;404;2;0.0;69.06469118709893;0;0;2
3719;0;1;520;45.0;338;9;16718.08;0.0;63;10;25;36;454;63;128;23.03;69;0;2931.99;0;382;2;0.0;116.66050967682284;0;0;2
3720;0;3;466;38.0;25;9;83355.33;72082775.0;50;4;8;16;548;9;24;8.07;42;3;677.27;0;272;0;0.0;571.5351445967333;0;0;2
3721;0;2;466;38.0;25;9;83355.33;72082775.0;50;4;8;16;548;8;28;8.07;42;3;677.27;0;404;2;0.0;324.0808814344879;0;0;2
3722;0;6;466;38.0;25;9;83355.33;72082775.0;50;4;4350;16;548;8;128;8.07;42;3;677.27;0;404;2;0.0;420.0849533464396;0;0;2
3723;0;0;466;38.0;25;9;83355.33;72082775.0;50;4;8;16;548;8;30;8.07;58;2;677.27;0;265;2;0.0;139.70056453065658;0;0;0
3724;0;7;466;38.0;25;9;83355.33;72082775.0;50;4;8;16;548;8;128;8.07;58;3;677.27;0;266;0;0.0;172.15022551167118;0;0;0
3725;0;5;466;38.0;25;9;83355.33;72082775.0;50;4;8;16;548;8;128;8.07;58;2;677.27;0;404;2;0.0;487.6072505283384;0;0;0
3726;0;4;466;6354.0;25;9;83355.33;72082775.0;50;4;8;16;548;8;18;8.07;58;2;677.27;0;288;0;0.0;190.18264967743283;0;0;2
3727;0;1;466;39.0;25;9;83355.33;72082775.0;50;4;8;16;548;8;28;10.07;58;3;677.27;0;291;2;0.0;236.9426392136372;0;0;2
3728;0;3;416;43.0;456;8;19870800.0;0.0;50;3;14;16;265;11;48;3.33;69;2;847.88;0;123;2;0.0;104.21459407733458;0;0;2
3729;0;2;416;43.0;456;8;11646.19;0.0;50;3;14;16;265;11;48;9.33;69;2;847.88;0;124;2;0.0;41.91601708563732;0;0;2
3730;0;6;416;43.0;456;8;11646.19;0.0;56;3;14;16;265;11;60;9.33;69;3;847.88;0;125;2;0.0;59.13101203428575;0;0;2
3731;0;0;416;43.0;456;8;11646.19;0.0;50;3;14;16;265;11;60;9.33;69;3;847.88;0;126;2;0.0;0.0;0;0;0
3732;0;7;416;43.0;456;8;11646.19;0.0;50;3;14;16;265;15;48;9.33;69;3;847.88;0;127;2;0.0;10.296281409168015;0;0;0
3733;0;5;416;43.0;456;8;0.0;0.0;50;3;14;16;265;11;34;9.33;69;3;847.88;0;128;2;0.0;17.508176191377927;0;0;0
3734;0;4;416;44.0;456;8;11646.19;0.0;50;3;14;16;265;11;128;9.33;69;3;847.88;0;129;2;0.0;20.62081572111059;0;0;2
3735;0;1;416;44.0;456;8;11646.19;0.0;50;3;14;16;265;11;48;5.33;69;3;847.88;0;130;2;0.0;83.99855871025092;0;0;2
3736;0;3;129;45.0;109;14;69577.92;588216.0;45;6;3;18;637;13;108;4.529999999999999;1;1;491.67;0;130;1;0.0;378.00690243340966;0;0;1
3737;0;2;129;45.0;109;14;69577.92;588216.0;45;6;3;18;637;12;128;8.53;1;1;491.67;0;404;1;0.0;579.3313578837951;0;0;1
3738;0;6;336;45.0;109;14;69577.92;588216.0;45;6;3;18;637;13;112;8.53;1;1;491.67;0;122;1;0.0;164.2451978665892;0;0;1
3739;0;0;129;45.0;625;8;69577.92;588216.0;45;6;3;18;637;13;108;4.529999999999999;1;1;491.67;0;404;1;0.0;0.0;0;0;2
3740;0;7;129;45.0;625;14;69577.92;588216.0;45;6;3;18;637;15;112;8.53;1;1;491.67;0;132;0;0.0;132.9605209841288;0;0;2
3741;0;5;129;45.0;109;14;69577.92;588216.0;45;6;3;62;637;10;114;8.53;85;1;491.67;0;135;1;0.0;0.0;0;0;2
3742;0;4;129;46.0;109;14;69577.92;588216.0;45;6;3;18;637;10;82;5.529999999999999;58;2;491.67;0;136;0;0.0;343.5199675255002;0;0;1
3743;0;1;129;46.0;109;14;69577.92;588216.0;45;6;4363;18;637;13;82;8.53;58;1;491.67;0;137;1;0.0;420.2461687610223;0;0;1
3744;0;3;208;36.0;285;2;0.0;0.0;39;7;3;16;355;11;128;1.37;42;2;1336.73;0;296;1;0.0;72.5855702620637;0;0;0
3745;0;2;208;36.0;285;2;25621.01;0.0;39;7;3;16;355;14;126;1.37;42;2;1336.73;0;297;1;0.0;181.40483952452252;0;0;2
3746;0;6;208;36.0;285;8;25621.01;0.0;39;7;3;16;355;8;120;-5.63;42;1;1336.73;0;298;1;0.0;82.08004639821064;0;0;0
3747;0;0;208;36.0;285;2;25621.01;0.0;39;7;3;16;355;13;126;0.0;42;1;1336.73;0;404;1;0.0;168.33578062428003;0;0;0
3748;0;7;208;36.0;285;2;25621.01;0.0;39;7;3;16;355;11;120;3.37;42;1;1336.73;0;290;1;0.0;31.02727436188257;0;0;0
3749;0;5;208;36.0;285;2;25621.01;0.0;39;7;3;16;355;11;126;1.37;42;1;1336.73;0;299;1;0.0;137.3523692652659;0;0;0
3750;0;4;208;37.0;285;2;25621.01;0.0;39;7;3;16;355;11;126;5.37;42;1;1336.73;0;300;1;0.0;243.03721691933384;0;0;2
3751;0;1;208;37.0;285;2;25621.01;0.0;39;7;3;16;355;11;10;6.37;42;1;1336.73;0;303;0;0.0;203.64385544382455;0;0;2
3752;0;3;438;0.0;468;1;55324.29;43343575.0;70;5;28;52;313;62;52;26.18;72;0;4270.21;0;377;2;0.0;117.26295293169838;0;0;2
3753;0;2;438;29.0;468;1;55324.29;0.0;70;5;28;62;313;62;52;26.18;72;0;4270.21;0;404;2;0.0;144.43447460566532;0;0;2
3754;0;6;336;0.0;468;1;55324.29;43343575.0;70;5;28;52;313;62;52;26.18;72;0;4270.21;0;379;2;0.0;103.22656929939544;0;0;2
3755;0;0;438;29.0;468;1;55324.29;43343575.0;70;5;28;52;313;62;52;26.18;72;0;4270.21;0;404;0;0.0;85.2173526009031;0;0;2
3756;0;7;438;0.0;625;1;55324.29;43343575.0;70;5;128;52;313;62;128;26.18;72;2;4270.21;0;371;2;0.0;127.85252514182729;0;0;2
3757;0;5;336;29.0;468;1;55324.29;43343575.0;70;5;28;52;313;62;52;26.18;72;0;4270.21;0;380;2;0.0;0.0;0;0;2
3758;0;4;438;29.0;468;1;55324.29;43343575.0;70;5;28;52;313;62;52;26.18;72;0;4270.21;0;381;2;0.0;158.2133778574284;0;0;2
3759;0;1;438;29.0;468;1;55324.29;43343575.0;70;637;28;52;313;66;52;32.18;72;2;4270.21;0;384;0;0.0;356.56139836235985;0;0;2
3760;0;3;572;45.0;339;7;42947.49;34709575.0;41;7;15;16;755;7;48;18.38;72;3;2266.69;0;73;2;0.0;40.63344595472546;0;0;1
3761;0;2;572;45.0;339;7;42947.49;34709575.0;41;7;15;16;755;70;32;18.38;72;3;2266.69;0;74;2;0.0;349.2910057146566;0;0;2
3762;0;6;572;45.0;339;7;42947.49;34709575.0;41;7;15;16;755;12;48;18.38;72;3;2266.69;0;83;2;0.0;91.83942990453586;0;0;1
3763;0;0;572;45.0;339;7;42947.49;34709575.0;41;7;15;16;755;10;60;18.38;72;2;2266.69;0;84;2;0.0;123.79935329093928;0;0;1
3764;0;7;572;45.0;339;7;42947.49;34709575.0;41;7;15;16;755;61;48;18.38;72;3;2266.69;0;87;2;0.0;154.74061705242605;0;0;1
3765;0;5;572;45.0;625;7;42947.49;0.0;41;7;15;16;755;7;40;18.38;72;2;2266.69;0;88;2;0.0;350.70735556852514;0;0;1
3766;0;4;572;45.0;339;7;42947.49;34709575.0;41;7;15;16;755;7;128;18.38;14;3;2266.69;0;89;2;0.0;81.64721766561462;0;0;2
3767;0;1;572;45.0;339;7;42947.49;34709575.0;41;7;15;16;755;12;48;18.38;14;3;2266.69;0;90;2;0.0;81.2754037390547;0;0;2
3768;0;3;443;16.0;583;12;49023.60000000001;0.0;45;6;28;40;631;10;16;9.64;69;3;2521.52;0;76;2;0.0;353.19997650021986;0;0;1
3769;0;2;443;16.0;583;12;49023.60000000001;0.0;45;6;28;40;631;10;18;9.64;69;3;2521.52;0;77;2;0.0;43.633542951706325;0;0;1
3770;0;6;443;17.0;583;12;0.0;0.0;45;6;28;40;631;10;32;9.64;69;2;2521.52;0;78;2;0.0;0.0;0;0;1
3771;0;0;443;17.0;583;12;49023.60000000001;0.0;45;6;28;40;631;7;34;9.64;69;3;2521.52;0;79;2;0.0;319.8237487555454;0;0;1
3772;0;7;443;17.0;583;12;49023.60000000001;0.0;45;6;28;40;631;10;128;7.6400000000000015;69;3;2521.52;0;80;2;0.0;123.12023313876738;0;0;1
3773;0;5;443;17.0;583;12;49023.60000000001;0.0;45;6;28;40;631;8;28;9.64;69;3;2521.52;0;81;2;0.0;75.5804266790682;0;0;2
3774;0;4;443;17.0;583;12;49023.60000000001;0.0;45;1354;28;0;631;10;28;6.6400000000000015;69;3;2521.52;0;82;2;0.0;128.35638694054649;0;0;1
3775;0;1;443;17.0;583;12;49023.60000000001;0.0;45;6;28;40;631;10;28;9.64;69;3;2521.52;0;73;2;0.0;139.61046384275764;0;0;1
3776;0;3;336;37.0;46;5;60263.43000000001;52429525.0;2;5;20;36;845;34;76;17.71;7;0;1400.16;0;403;2;0.0;623.1239775296488;0;0;1
3777;0;2;147;37.0;46;5;60263.43000000001;52429525.0;2;5;20;36;845;40;66;10.71;7;0;1400.16;0;394;0;0.0;206.8716550278529;0;0;1
3778;0;6;147;37.0;46;5;60263.43000000001;52429525.0;2;5;20;36;845;40;68;17.71;25;0;1400.16;0;404;2;0.0;188.33711527043303;0;0;1
3779;0;0;147;37.0;46;5;60263.43000000001;52429525.0;2;5;3902;36;845;35;66;17.71;25;0;1400.16;0;404;2;0.0;137.71589208776018;0;0;1
3780;0;7;147;37.0;46;5;60263.43000000001;52429525.0;2;5;20;36;845;42;66;17.71;25;2;1400.16;0;24;0;0.0;101.13087037372792;0;0;1
3781;0;5;147;37.0;46;5;60263.43000000001;52429525.0;2;5;20;36;845;40;66;11.71;25;0;1400.16;0;27;0;0.0;127.61786511878668;0;0;1
3782;0;4;336;37.0;46;5;60263.43000000001;52429525.0;2;5;20;36;845;40;60;17.71;85;0;1400.16;0;28;2;0.0;0.0;0;0;1
3783;0;1;147;37.0;46;5;60263.43000000001;52429525.0;30;5;20;36;845;42;66;17.71;25;2;1400.16;0;29;2;0.0;127.9212185929034;0;0;1
3784;0;3;128;37.0;615;13;44036.97;38847475.0;37;3;11;62;348;12;82;7.77;1;1;992.83;0;254;1;0.0;58.841700227275645;0;0;2
3785;0;2;128;37.0;615;13;44036.97;38847475.0;37;3;11;62;348;12;102;7.77;1;1;992.83;0;263;1;0.0;117.42751396633231;0;0;2
3786;0;6;128;37.0;615;13;44036.97;38847475.0;37;3;11;26;348;12;82;0.7699999999999996;58;1;992.83;0;264;1;0.0;66.72761571517798;0;0;2
3787;0;0;336;37.0;615;13;44036.97;38847475.0;37;3;11;26;348;14;82;7.77;58;2;992.83;0;267;1;0.0;0.0;0;0;1
3788;0;7;128;37.0;615;13;44036.97;38847475.0;37;3;11;26;348;12;82;7.77;58;1;992.83;0;268;0;0.0;113.42589543340912;0;0;2
3789;0;5;128;37.0;615;13;44036.97;0.0;37;3;11;26;348;12;102;7.77;58;1;992.83;0;269;1;0.0;139.79675886097405;0;0;1
3790;0;4;128;37.0;615;13;44036.97;38847475.0;37;3;11;26;348;12;102;6.77;58;2;992.83;0;270;1;0.0;99.77777651185042;0;0;1
3791;0;1;128;37.0;615;13;44036.97;38847475.0;37;3;11;26;348;12;82;7.77;58;1;992.83;0;271;0;0.0;0.0;0;0;1
3792;0;3;83;18.0;410;8;12681.45;11917875.0;50;7;15;2;358;10;30;9.49;1;3;624.12;0;404;2;0.0;41.062140583701584;0;0;2
3793;0;2;83;18.0;410;2;12681.45;11917875.0;50;7;15;2;358;10;70;6.49;1;2;624.12;0;98;2;0.0;50.04505368609632;0;0;2
3794;0;6;83;18.0;410;8;12681.45;11917875.0;50;7;15;2;358;10;32;9.49;1;2;624.12;0;107;2;0.0;53.70879890500268;0;0;2
3795;0;0;83;18.0;410;2;12681.45;11917875.0;50;7;15;2;358;10;32;9.49;1;2;624.12;0;108;2;0.0;14.25278546007736;0;0;2
3796;0;7;83;18.0;410;2;12681.45;11917875.0;50;7;15;2;358;7;18;9.49;42;3;624.12;0;111;2;0.0;41.460565288635024;0;0;2
3797;0;5;83;19.0;410;2;12681.45;0.0;50;7;15;2;358;10;30;9.49;42;3;624.12;0;112;2;0.0;69.37651412617743;0;0;2
3798;0;4;83;3724.0;625;2;12681.45;11917875.0;50;7;15;2;358;10;30;16.490000000000002;42;3;624.12;0;113;2;0.0;157.00819543064958;0;0;1
3799;0;1;83;19.0;410;2;12681.45;11917875.0;50;7;15;2;358;10;30;9.49;42;3;624.12;0;114;2;0.0;49.97227605044439;0;0;1
3800;0;3;336;480.0;100;5;7822458.0;0.0;45;3;18;4;551;11;120;3.56;58;3;478.11;0;404;1;0.0;119.68523970545284;0;0;2
3801;0;2;368;30.0;100;5;16568.425;0.0;45;3;18;4;551;11;120;3.56;58;3;478.11;0;254;1;0.0;69.27296480422692;0;0;2
3802;0;6;368;30.0;100;8;16568.425;0.0;45;3;18;4;551;9;120;3.56;58;2;478.11;0;263;1;0.0;141.77051559874255;0;0;2
3803;0;0;368;30.0;100;5;16568.425;0.0;45;3;18;4;551;11;120;3.56;58;2;478.11;0;264;1;0.0;62.9997106174856;0;0;2
3804;0;7;368;30.0;100;5;16568.425;0.0;21;1434;18;4;551;11;128;3.56;58;3;478.11;0;267;1;0.0;39.76944499121935;0;0;2
3805;0;5;368;30.0;100;5;16568.425;0.0;45;3;18;4;551;11;120;3.56;85;3;478.11;0;268;1;0.0;88.28408355169731;0;0;2
3806;0;4;368;30.0;100;5;16568.425;0.0;45;3;18;4;551;11;120;3.56;64;3;478.11;0;269;1;0.0;23.761872503621017;0;0;2
3807;0;1;368;30.0;100;5;16568.425;0.0;45;1358;18;4;551;13;128;3.56;64;3;478.11;0;270;1;0.0;143.74308324281384;0;0;2
3808;0;3;457;29.0;137;8;14952.03;14450025.0;2;8;22;56;618;16;78;17.2;2;0;3566.21;0;278;2;0.0;127.7619453057892;0;0;1
3809;0;2;457;29.0;137;14;14952.03;0.0;2;8;22;56;618;16;78;23.2;2;0;3566.21;0;332;2;0.0;127.02212826050776;0;0;1
3810;0;6;457;29.0;137;14;14952.03;14450025.0;2;8;22;56;618;16;66;17.2;2;2;3566.21;0;333;2;0.0;121.46023166145956;0;0;1
3811;0;0;457;29.0;137;14;14952.03;14450025.0;2;8;22;56;618;16;76;12.2;2;0;3566.21;0;336;2;0.0;26.785881760427667;0;0;2
3812;0;7;457;30.0;137;14;14952.03;14450025.0;2;8;22;56;618;16;68;17.2;2;2;3566.21;0;337;2;0.0;52.74438419349502;0;0;2
3813;0;5;457;30.0;137;14;14952.03;14450025.0;2;8;22;56;618;11;78;17.2;2;2;3566.21;0;338;0;0.0;103.54903494711796;0;0;2
3814;0;4;457;30.0;137;14;14952.03;14450025.0;2;8;3352;56;618;16;62;17.2;2;0;3566.21;0;339;2;0.0;130.05280511730422;0;0;2
3815;0;1;457;30.0;137;14;14952.03;14450025.0;2;8;22;56;618;16;66;17.2;14;2;3566.21;0;340;2;0.0;193.4342029642736;0;0;2
3816;0;3;336;15.0;22;10;101500.92;865641.0;41;6;14;16;645;31;34;10.37;64;3;835.46;0;404;2;0.0;250.41815847631477;0;0;2
3817;0;2;473;15.0;22;10;101500.92;865641.0;41;6;14;16;645;26;34;10.37;64;2;835.46;0;88;2;0.0;632.1258774128403;0;0;2
3818;0;6;473;15.0;22;10;101500.92;0.0;41;6;14;16;645;27;34;10.37;64;3;835.46;0;89;2;0.0;286.7476811847265;0;0;2
3819;0;0;473;15.0;22;10;101500.92;0.0;41;6;14;16;645;27;20;3.3699999999999988;64;3;835.46;0;90;2;0.0;542.9864001848175;0;0;2
3820;0;7;473;15.0;22;10;101500.92;865641.0;41;6;14;16;645;27;128;10.37;69;3;835.46;0;91;2;0.0;258.62236604934867;0;0;1
3821;0;5;473;15.0;22;10;101500.92;0.0;41;6;14;16;645;27;34;10.37;69;3;835.46;0;92;2;0.0;182.381164230595;0;0;1
3822;0;4;473;15.0;22;10;101500.92;865641.0;41;6;14;16;645;27;30;10.37;69;3;835.46;0;93;2;0.0;71.54026285339134;0;0;1
3823;0;1;336;16.0;22;10;101500.92;865641.0;41;6;14;16;645;27;34;13.37;69;3;835.46;0;94;2;0.0;0.0;0;0;1
3824;0;3;536;-500.0;620;4;155726.76;1281723.0;37;3;8;2;358;7;46;7.33;42;2;1170.58;0;266;0;0.0;326.78622026786326;0;0;0
3825;0;2;536;44.0;620;4;0.0;1281723.0;37;3;8;2;358;7;46;7.33;72;1;1170.58;0;287;1;0.0;1101.0375466428084;0;0;0
3826;0;6;536;44.0;620;4;0.0;1281723.0;37;3;8;2;358;7;46;7.33;72;1;1170.58;0;288;1;0.0;1198.9852133977065;0;0;0
3827;0;0;536;44.0;620;4;0.0;1281723.0;37;3;8;2;358;7;8;7.33;85;1;1170.58;0;291;0;0.0;507.25757704113335;0;0;2
3828;0;7;536;44.0;625;8;155726.76;1281723.0;37;3;8;2;358;7;82;7.33;72;1;1170.58;0;292;1;0.0;921.2644954748936;0;0;2
3829;0;5;536;0.0;620;4;155726.76;1281723.0;37;705;8;0;358;7;46;7.33;72;2;1170.58;0;293;1;0.0;199.08737300493868;0;0;2
3830;0;4;536;44.0;620;4;155726.76;1281723.0;37;3;8;2;358;7;46;7.33;72;1;1170.58;0;404;1;0.0;509.0283016858305;0;0;1
3831;0;1;536;44.0;620;4;155726.76;1281723.0;37;3;8;2;358;7;8;7.33;72;1;1170.58;0;295;0;0.0;223.00597426884684;0;0;1
3832;0;3;516;46.0;342;5;36591.25;0.0;58;5;5;26;325;14;10;7.12;55;2;575.21;0;314;1;0.0;34.995224332415255;0;0;2
3833;0;2;516;46.0;342;5;36591.25;0.0;58;5;5;26;325;16;10;7.12;55;3;575.21;0;323;1;0.0;212.02532367815488;0;0;2
3834;0;6;516;46.0;342;5;36591.25;0.0;58;5;5;26;325;14;10;7.12;55;3;575.21;0;324;1;0.0;124.84897771233264;0;0;2
3835;0;0;516;46.0;342;8;36591.25;0.0;58;5;5;26;325;14;18;7.12;55;3;575.21;0;404;1;0.0;71.84043413524064;0;0;2
3836;0;7;516;46.0;342;5;36591.25;0.0;58;5;5;0;325;14;114;7.12;55;3;575.21;0;404;1;0.0;150.04238323173934;0;0;2
3837;0;5;516;46.0;342;5;36591.25;0.0;58;5;2771;26;325;14;10;7.12;64;3;575.21;0;327;1;0.0;277.2893580871248;0;0;2
3838;0;4;516;46.0;342;5;0.0;0.0;58;5;213;26;325;14;10;7.12;64;3;575.21;0;328;1;0.0;246.6401106103408;0;0;2
3839;0;1;516;47.0;342;5;36591.25;0.0;58;5;5;62;325;14;10;7.12;64;3;575.21;0;404;1;0.0;131.20191153534572;0;0;2
3840;0;3;555;50.0;96;8;47280.76;0.0;45;3;17;62;358;70;48;11.91;55;3;1134.41;0;240;2;0.0;84.3681024676056;0;0;2
3841;0;2;555;51.0;96;8;47280.76;0.0;45;3;17;2;358;9;40;11.91;55;3;1134.41;0;243;2;0.0;248.6766338381586;0;0;2
3842;0;6;555;51.0;625;8;47280.76;0.0;45;3;17;2;358;69;48;11.91;55;3;1134.41;0;244;2;0.0;148.62421456832118;0;0;2
3843;0;0;555;51.0;96;8;47280.76;0.0;45;3;17;2;358;9;48;12.91;55;3;1134.41;0;245;2;0.0;293.14053980304664;0;0;2
3844;0;7;555;51.0;96;8;0.0;0.0;45;3;17;62;358;9;128;11.91;55;3;1134.41;0;246;2;0.0;139.90580190898385;0;0;2
3845;0;5;555;51.0;96;8;47280.76;0.0;45;3;17;2;358;71;128;11.91;3;3;1134.41;0;404;2;0.0;214.27738902915465;0;0;2
3846;0;4;555;51.0;96;8;47280.76;0.0;45;3;17;2;358;9;48;11.91;55;2;1134.41;0;248;0;0.0;132.4908334331189;0;0;2
3847;0;1;555;51.0;96;8;47280.76;0.0;45;3;17;2;358;9;48;11.91;55;3;1134.41;0;249;2;0.0;97.9244166962024;0;0;2
3848;0;3;20;38.0;210;8;108161.7;9151475.0;45;6;1;16;862;22;128;6.16;42;1;633.47;0;213;1;0.0;920.284918595759;0;0;0
3849;0;2;20;38.0;210;3;0.0;0.0;45;6;1;16;862;25;18;6.16;58;1;633.47;0;214;1;0.0;423.4881664268521;0;0;0
3850;0;6;20;38.0;210;3;108161.7;9151475.0;45;6;1;16;862;25;18;6.16;58;2;633.47;0;205;1;0.0;0.0;0;0;0
3851;0;0;20;38.0;210;3;108161.7;0.0;45;6;1;16;862;22;18;6.16;58;1;633.47;0;206;0;0.0;246.12289932661;0;0;2
3852;0;7;20;38.0;210;3;108161.7;9151475.0;45;6;1;16;862;25;12;6.16;58;1;633.47;0;215;1;0.0;146.13928301096152;0;0;2
3853;0;5;20;38.0;210;3;108161.7;0.0;45;6;1;16;862;25;16;6.16;58;1;633.47;0;216;1;0.0;687.322951974487;0;0;2
3854;0;4;20;39.0;210;3;108161.7;9151475.0;45;6;1;16;862;25;28;6.16;58;1;633.47;0;219;1;0.0;1219.4949604582685;0;0;0
3855;0;1;20;0.0;210;3;108161.7;0.0;45;6;1;16;862;27;18;6.16;58;1;633.47;0;220;1;0.0;0.0;0;0;0
3856;0;3;336;39.0;341;4;19910.51;0.0;70;10;15;36;345;58;68;27.19;14;0;3957.01;0;353;2;0.0;103.26058730790484;0;0;1
3857;0;2;260;39.0;341;4;19910.51;0.0;70;10;15;36;345;58;62;21.19;14;0;3957.01;0;354;0;0.0;88.31357039810793;0;0;1
3858;0;6;260;39.0;341;4;19910.51;0.0;70;10;15;36;345;60;62;27.19;14;0;3957.01;0;355;2;0.0;40.53669787350979;0;0;1
3859;0;0;260;39.0;341;4;19910.51;0.0;70;10;15;36;345;58;62;27.19;14;0;3957.01;0;346;2;0.0;152.1992025519169;0;0;1
3860;0;7;336;39.0;341;4;19910.51;0.0;70;10;15;20;345;54;54;27.19;14;0;3957.01;0;347;2;0.0;0.0;0;0;1
3861;0;5;260;39.0;341;4;19910.51;0.0;70;10;15;36;345;58;68;28.19;29;0;3957.01;0;356;2;0.0;143.06716936123462;0;0;1
3862;0;4;260;39.0;341;4;19910.51;0.0;70;10;15;36;345;58;60;27.19;29;0;3957.01;0;357;2;0.0;70.69305891995127;0;0;2
3863;0;1;260;39.0;341;4;19910.51;0.0;70;10;15;36;345;60;62;0.0;29;0;3957.01;0;360;2;0.0;23.60906900530841;0;0;2
3864;0;3;235;30.0;485;5;41977.78;0.0;58;9;31;40;64;15;128;19.89;2;2;4586.12;0;20;2;0.0;88.70566488832254;0;0;2
3865;0;2;235;30.0;485;8;41977.78;0.0;58;9;31;40;64;13;76;16.89;7;0;4586.12;0;21;2;0.0;137.73750283306197;0;0;2
3866;0;6;235;30.0;625;5;41977.78;0.0;58;9;31;40;64;13;78;19.89;7;0;4586.12;0;22;2;0.0;308.3630246285993;0;0;2
3867;0;0;235;30.0;485;5;41977.78;0.0;58;9;31;40;64;10;66;19.89;7;0;4586.12;0;13;2;815780.0;139.89596901070732;0;0;2
3868;0;7;235;30.0;485;8;41977.78;0.0;58;9;31;40;64;13;54;13.89;7;2;4586.12;0;404;2;0.0;231.05269636251023;0;0;2
3869;0;5;235;31.0;485;5;0.0;0.0;58;9;31;40;64;13;66;19.89;7;0;4586.12;0;143;2;0.0;109.6991995084028;0;0;2
3870;0;4;336;31.0;485;8;41977.78;0.0;58;9;31;40;64;13;66;22.89;85;2;4586.12;0;144;2;0.0;121.92664360228524;0;0;2
3871;0;1;235;31.0;485;5;41977.78;0.0;58;9;31;40;64;13;66;19.89;7;2;4586.12;0;147;2;0.0;33.778501789277264;0;0;2
3872;0;3;237;24.0;264;10;0.0;0.0;63;3;6;16;207;12;16;7.48;1;3;289.73;0;128;2;0.0;50.78306652152824;0;0;2
3873;0;2;237;24.0;264;10;11731.585;0.0;63;3;6;16;207;8;126;7.48;42;2;289.73;0;129;2;0.0;0.0;0;0;2
3874;0;6;237;24.0;264;10;11731.585;0.0;63;3;6;16;207;10;10;6.48;42;3;289.73;0;130;2;0.0;12.397327680552172;0;0;2
3875;0;0;237;24.0;264;10;11731.585;0.0;63;3;6;16;207;12;10;7.48;42;2;289.73;0;121;2;0.0;111.0034287013204;0;0;2
3876;0;7;237;24.0;264;10;11731.585;0.0;63;3;6;16;207;15;128;7.48;42;2;289.73;0;122;2;0.0;44.91846714834536;0;0;2
3877;0;5;237;24.0;264;10;11731.585;0.0;63;3;6;16;207;8;10;7.48;42;2;289.73;0;131;2;0.0;15.755648230117774;0;0;2
3878;0;4;237;24.0;264;10;11731.585;0.0;63;3;6;16;207;11;114;0.0;42;3;289.73;0;132;2;0.0;0.0;0;0;2
3879;0;1;237;25.0;625;10;0.0;0.0;63;3;6;16;207;15;128;7.48;42;2;289.73;0;135;2;0.0;32.777846317329605;0;0;2
3880;0;3;326;37.0;127;11;88406.34;7113195.0;37;7;12;0;343;12;128;9.06;42;1;1273.15;0;300;1;0.0;775.5869892725749;0;0;2
3881;0;2;326;0.0;127;11;88406.34;7113195.0;37;7;12;26;343;12;6;9.06;42;1;1273.15;0;404;1;0.0;429.08047631387313;0;0;2
3882;0;6;326;37.0;127;11;88406.34;7113195.0;37;7;12;26;343;12;6;14.06;42;2;1273.15;0;304;1;0.0;90.48263251919502;0;0;2
3883;0;0;326;37.0;127;11;88406.34;7113195.0;37;7;12;26;343;12;2;9.06;42;1;1273.15;0;305;1;0.0;431.4623483155164;0;0;2
3884;0;7;326;37.0;127;11;88406.34;7113195.0;37;7;12;26;343;12;6;9.06;42;1;1273.15;0;306;1;0.0;152.35824466098782;0;0;2
3885;0;5;326;37.0;127;11;88406.34;0.0;37;7;12;26;343;7;82;9.06;55;1;1273.15;0;307;1;0.0;203.6568655880957;0;0;2
3886;0;4;326;37.0;127;11;88406.34;7113195.0;37;7;12;26;343;12;0;9.06;55;1;1273.15;0;308;1;0.0;612.7216661923833;0;0;2
3887;0;1;326;37.0;127;11;88406.34;7113195.0;37;7;2865;26;343;12;6;4.0600000000000005;55;1;1273.15;0;404;1;0.0;457.1300767357337;0;0;2
3888;0;3;339;29.0;520;2;36035.32;0.0;70;10;22;26;155;32;48;16.47;76;3;2138.6;0;359;2;0.0;0.0;0;0;1
3889;0;2;339;29.0;520;2;0.0;0.0;70;10;22;26;155;32;52;16.47;76;2;2138.6;0;368;2;0.0;143.7147622058134;0;0;1
3890;0;6;339;29.0;520;2;36035.32;0.0;70;10;22;26;155;35;34;16.47;76;3;2138.6;0;369;2;0.0;106.5251775497904;0;0;1
3891;0;0;339;29.0;520;2;0.0;0.0;70;10;22;26;155;32;48;16.47;76;3;2138.6;0;404;0;0.0;237.5984625775493;0;0;2
3892;0;7;339;-500.0;520;2;36035.32;0.0;70;10;22;62;155;32;48;19.47;76;3;2138.6;0;373;2;361840.0;32.51689867708813;0;0;2
3893;0;5;339;29.0;520;2;36035.32;0.0;70;10;22;26;155;32;52;16.47;76;2;2138.6;0;374;2;0.0;0.0;0;0;2
3894;0;4;339;29.0;520;2;0.0;0.0;70;10;22;26;155;26;48;16.47;76;3;2138.6;0;375;2;0.0;105.30444189865106;0;0;2
3895;0;1;339;30.0;520;2;36035.32;0.0;70;10;22;0;155;32;32;16.47;76;3;2138.6;0;376;0;0.0;0.0;0;0;2
3896;0;3;251;0.0;394;1;113383.13999999998;9321595.0;1;4;6;26;818;39;82;3.4;0;1;82.71;0;112;1;0.0;295.9261533024264;0;0;0
3897;0;2;251;25.0;394;1;113383.13999999998;9321595.0;1;4;6;26;818;0;82;3.4;0;1;82.71;0;113;1;0.0;1217.8968186898198;0;0;2
3898;0;6;251;25.0;394;1;113383.13999999998;9321595.0;1;4;6;26;818;39;82;10.4;0;1;82.71;0;114;1;0.0;309.626734096064;0;0;0
3899;0;0;251;25.0;394;1;0.0;9321595.0;1;4;6;26;818;39;82;3.4;0;1;82.71;0;115;1;0.0;87.34378683454331;0;0;0
3900;0;7;251;25.0;394;1;113383.13999999998;9321595.0;1;4;6;62;818;39;82;4.4;0;2;82.71;0;116;0;0.0;744.9691419328128;0;0;0
3901;0;5;251;25.0;394;1;113383.13999999998;9321595.0;1;4;6;26;818;39;82;3.4;0;1;82.71;0;117;0;0.0;313.4928279115572;0;0;0
3902;0;4;251;25.0;625;1;113383.13999999998;9321595.0;1;4;6;26;818;39;82;3.4;0;1;82.71;0;118;1;0.0;197.48305089097445;0;0;0
3903;0;1;251;25.0;394;1;113383.13999999998;9321595.0;1;4;6;26;818;39;8;3.4;0;1;82.71;0;109;1;0.0;830.02980875269;0;0;0
3904;0;3;336;44.0;63;14;51552.60000000001;0.0;50;4;18;18;260;8;18;18.86;69;2;1710.66;0;76;2;0.0;326.4845456887716;0;0;2
3905;0;2;491;44.0;63;14;51552.60000000001;441305.0;50;4;18;0;260;8;16;18.86;69;2;1710.66;0;77;2;0.0;85.39011783092646;0;0;2
3906;0;6;491;44.0;63;14;51552.60000000001;0.0;50;4;18;62;260;61;128;18.86;69;3;1710.66;0;78;2;0.0;170.86390689579034;0;0;2
3907;0;0;491;44.0;625;14;51552.60000000001;441305.0;50;4;18;18;260;8;18;14.86;69;3;1710.66;0;404;2;0.0;154.05330006369672;0;0;2
3908;0;7;491;0.0;63;14;51552.60000000001;0.0;50;4;18;18;260;8;18;13.86;69;2;1710.66;0;404;2;0.0;428.8158530125545;0;0;2
3909;0;5;491;45.0;63;14;51552.60000000001;441305.0;50;4;18;18;260;8;18;18.86;69;2;1710.66;0;404;2;0.0;102.75472820862636;0;0;2
3910;0;4;491;45.0;63;14;51552.60000000001;441305.0;50;4;18;18;260;8;18;18.86;69;3;1710.66;0;82;2;0.0;325.7453070279361;0;0;2
3911;0;1;491;45.0;63;14;0.0;441305.0;50;4;18;18;260;8;10;24.86;69;3;1710.66;0;73;2;0.0;248.2811171443477;0;0;2
3912;0;3;590;36.0;5;2;39579.6;32063.0;50;5;10;40;238;16;18;17.69;64;3;634.77;0;404;2;0.0;254.65442974211803;0;0;2
3913;0;2;590;36.0;5;2;39579.6;32063.0;50;5;10;40;238;16;128;17.69;64;2;634.77;0;103;2;0.0;54.87864407878264;0;0;2
3914;0;6;590;36.0;5;2;39579.6;32063.0;50;5;10;40;238;16;18;17.69;64;3;634.77;0;404;2;0.0;53.19315149254143;0;0;2
3915;0;0;590;36.0;5;2;39579.6;32063.0;50;5;10;40;238;16;16;17.69;64;2;634.77;0;105;2;0.0;117.77908094150396;0;0;1
3916;0;7;590;36.0;5;2;39579.6;32063.0;50;5;10;40;238;16;18;17.69;64;3;634.77;0;404;2;0.0;312.3994774527603;0;0;1
3917;0;5;590;36.0;5;2;39579.6;32063.0;50;5;10;40;238;16;16;17.69;64;3;0.0;0;97;2;0.0;90.5850324936421;0;0;1
3918;0;4;590;36.0;5;2;39579.6;0.0;50;249;10;40;238;16;18;17.69;64;3;634.77;0;98;2;0.0;293.90787553805;0;0;2
3919;0;1;590;36.0;5;2;39579.6;0.0;50;5;10;40;238;16;18;17.69;64;3;634.77;0;107;2;0.0;297.65895206460107;0;0;2
3920;0;3;242;27.0;130;14;41342.86;0.0;63;3;18;26;248;8;40;12.73;64;3;262.96;0;362;2;0.0;0.0;0;0;2
3921;0;2;242;-500.0;130;14;0.0;0.0;63;3;18;26;248;8;40;13.73;64;3;262.96;0;363;2;0.0;40.87038157359751;0;0;2
3922;0;6;242;27.0;130;14;41342.86;0.0;63;3;18;26;248;8;40;12.73;64;2;262.96;0;364;2;0.0;321.6595591266879;0;0;2
3923;0;0;242;27.0;130;14;41342.86;0.0;63;3;18;26;248;8;52;12.73;76;3;262.96;0;365;0;0.0;64.53253650189163;0;0;2
3924;0;7;242;27.0;130;14;41342.86;0.0;63;540;18;26;248;8;40;12.73;76;3;262.96;0;366;0;0.0;40.94245650644141;0;0;2
3925;0;5;242;28.0;130;14;41342.86;0.0;63;3;18;26;248;8;40;12.73;76;3;262.96;0;367;2;0.0;62.651097311043;0;0;2
3926;0;4;242;28.0;130;14;41342.86;0.0;63;3;18;26;248;8;48;12.73;76;3;262.96;0;358;2;0.0;321.46812764484343;0;0;2
3927;0;1;242;28.0;130;14;0.0;0.0;63;3;18;26;248;8;40;13.73;76;2;262.96;0;404;2;0.0;410.2534946863954;0;0;2
3928;0;3;328;44.0;301;8;120260.2;0.0;41;5;14;4;359;11;128;25.5;42;3;1436.96;0;162;2;0.0;640.3870883236368;0;0;2
3929;0;2;328;44.0;301;14;120260.2;0.0;41;5;14;4;359;11;32;18.5;42;2;1436.96;0;163;2;0.0;591.9035173037887;0;0;2
3930;0;6;328;45.0;301;14;0.0;0.0;41;5;14;4;359;11;24;15.5;42;3;1436.96;0;164;2;0.0;519.3224406693247;0;0;2
3931;0;0;328;0.0;301;14;120260.2;0.0;41;5;14;4;359;11;128;18.5;85;3;1436.96;0;165;2;0.0;333.5659731316722;0;0;2
3932;0;7;328;5610.0;301;14;120260.2;0.0;41;5;14;4;359;9;48;18.5;42;2;1436.96;0;166;2;327470.0;674.1490068458032;0;0;2
3933;0;5;328;0.0;301;14;120260.2;0.0;41;5;14;4;359;11;30;18.5;85;3;1436.96;0;157;2;0.0;913.4685491708212;0;0;2
3934;0;4;328;45.0;301;14;120260.2;0.0;41;5;14;4;359;11;32;18.5;42;3;1436.96;0;158;2;0.0;185.89311586729264;0;0;1
3935;0;1;328;45.0;301;14;120260.2;0.0;41;5;14;62;359;11;28;18.5;42;3;1436.96;0;167;2;0.0;239.16096328307407;0;0;1
3936;0;3;410;47.0;546;5;36346.13;0.0;63;6;11;18;169;19;52;10.54;58;1;1252.46;0;176;1;0.0;413.561457882854;0;0;0
3937;0;2;336;47.0;546;5;36346.13;0.0;63;6;11;18;169;24;34;10.54;58;1;1252.46;0;177;1;0.0;66.00496805879285;0;0;0
3938;0;6;410;47.0;546;5;0.0;0.0;63;6;11;18;169;24;128;10.54;58;2;1252.46;0;178;1;0.0;205.39643409354895;0;0;0
3939;0;0;410;47.0;546;5;36346.13;0.0;63;6;11;18;169;19;34;10.54;58;1;1252.46;0;169;1;0.0;73.25117575170806;0;0;0
3940;0;7;410;47.0;546;5;36346.13;0.0;63;6;11;62;169;24;34;10.54;58;1;1252.46;0;170;1;0.0;333.3693331262578;0;0;0
3941;0;5;410;48.0;546;8;36346.13;0.0;63;6;11;18;169;19;34;10.54;58;1;1252.46;0;179;1;0.0;256.42932232578806;0;0;0
3942;0;4;410;48.0;546;5;36346.13;0.0;63;6;11;18;169;22;34;10.54;58;2;1252.46;0;180;1;0.0;100.77116922426424;0;0;0
3943;0;1;410;48.0;546;5;36346.13;0.0;63;6;11;18;169;19;28;10.54;58;1;1252.46;0;183;0;0.0;110.50970251432872;0;0;2
3944;0;3;150;39.0;517;0;25399.68;0.0;41;4;9;18;727;30;18;14.99;76;3;1495.03;0;92;2;0.0;0.0;0;0;2
3945;0;2;150;39.0;517;0;25399.68;212464.0;41;4;9;18;727;22;128;14.99;76;3;1495.03;0;404;2;0.0;47.59771773797842;0;0;2
3946;0;6;150;39.0;517;0;25399.68;0.0;41;4;9;18;727;26;16;14.99;76;3;1495.03;0;94;2;0.0;0.0;0;0;2
3947;0;0;150;39.0;517;0;25399.68;212464.0;41;4;9;18;727;26;128;8.99;7;3;1495.03;0;85;2;0.0;84.4835886061604;0;0;1
3948;0;7;150;39.0;517;0;25399.68;212464.0;46;4;9;18;727;26;24;14.99;7;3;1495.03;0;86;2;0.0;0.0;0;0;1
3949;0;5;150;0.0;517;0;25399.68;212464.0;41;4;9;18;727;26;18;14.99;7;3;1495.03;0;95;2;0.0;147.15776459142953;0;0;2
3950;0;4;150;40.0;517;0;25399.68;212464.0;41;4;9;18;727;26;10;14.99;7;3;1495.03;0;96;2;0.0;68.47050491624466;0;0;1
3951;0;1;150;0.0;517;0;25399.68;212464.0;41;4;9;18;727;26;128;21.99;7;2;1495.03;0;404;2;0.0;47.783835013182745;0;0;2
3952;0;3;477;45.0;93;12;51307.1;0.0;63;6;10;16;264;20;28;2.95;0;3;878.19;0;404;2;278770.0;177.7822550826421;0;0;2
3953;0;2;477;45.0;93;12;51307.1;0.0;63;6;10;16;264;20;128;6.949999999999998;85;3;878.19;0;302;2;0.0;182.0013928272323;0;0;2
3954;0;6;477;45.0;93;12;51307.1;0.0;63;6;10;16;264;20;30;5.949999999999998;0;3;878.19;0;311;2;0.0;333.5140547456785;0;0;2
3955;0;0;477;0.0;93;12;51307.1;0.0;63;6;10;16;264;20;28;9.95;0;3;878.19;0;404;2;0.0;0.0;0;0;2
3956;0;7;336;0.0;93;12;51307.1;0.0;63;6;10;16;264;20;28;10.95;0;3;878.19;0;315;2;0.0;538.7200468384867;0;0;2
3957;0;5;477;0.0;93;12;51307.1;0.0;63;6;10;16;264;18;30;9.95;0;2;0.0;0;404;2;137010.0;68.22707875029978;0;0;2
3958;0;4;477;45.0;93;12;51307.1;0.0;63;732;10;16;264;19;28;9.95;0;3;878.19;0;317;2;0.0;0.0;0;0;2
3959;0;1;477;46.0;93;12;0.0;0.0;63;6;4195;16;264;20;24;9.95;64;3;878.19;0;318;0;494890.0;73.56000698847495;0;0;2
3960;0;3;287;35.0;288;8;18578.88;0.0;1;3;1;18;63;12;12;11.87;0;1;779.49;0;290;1;0.0;38.23192067808554;0;0;0
3961;0;2;287;35.0;288;0;18578.88;142624.0;1;3;1;18;63;12;12;11.87;64;1;779.49;0;299;1;0.0;72.11321582374545;0;0;0
3962;0;6;287;35.0;288;0;18578.88;142624.0;1;3;1;18;63;12;12;11.87;64;1;779.49;0;300;1;0.0;122.16527428092444;0;0;0
3963;0;0;287;35.0;288;0;18578.88;0.0;1;3;1;18;63;12;126;11.87;64;1;779.49;0;303;1;0.0;39.018936807920646;0;0;2
3964;0;7;287;35.0;288;0;18578.88;0.0;1;3;5069;18;63;12;12;11.87;64;1;779.49;0;304;1;0.0;34.17864233574695;0;0;0
3965;0;5;287;35.0;288;8;18578.88;0.0;1;3;1;18;63;12;126;11.87;64;1;779.49;0;305;1;0.0;178.03343210969345;0;0;0
3966;0;4;336;35.0;288;0;18578.88;0.0;1;3;1;18;63;12;12;11.87;64;1;779.49;0;306;1;0.0;44.23836243983301;0;0;2
3967;0;1;287;35.0;288;0;18578.88;0.0;1;3;1;0;63;12;16;11.87;64;1;779.49;0;307;0;0.0;76.61359044009538;0;0;2
3968;0;3;437;15.0;139;8;68332.08;561834.0;50;5;34;44;319;25;120;19.29;81;3;1462.7;0;96;2;0.0;59.9087353428524;0;0;1
3969;0;2;437;16.0;139;8;68332.08;561834.0;50;5;34;44;319;25;120;25.29;81;2;1462.7;0;99;2;0.0;75.73296278923316;0;0;1
3970;0;6;336;16.0;139;8;68332.08;561834.0;50;5;34;44;319;25;120;0.0;81;3;1462.7;0;100;0;0.0;70.47539496491224;0;0;1
3971;0;0;437;0.0;139;8;68332.08;561834.0;50;5;34;44;319;24;120;19.29;81;3;1462.7;0;101;2;0.0;342.76874005907;0;0;1
3972;0;7;437;16.0;139;8;68332.08;561834.0;50;5;34;44;319;25;120;19.29;81;3;1462.7;0;102;2;0.0;230.48449797642317;0;0;1
3973;0;5;437;16.0;139;8;68332.08;561834.0;50;5;34;44;319;27;120;19.29;81;3;1462.7;0;103;2;0.0;103.5929794773195;0;0;2
3974;0;4;437;16.0;139;8;68332.08;561834.0;50;5;34;44;319;25;120;19.29;81;2;1462.7;0;104;2;0.0;412.70537279719423;0;0;2
3975;0;1;437;4710.0;139;8;68332.08;0.0;50;5;34;44;319;27;120;19.29;81;3;1462.7;0;105;2;0.0;462.5289961103393;0;0;2
3976;0;3;130;32.0;81;6;12303.09;12432575.0;50;3;9;18;638;21;128;17.06;58;2;1328.11;0;123;0;0.0;51.772392910767095;0;0;2
3977;0;2;130;32.0;81;6;12303.09;12432575.0;50;3;9;18;638;21;28;17.06;58;3;1328.11;0;124;2;0.0;55.81181201753081;0;0;2
3978;0;6;130;32.0;81;6;12303.09;12432575.0;50;3;9;18;638;21;30;17.06;58;3;1328.11;0;125;2;0.0;66.03047897841212;0;0;2
3979;0;0;130;32.0;81;6;12303.09;12432575.0;50;3;9;18;638;20;30;24.06;58;2;1328.11;0;126;2;0.0;64.8147756719646;0;0;2
3980;0;7;130;32.0;81;6;12303.09;12432575.0;50;3;9;18;638;21;30;17.06;64;3;1328.11;0;127;2;0.0;150.1267791058964;0;0;2
3981;0;5;130;32.0;81;6;12303.09;12432575.0;50;3;9;18;638;21;30;17.06;64;3;1328.11;0;128;2;0.0;0.0;0;0;2
3982;0;4;130;32.0;81;6;12303.09;12432575.0;50;3;9;18;638;21;32;17.06;64;3;1328.11;0;129;2;0.0;44.43101079963867;0;0;2
3983;0;1;130;32.0;81;6;12303.09;12432575.0;50;3;9;18;638;21;30;17.06;64;3;1328.11;0;130;0;0.0;84.04253415199075;0;0;2
3984;0;3;196;25.0;386;2;35118.1;0.0;45;7;6;18;346;29;18;12.7;69;3;407.74;0;312;2;0.0;100.66661581529722;0;0;2
3985;0;2;196;25.0;386;2;35118.1;0.0;45;7;6;18;346;25;16;12.7;85;3;407.74;0;315;2;0.0;39.12293685421089;0;0;2
3986;0;6;196;25.0;386;2;35118.1;0.0;45;7;6;18;346;25;128;9.7;69;3;407.74;0;316;2;0.0;169.65952990199062;0;0;2
3987;0;0;196;25.0;386;2;35118.1;0.0;45;7;6;18;346;25;18;12.7;69;3;407.74;0;404;2;0.0;198.8944098297477;0;0;2
3988;0;7;196;25.0;625;2;35118.1;0.0;45;7;6;18;346;25;24;12.7;76;3;407.74;0;318;2;0.0;206.9403922538372;0;0;2
3989;0;5;196;26.0;386;2;35118.1;0.0;45;7;6;18;346;25;18;12.7;76;3;407.74;0;404;2;0.0;148.10832794244718;0;0;2
3990;0;4;196;26.0;386;2;0.0;0.0;45;7;6;18;346;30;18;12.7;76;2;407.74;0;320;2;0.0;168.9440491086259;0;0;2
3991;0;1;196;26.0;386;2;35118.1;0.0;45;7;6;18;346;31;18;12.7;76;2;407.74;0;321;2;0.0;118.5631996076486;0;0;2
3992;0;3;355;40.0;570;9;64057.72;0.0;37;5;8;4;359;50;8;0.0;0;1;795.69;0;114;1;0.0;271.9205004319723;0;0;0
3993;0;2;355;40.0;570;9;64057.72;0.0;37;5;8;4;359;50;108;17.91;55;1;795.69;0;404;1;0.0;77.46339659358743;0;0;0
3994;0;6;355;41.0;570;8;64057.72;0.0;37;5;8;4;359;71;82;11.91;55;1;795.69;0;116;1;387090.0;122.33729088807983;0;0;0
3995;0;0;355;41.0;570;9;64057.72;0.0;37;5;8;4;359;50;6;11.91;55;1;795.69;0;117;0;0.0;337.9506848842443;0;0;0
3996;0;7;355;41.0;570;9;64057.72;0.0;37;5;8;4;359;50;82;4.91;55;2;795.69;0;118;1;0.0;479.28483982232245;0;0;0
3997;0;5;355;41.0;570;9;64057.72;0.0;37;5;8;4;359;50;82;11.91;33;1;795.69;0;404;1;0.0;371.6036550878712;0;0;0
3998;0;4;355;41.0;570;9;64057.72;0.0;37;1208;8;4;359;69;86;11.91;55;1;795.69;0;110;0;0.0;418.1429880105653;0;0;0
3999;0;1;355;41.0;570;9;64057.72;0.0;37;5;8;4;359;69;46;11.91;55;1;795.69;0;404;1;0.0;245.14072166300025;0;0;0
4000;0;3;336;32.0;129;7;44390.76;358623.0;41;6;12;40;52;19;18;11.01;69;3;24.73;0;111;0;142830.0;268.36788187998457;0;0;2
4001;0;2;558;0.0;129;7;44390.76;0.0;41;6;12;62;52;19;10;12.01;69;3;24.73;0;112;2;0.0;66.12549999611613;0;0;2
4002;0;6;558;32.0;129;7;44390.76;358623.0;41;6;12;40;52;14;28;15.01;69;3;24.73;0;113;2;0.0;228.6370890056565;0;0;2
4003;0;0;558;32.0;129;7;44390.76;358623.0;41;6;12;40;52;22;10;15.01;69;3;24.73;0;114;2;0.0;120.77284005988552;0;0;0
4004;0;7;558;32.0;129;7;44390.76;358623.0;41;6;12;40;52;19;28;15.01;69;3;24.73;0;115;2;0.0;120.0283006818473;0;0;0
4005;0;5;558;-500.0;129;7;44390.76;358623.0;41;6;12;54;52;19;10;15.01;69;3;24.73;0;116;2;0.0;468.8459019367354;0;0;0
4006;0;4;558;33.0;129;8;44390.76;358623.0;41;6;12;40;52;19;18;15.01;72;3;24.73;0;117;2;0.0;45.73995043392755;0;0;0
4007;0;1;558;33.0;129;7;44390.76;358623.0;41;6;12;40;52;19;18;15.01;72;2;24.73;0;118;2;0.0;89.13661391787048;0;0;0
4008;0;3;426;18.0;613;1;37807.28;0.0;1;2;4;16;756;50;112;2.05;1;2;108.85;0;156;1;0.0;34.044516919641126;0;0;0
4009;0;2;426;19.0;613;1;37807.28;0.0;1;2;4;16;756;50;112;4.05;24;1;108.85;0;404;1;0.0;161.22650336111383;0;0;0
4010;0;6;426;19.0;613;1;37807.28;0.0;1;2;4;16;756;50;82;9.05;1;1;108.85;0;160;1;0.0;92.45951270404905;0;0;2
4011;0;0;426;19.0;613;1;0.0;0.0;1;2;4;16;756;50;112;2.05;85;1;108.85;0;161;1;0.0;255.2573195488146;0;0;0
4012;0;7;426;19.0;613;1;37807.28;0.0;1;2;4;62;756;50;112;2.05;1;1;108.85;0;162;1;0.0;164.5730213160026;0;0;0
4013;0;5;426;19.0;613;1;37807.28;0.0;1;2;4;62;756;50;112;2.05;1;2;108.85;0;163;1;0.0;50.54305060447864;0;0;2
4014;0;4;426;19.0;613;1;37807.28;0.0;1;2;4;16;756;50;128;8.05;41;1;108.85;0;164;1;31330.0;222.05346267709;0;0;2
4015;0;1;426;0.0;613;1;0.0;0.0;1;2;4;16;756;50;114;2.05;55;1;108.85;0;165;1;0.0;143.80538383492149;0;0;2
4016;0;3;595;19.0;625;9;59154.04;0.0;37;5;8;4;551;21;18;11.4;0;1;1346.13;0;178;1;0.0;496.5715485393266;0;0;1
4017;0;2;595;19.0;625;9;59154.04;0.0;37;5;8;4;551;18;114;11.4;0;2;1346.13;0;169;0;0.0;0.0;0;0;1
4018;0;6;595;19.0;440;9;59154.04;0.0;37;5;8;4;551;21;10;11.4;0;1;1346.13;0;170;1;0.0;0.0;0;0;1
4019;0;0;595;19.0;440;9;59154.04;0.0;37;5;8;4;551;21;10;11.4;0;1;1346.13;0;179;1;0.0;106.9080028930987;0;0;2
4020;0;7;336;20.0;440;9;59154.04;0.0;37;5;8;4;551;21;10;11.4;0;2;1346.13;0;180;1;0.0;624.6536862628475;0;0;2
4021;0;5;595;20.0;440;9;59154.04;0.0;37;5;8;4;551;21;10;11.4;0;2;1346.13;0;183;1;0.0;0.0;0;0;2
4022;0;4;595;20.0;440;9;59154.04;0.0;37;5;8;4;551;21;128;11.4;58;1;1346.13;0;184;1;0.0;226.8007068130219;0;0;2
4023;0;1;595;20.0;440;9;0.0;0.0;37;5;8;4;551;21;128;11.4;58;1;1346.13;0;185;1;103060.0;173.2666752942369;0;0;2
4024;0;3;336;28.0;159;11;41155.22;0.0;70;10;17;40;634;34;34;24.4;69;2;3581.79;0;345;2;0.0;22.547062683045745;0;0;1
4025;0;2;44;28.0;159;11;41155.22;0.0;70;10;17;40;634;29;48;25.4;69;2;3581.79;0;348;2;254250.0;51.29699563277151;0;0;1
4026;0;6;336;28.0;159;8;41155.22;0.0;70;10;17;40;634;29;34;24.4;72;0;3581.79;0;349;2;0.0;190.14659665077124;0;0;1
4027;0;0;44;28.0;159;11;41155.22;0.0;70;10;17;40;634;29;40;21.4;72;0;3581.79;0;350;2;0.0;0.0;0;0;2
4028;0;7;44;28.0;159;11;41155.22;0.0;70;10;17;40;634;26;34;24.4;72;0;3581.79;0;351;2;0.0;58.29326467805448;0;0;2
4029;0;5;44;28.0;159;11;41155.22;0.0;70;10;17;40;634;29;34;24.4;72;0;3581.79;0;352;2;0.0;0.0;0;0;2
4030;0;4;44;28.0;159;11;41155.22;0.0;70;10;17;40;634;29;32;24.4;72;0;3581.79;0;353;2;0.0;224.93002753616415;0;0;1
4031;0;1;44;28.0;159;11;41155.22;0.0;70;10;17;40;634;29;40;24.4;72;0;3581.79;0;354;2;0.0;255.27935221961903;0;0;1
4032;0;3;531;26.0;52;13;15610.61;0.0;50;10;28;56;74;35;128;4.5;7;2;2072.63;0;74;2;0.0;0.0;0;0;1
4033;0;2;531;26.0;52;13;15610.61;0.0;50;10;28;56;74;36;68;1.5;7;0;2072.63;0;83;2;0.0;86.71652915593597;0;0;1
4034;0;6;336;26.0;52;13;15610.61;0.0;50;10;28;56;74;36;52;0.5;7;0;2072.63;0;84;0;0.0;0.0;0;0;1
4035;0;0;531;26.0;52;13;0.0;0.0;50;10;28;56;74;36;84;1.5;7;0;2072.63;0;87;2;0.0;0.0;0;0;2
4036;0;7;531;26.0;52;13;15610.61;0.0;50;10;28;56;74;36;62;1.5;7;2;2072.63;0;88;0;0.0;47.15724897242455;0;0;1
4037;0;5;531;26.0;52;13;15610.61;0.0;50;10;28;56;74;40;62;1.5;20;0;2072.63;0;89;2;0.0;106.83945867894076;0;0;1
4038;0;4;531;27.0;52;13;15610.61;0.0;50;10;28;56;74;36;62;1.5;20;0;2072.63;0;90;2;0.0;138.07999290182292;0;0;1
4039;0;1;531;27.0;625;13;15610.61;0.0;50;10;28;56;74;36;62;1.5;20;0;2072.63;0;91;0;0.0;14.150309690696096;0;0;1
4040;0;3;240;0.0;486;14;35670.66;0.0;0;6;6;2;358;7;114;3.16;55;1;1324.42;0;261;1;0.0;96.12329098472271;0;0;1
4041;0;2;240;48.0;486;14;35670.66;0.0;0;6;6;2;358;7;46;3.16;55;1;1324.42;0;262;1;0.0;139.22205826961527;0;0;1
4042;0;6;240;48.0;486;14;0.0;0.0;0;6;6;2;358;7;102;3.16;55;1;1324.42;0;253;1;0.0;205.4128216070856;0;0;1
4043;0;0;240;48.0;486;14;35670.66;0.0;1;7;6;2;358;7;102;3.16;55;1;1324.42;0;254;1;0.0;87.77472680375236;0;0;1
4044;0;7;240;48.0;486;14;35670.66;0.0;1;7;6;2;358;7;102;4.16;76;1;1324.42;0;263;1;0.0;157.65678363080613;0;0;2
4045;0;5;336;48.0;486;14;35670.66;0.0;1;7;6;2;358;7;82;3.16;76;1;1324.42;0;264;1;0.0;126.6236880349099;0;0;1
4046;0;4;240;48.0;486;14;35670.66;0.0;1;7;6;2;358;7;102;4.16;76;1;1324.42;0;267;1;0.0;178.06380636919053;0;0;1
4047;0;1;240;48.0;486;14;35670.66;0.0;1;7;6;2;358;70;114;3.16;76;2;1324.42;0;404;1;0.0;124.47017365778628;0;0;1
4048;0;3;113;28.0;555;3;28128.16;0.0;58;7;24;16;866;27;76;3.45;69;0;2518.51;0;84;2;0.0;0.0;0;0;1
4049;0;2;113;28.0;555;3;28128.16;0.0;58;7;24;16;866;27;66;9.45;69;0;2518.51;0;87;2;0.0;133.8690371162314;0;0;2
4050;0;6;113;28.0;555;3;28128.16;0.0;58;7;24;16;866;27;60;1.4500000000000002;69;0;2518.51;0;88;2;0.0;187.28230516073623;0;0;1
4051;0;0;113;28.0;555;3;0.0;0.0;58;7;24;16;866;22;66;3.45;69;0;2518.51;0;89;0;0.0;52.641553840265225;0;0;1
4052;0;7;113;0.0;555;3;28128.16;0.0;58;7;24;16;866;27;66;3.45;69;0;0.0;0;90;2;0.0;87.82790291708064;0;0;1
4053;0;5;113;28.0;555;3;28128.16;0.0;58;7;24;16;866;27;78;3.45;69;0;2518.51;0;91;0;0.0;142.9696050723125;0;0;1
4054;0;4;113;28.0;555;3;28128.16;0.0;58;7;24;16;866;27;66;3.45;69;2;2518.51;0;92;2;0.0;87.6882796612541;0;0;1
4055;0;1;113;28.0;555;3;28128.16;0.0;58;7;24;16;866;31;66;0.0;75;0;2518.51;0;93;2;0.0;32.075260558029186;0;0;1
4056;0;3;14;41.0;532;14;48144.78;3994065.0;58;6;28;40;716;23;128;4.59;72;0;3150.66;0;359;2;0.0;148.26003885982976;0;0;1
4057;0;2;14;41.0;532;14;48144.78;3994065.0;58;6;28;40;716;23;54;4.59;72;0;3150.66;0;368;0;0.0;93.47189397525248;0;0;1
4058;0;6;14;41.0;532;14;48144.78;3994065.0;54;1389;28;40;716;23;54;4.59;72;0;3150.66;0;369;2;0.0;153.4078040697331;0;0;1
4059;0;0;14;0.0;532;14;48144.78;3994065.0;58;6;28;40;716;23;54;4.59;72;2;3150.66;0;372;0;0.0;0.0;0;0;1
4060;0;7;14;0.0;532;14;48144.78;0.0;58;6;28;40;716;23;52;4.59;72;0;3150.66;0;373;2;0.0;98.95078352453788;0;0;1
4061;0;5;14;41.0;532;14;48144.78;3994065.0;58;6;28;40;716;23;48;4.59;72;0;3150.66;0;374;2;0.0;38.669170195064005;0;0;2
4062;0;4;14;41.0;532;14;48144.78;0.0;58;6;28;40;716;27;48;4.59;72;0;3150.66;0;375;2;0.0;0.0;0;0;2
4063;0;1;14;4351.0;532;14;48144.78;3994065.0;58;6;28;40;716;20;48;4.59;72;0;3150.66;0;376;2;0.0;0.0;0;0;1
4064;0;3;336;43.0;16;14;32178.74;0.0;2;6;21;62;75;42;120;14.15;76;3;2165.47;0;37;0;0.0;55.61430200055583;0;0;2
4065;0;2;159;43.0;16;14;32178.74;0.0;2;6;21;40;75;40;120;14.15;76;3;2165.47;0;38;2;0.0;193.57132930078373;0;0;2
4066;0;6;159;43.0;16;14;32178.74;0.0;2;6;21;40;75;42;108;14.15;81;2;2165.47;0;47;2;0.0;197.2272575437009;0;0;1
4067;0;0;159;43.0;16;8;32178.74;0.0;2;6;21;62;75;44;120;14.15;81;3;2165.47;0;48;2;0.0;154.40047546659474;0;0;1
4068;0;7;159;0.0;16;14;32178.74;0.0;2;6;21;40;75;42;120;14.15;81;3;2165.47;0;51;2;0.0;0.0;0;0;1
4069;0;5;336;43.0;16;14;0.0;0.0;2;6;21;40;75;42;120;14.15;81;2;2165.47;0;52;2;0.0;173.81014016053643;0;0;1
4070;0;4;159;43.0;16;8;32178.74;0.0;2;6;21;40;75;42;120;14.15;81;2;2165.47;0;53;2;0.0;164.87799244043342;0;0;2
4071;0;1;159;43.0;16;14;32178.74;0.0;2;6;21;40;75;42;126;14.15;81;3;2165.47;0;54;2;0.0;162.86786606576592;0;0;2
4072;0;3;137;23.0;144;14;17445.15;12847625.0;58;9;26;62;199;38;10;13.76;7;3;2362.17;0;110;2;0.0;52.18439385123384;0;0;1
4073;0;2;137;23.0;144;14;17445.15;12847625.0;58;9;26;18;199;38;10;13.76;7;2;2362.17;0;119;2;0.0;52.21254353872752;0;0;1
4074;0;6;137;23.0;144;8;17445.15;12847625.0;58;9;26;18;199;38;10;13.76;7;3;2362.17;0;120;2;0.0;137.21746495961543;0;0;1
4075;0;0;137;24.0;144;14;17445.15;12847625.0;58;9;26;18;199;38;10;13.76;7;3;2362.17;0;123;2;0.0;84.3115641249935;0;0;1
4076;0;7;137;24.0;144;14;17445.15;0.0;58;1480;26;18;199;38;126;13.76;14;2;2362.17;0;124;2;0.0;124.99870481253092;0;0;1
4077;0;5;137;24.0;144;14;17445.15;0.0;58;9;26;18;199;38;16;13.76;14;3;2362.17;0;125;2;0.0;55.56944497722302;0;0;2
4078;0;4;137;24.0;144;14;17445.15;0.0;58;1325;26;18;199;38;10;13.76;14;3;2362.17;0;126;2;0.0;37.7270959816098;0;0;1
4079;0;1;137;24.0;144;14;17445.15;0.0;58;9;26;18;199;44;128;19.76;14;3;2362.17;0;127;2;0.0;33.45101361334869;0;0;1
4080;0;3;336;34.0;508;10;20522.13;14621775.0;41;5;5;18;754;24;34;16.19;72;3;233.67;0;126;2;0.0;0.0;0;0;2
4081;0;2;336;34.0;625;8;20522.13;0.0;41;5;5;18;754;24;28;16.19;72;3;233.67;0;127;2;0.0;117.579787050322;0;0;2
4082;0;6;336;34.0;508;10;20522.13;0.0;41;5;5;18;754;20;28;16.19;72;3;233.67;0;128;2;0.0;89.60467541386947;0;0;2
4083;0;0;336;34.0;508;10;20522.13;14621775.0;41;5;5;18;754;24;28;16.19;72;3;233.67;0;129;2;0.0;121.32005253455696;0;0;2
4084;0;7;336;34.0;508;8;20522.13;0.0;41;5;5;18;754;26;28;16.19;14;2;233.67;0;404;2;0.0;74.05539521924004;0;0;2
4085;0;5;336;34.0;508;10;20522.13;14621775.0;41;5;5;18;754;24;28;16.19;14;3;233.67;0;121;0;0.0;123.0068343708274;0;0;2
4086;0;4;336;34.0;508;10;20522.13;0.0;41;5;5;18;754;24;28;16.19;14;3;233.67;0;122;2;0.0;123.6023677808918;0;0;2
4087;0;1;336;34.0;508;10;20522.13;14621775.0;41;5;5;18;754;24;128;9.19;14;3;233.67;0;131;2;0.0;160.14858012649626;0;0;2
4088;0;3;258;15.0;110;8;61654.84;0.0;45;7;9;26;605;27;16;13.87;58;3;741.7;0;57;2;0.0;214.29183567411576;0;0;2
4089;0;2;258;15.0;110;5;61654.84;0.0;45;7;9;26;605;29;24;13.87;58;3;741.7;0;58;2;0.0;46.09863103560679;0;0;2
4090;0;6;258;15.0;625;8;61654.84;0.0;45;7;9;26;605;23;16;13.87;58;3;741.7;0;49;2;0.0;112.58086342759272;0;0;2
4091;0;0;258;15.0;110;5;0.0;0.0;45;7;9;26;605;29;16;9.87;58;3;741.7;0;50;2;0.0;234.88674105643463;0;0;2
4092;0;7;258;16.0;110;5;61654.84;0.0;45;7;9;26;605;29;16;13.87;44;3;741.7;0;59;2;0.0;420.0475730869851;0;0;1
4093;0;5;258;16.0;110;5;61654.84;0.0;45;7;9;26;605;29;16;13.87;58;3;741.7;0;404;2;0.0;118.49825739717112;0;0;2
4094;0;4;258;0.0;110;5;61654.84;0.0;45;7;9;26;605;29;16;20.87;64;3;741.7;0;63;2;0.0;106.8283877586944;0;0;2
4095;0;1;258;16.0;110;5;61654.84;0.0;45;7;9;26;605;29;16;13.87;64;3;741.7;0;64;2;0.0;196.96727247007328;0;0;2
4096;0;3;336;51.0;82;8;20703.48;182929.0;39;6;2;4;208;50;126;8.57;58;1;965.09;0;254;1;0.0;143.12724747453962;0;0;0
4097;0;2;399;51.0;82;8;20703.48;182929.0;39;6;2;4;208;70;114;8.57;58;1;965.09;0;263;1;0.0;128.1647651232779;0;0;0
4098;0;6;399;52.0;82;8;20703.48;182929.0;39;6;2;4;208;70;114;8.57;58;1;965.09;0;264;0;0.0;202.9705576489304;0;0;0
4099;0;0;399;52.0;82;8;20703.48;0.0;39;6;2;4;208;70;114;8.57;58;2;965.09;0;267;1;0.0;111.5979262846342;0;0;2
4100;0;7;399;52.0;82;8;20703.48;182929.0;39;6;2;4;208;70;128;12.57;58;2;965.09;0;268;1;0.0;25.2595476265705;0;0;0
4101;0;5;399;52.0;625;8;20703.48;182929.0;39;6;2;4;208;70;114;8.57;58;2;965.09;0;404;1;0.0;117.41208521230894;0;0;0
4102;0;4;399;0.0;82;8;20703.48;182929.0;39;6;3200;4;208;70;114;8.57;58;1;965.09;0;270;1;0.0;25.32169151207066;0;0;0
4103;0;1;399;52.0;82;8;20703.48;182929.0;39;6;2;4;208;70;114;8.57;72;1;965.09;0;404;1;451170.0;130.1004304250732;0;0;0
4104;0;3;336;28.0;251;3;8022.255;76252125.0;70;10;23;40;184;58;32;5.67;69;2;3274.12;0;379;2;0.0;50.57496246330781;0;0;1
4105;0;2;336;28.0;251;3;8022.255;0.0;70;10;23;40;184;58;30;5.67;69;0;3274.12;0;370;2;0.0;0.0;0;0;1
4106;0;6;336;28.0;251;3;8022.255;76252125.0;70;10;23;40;184;58;30;3.67;69;0;3274.12;0;371;2;0.0;15.634024704419444;0;0;1
4107;0;0;336;28.0;251;3;8022.255;76252125.0;70;10;23;40;184;63;128;5.67;69;0;3274.12;0;380;2;0.0;42.81643211069164;0;0;1
4108;0;7;336;28.0;251;3;8022.255;76252125.0;70;10;23;40;184;53;30;2.67;72;2;3274.12;0;381;2;0.0;16.203840672346455;0;0;1
4109;0;5;336;28.0;251;8;8022.255;76252125.0;70;353;23;40;184;55;34;2.67;72;0;3274.12;0;384;2;0.0;75.1953199402509;0;0;1
4110;0;4;336;28.0;251;3;8022.255;0.0;70;10;23;40;184;58;128;5.67;72;0;3274.12;0;385;2;0.0;39.54294457015617;0;0;1
4111;0;1;336;28.0;251;3;8022.255;76252125.0;70;10;23;40;184;58;30;5.67;72;0;3274.12;0;386;2;0.0;75.12230988223313;0;0;1
4112;0;3;231;43.0;278;3;36717.63;28728025.0;41;3;19;26;193;26;12;7.05;55;3;1456.01;0;303;2;0.0;193.6140014788591;0;0;2
4113;0;2;231;43.0;278;3;36717.63;28728025.0;41;3;19;26;193;26;16;7.05;55;3;1456.01;0;304;2;0.0;218.85071412204013;0;0;2
4114;0;6;231;43.0;278;3;36717.63;28728025.0;41;3;19;26;193;26;16;7.05;55;3;1456.01;0;305;2;0.0;104.3196144494728;0;0;2
4115;0;0;231;43.0;625;3;36717.63;28728025.0;42;223;19;26;193;29;126;1.0499999999999998;55;3;1456.01;0;306;2;0.0;0.0;0;0;2
4116;0;7;231;44.0;278;3;36717.63;28728025.0;45;4;19;26;193;26;18;7.05;55;3;1456.01;0;307;2;0.0;119.79251891868329;0;0;2
4117;0;5;231;44.0;278;3;36717.63;28728025.0;45;4;19;26;193;26;16;7.05;55;2;1456.01;0;308;2;0.0;215.14968550049497;0;0;2
4118;0;4;231;44.0;278;3;36717.63;28728025.0;45;4;19;26;193;26;16;7.05;55;3;1456.01;0;309;2;0.0;116.20900189465624;0;0;2
4119;0;1;231;44.0;278;3;36717.63;28728025.0;45;4;19;0;193;26;16;7.05;55;3;1456.01;0;310;2;0.0;35.47265329337113;0;0;2
4120;0;3;173;21.0;180;10;35469.07;0.0;41;5;6;2;358;50;108;1.63;58;1;545.48;0;116;1;0.0;168.400840058507;0;0;2
4121;0;2;173;21.0;180;8;35469.07;0.0;41;5;6;2;358;50;128;1.63;58;1;545.48;0;117;1;0.0;163.35643130770384;0;0;1
4122;0;6;173;21.0;180;10;0.0;0.0;41;5;6;2;358;50;108;5.63;58;1;545.48;0;118;1;0.0;77.70782506657591;0;0;1
4123;0;0;173;21.0;180;10;35469.07;0.0;41;5;6;2;358;5;112;1.63;58;2;545.48;0;109;0;0.0;149.46375079347175;0;0;1
4124;0;7;173;21.0;180;10;35469.07;0.0;41;5;6;2;358;39;120;1.63;10;1;545.48;0;110;1;0.0;92.41604508477512;0;0;1
4125;0;5;173;22.0;180;10;35469.07;0.0;41;5;6;2;358;50;108;1.63;58;1;545.48;0;119;1;0.0;234.5336327925192;0;0;1
4126;0;4;173;22.0;180;10;35469.07;0.0;41;5;6;2;358;50;120;1.63;58;1;545.48;0;404;1;0.0;261.8947717123587;0;0;2
4127;0;1;173;5784.0;180;10;35469.07;0.0;41;5;6;2;358;50;120;-2.37;58;1;545.48;0;404;1;0.0;61.7351205264027;0;0;2
4128;0;3;336;41.0;591;8;19519.57;0.0;50;6;19;16;464;32;30;9.92;72;0;2225.18;0;124;2;0.0;191.54864699863415;0;0;1
4129;0;2;257;41.0;591;10;0.0;0.0;50;6;19;16;464;32;24;9.92;72;0;2225.18;0;125;2;0.0;144.61637340822688;0;0;2
4130;0;6;257;41.0;591;10;19519.57;0.0;50;6;19;16;464;32;30;9.92;72;0;2225.18;0;126;2;0.0;106.17453473826076;0;0;1
4131;0;0;257;41.0;591;10;19519.57;0.0;50;6;19;16;464;32;24;9.92;72;0;2225.18;0;127;2;0.0;69.72303006717529;0;0;2
4132;0;7;257;41.0;591;10;19519.57;0.0;50;6;19;16;464;27;30;9.92;7;0;2225.18;0;128;2;0.0;80.20780913192057;0;0;2
4133;0;5;257;41.0;591;10;19519.57;0.0;50;6;19;16;464;37;30;9.92;83;0;2225.18;0;129;2;0.0;26.36425190742829;0;0;2
4134;0;4;257;41.0;625;10;19519.57;0.0;50;6;19;16;464;32;128;9.92;7;0;2225.18;0;130;0;0.0;61.135960379621885;0;0;2
4135;0;1;336;0.0;591;8;19519.57;0.0;50;6;19;16;464;32;30;9.92;7;2;2225.18;0;121;2;0.0;163.48296722199498;0;0;2
4136;0;3;307;19.0;89;1;35926.76;0.0;2;7;28;40;606;29;120;16.29;76;2;1691.59;0;40;2;0.0;104.041852005496;0;0;2
4137;0;2;307;19.0;89;1;35926.76;0.0;2;7;28;40;606;29;120;16.29;76;3;1691.59;0;41;0;0.0;75.93005866276081;0;0;1
4138;0;6;307;19.0;89;8;35926.76;0.0;2;7;28;40;606;25;120;16.29;76;2;1691.59;0;42;2;0.0;114.66689837144352;0;0;1
4139;0;0;336;19.0;89;1;35926.76;0.0;2;7;28;40;606;29;12;14.29;76;3;1691.59;0;404;2;0.0;0.0;0;0;1
4140;0;7;307;19.0;89;1;35926.76;0.0;2;7;28;40;606;29;120;16.29;20;3;1691.59;0;44;2;0.0;217.2981256955536;0;0;1
4141;0;5;307;19.0;625;1;35926.76;0.0;2;7;28;40;606;29;12;16.29;20;3;1691.59;0;45;2;0.0;86.30040681178045;0;0;1
4142;0;4;307;19.0;89;1;35926.76;0.0;2;7;28;40;606;29;126;11.29;20;3;1691.59;0;46;2;0.0;244.014464024597;0;0;2
4143;0;1;307;19.0;89;1;35926.76;0.0;2;7;28;40;606;29;120;16.29;20;2;1691.59;0;37;2;0.0;116.59517451267736;0;0;1
4144;0;3;364;22.0;173;14;134150.0;0.0;41;3;10;16;643;12;8;1.51;0;1;1295.2;0;93;1;0.0;915.6381596339996;0;0;2
4145;0;2;364;22.0;173;14;134150.0;0.0;41;3;10;16;643;10;0;1.51;64;2;1295.2;0;94;1;0.0;0.0;0;0;2
4146;0;6;336;22.0;173;14;134150.0;0.0;41;3;10;16;643;8;2;1.51;64;1;1295.2;0;85;1;0.0;442.5219576509261;0;0;2
4147;0;0;364;22.0;173;14;134150.0;0.0;41;3;10;62;643;11;2;1.51;85;2;1295.2;0;86;1;0.0;339.16726572489034;0;0;2
4148;0;7;364;22.0;173;14;134150.0;0.0;41;3;10;16;643;10;2;-2.49;64;1;1295.2;0;95;0;0.0;264.2743045968919;0;0;2
4149;0;5;364;22.0;173;8;134150.0;0.0;41;3;10;16;643;10;82;1.51;64;1;1295.2;0;96;0;0.0;278.6407941520904;0;0;2
4150;0;4;364;0.0;173;14;134150.0;0.0;41;3;10;16;643;10;8;1.51;85;1;1295.2;0;404;1;0.0;641.4014739459411;0;0;2
4151;0;1;336;22.0;173;14;134150.0;0.0;41;3;10;16;643;10;8;1.51;64;1;1295.2;0;100;1;0.0;287.4382703275609;0;0;2
4152;0;3;571;3937.0;514;12;34204.8;27254.0;2;5;17;40;611;27;40;11.52;2;0;3285.72;0;16;2;0.0;164.41499397021792;0;0;1
4153;0;2;571;43.0;514;12;34204.8;0.0;2;5;17;40;611;30;40;15.52;85;0;3285.72;0;17;2;0.0;203.15169847994585;0;0;2
4154;0;6;571;43.0;514;12;34204.8;27254.0;2;5;17;40;611;30;128;15.52;2;0;3285.72;0;404;0;0.0;263.87440567801184;0;0;1
4155;0;0;336;43.0;514;12;34204.8;27254.0;5;5;17;40;611;34;52;15.52;25;0;3285.72;0;19;2;0.0;273.26201970021043;0;0;1
4156;0;7;571;43.0;514;12;34204.8;27254.0;2;5;17;40;611;30;40;15.52;25;0;3285.72;0;20;2;0.0;108.20006789379129;0;0;1
4157;0;5;571;43.0;514;12;34204.8;27254.0;2;5;17;40;611;30;40;15.52;25;0;3285.72;0;21;2;0.0;134.47216034993136;0;0;1
4158;0;4;571;43.0;514;12;34204.8;27254.0;2;5;17;40;611;30;48;15.52;25;0;3285.72;0;22;2;0.0;240.29889900997443;0;0;1
4159;0;1;571;43.0;625;8;34204.8;27254.0;2;5;17;40;611;30;40;15.52;25;0;3285.72;0;13;2;0.0;50.40527363344265;0;0;1
4160;0;3;564;30.0;54;2;56131.48;0.0;0;4;10;26;833;10;16;10.1;42;1;1235.48;0;208;1;0.0;618.3813070701616;0;0;1
4161;0;2;336;30.0;54;2;56131.48;0.0;0;4;10;62;833;12;126;10.1;42;1;1235.48;0;209;1;0.0;201.2947843138742;0;0;1
4162;0;6;564;30.0;54;2;56131.48;0.0;0;4;10;26;833;12;10;15.1;42;1;1235.48;0;210;1;0.0;144.2491963590717;0;0;1
4163;0;0;564;30.0;54;2;56131.48;0.0;0;4;10;26;833;12;120;10.1;42;1;1235.48;0;211;1;0.0;118.74939639453704;0;0;1
4164;0;7;564;30.0;54;2;56131.48;0.0;0;4;10;26;833;12;112;10.1;42;1;0.0;0;212;1;0.0;188.0675261103724;0;0;2
4165;0;5;564;31.0;54;2;56131.48;0.0;0;4;10;26;833;11;12;10.1;55;2;1235.48;0;404;1;0.0;289.4593190258953;0;0;1
4166;0;4;564;31.0;54;2;56131.48;0.0;0;4;10;26;833;12;112;11.1;55;2;1235.48;0;214;1;0.0;179.4034423702559;0;0;1
4167;0;1;564;31.0;54;2;56131.48;0.0;0;4;10;26;833;12;112;10.1;55;2;1235.48;0;205;0;0.0;99.7165576076278;0;0;2
4168;0;3;169;24.0;98;11;57439.12;0.0;41;6;6;26;723;8;126;6.26;0;2;0.0;0;165;1;0.0;551.5844274496368;0;0;2
4169;0;2;169;24.0;98;11;57439.12;0.0;41;6;6;26;723;8;12;8.26;0;1;669.35;0;166;1;0.0;0.0;0;0;2
4170;0;6;336;24.0;98;11;57439.12;0.0;41;6;6;26;723;61;126;6.26;0;1;669.35;0;157;1;0.0;85.21989865355498;0;0;2
4171;0;0;169;24.0;98;11;57439.12;0.0;41;6;6;26;723;8;128;6.26;0;2;669.35;0;158;1;0.0;372.3199312387944;0;0;2
4172;0;7;336;24.0;625;11;0.0;0.0;41;6;6;26;723;8;128;6.26;58;1;669.35;0;167;1;0.0;69.207694507602;0;0;2
4173;0;5;169;24.0;98;11;57439.12;0.0;41;6;6;26;723;8;112;6.26;58;1;669.35;0;168;1;0.0;237.54383554324315;0;0;2
4174;0;4;169;24.0;98;11;57439.12;0.0;41;6;6;26;723;10;126;6.26;46;1;669.35;0;171;0;0.0;277.55909235101035;0;0;1
4175;0;1;169;24.0;98;11;57439.12;0.0;41;6;6;26;723;7;128;0.0;58;1;669.35;0;172;1;0.0;85.047221281849;0;0;1
4176;0;3;452;35.0;164;1;39944.67;0.0;41;3;7;4;646;5;46;8.34;1;1;364.95;0;94;1;0.0;0.0;0;0;0
4177;0;2;452;35.0;164;1;39944.67;33187225.0;41;3;7;4;646;5;0;8.34;1;1;364.95;0;85;1;0.0;101.2732248161689;0;0;0
4178;0;6;452;35.0;164;1;39944.67;33187225.0;41;3;7;4;646;5;6;2.34;1;2;364.95;0;86;1;0.0;331.4517185825825;0;0;0
4179;0;0;452;35.0;164;8;39944.67;33187225.0;41;3;2304;4;646;5;6;8.34;1;1;364.95;0;95;1;0.0;176.14526593515097;0;0;2
4180;0;7;452;35.0;164;1;39944.67;33187225.0;41;1084;7;4;646;28;6;8.34;1;1;364.95;0;96;1;0.0;73.24355463678411;0;0;0
4181;0;5;452;35.0;164;1;39944.67;33187225.0;41;3;7;4;646;5;4;13.34;1;1;364.95;0;99;1;0.0;91.35957792303428;0;0;0
4182;0;4;452;36.0;625;1;39944.67;33187225.0;41;3;7;4;646;6;6;8.34;1;1;364.95;0;100;1;0.0;66.654703792184;0;0;0
4183;0;1;452;36.0;625;1;39944.67;33187225.0;41;3;7;4;646;5;6;8.34;1;1;364.95;0;101;0;0.0;254.9845184083723;0;0;0
4184;0;3;422;35.0;150;7;32485.42;0.0;39;6;7;2;358;14;28;0.92;42;2;998.9;0;313;0;0.0;37.489157820479456;0;0;2
4185;0;2;422;35.0;150;7;32485.42;0.0;39;6;7;62;358;14;18;0.92;42;3;998.9;0;404;0;0.0;90.46436696060316;0;0;2
4186;0;6;422;35.0;150;7;0.0;0.0;39;6;7;2;358;14;28;0.92;42;2;998.9;0;323;1;0.0;57.24910288417076;0;0;2
4187;0;0;422;36.0;150;7;32485.42;0.0;39;6;7;2;358;9;30;0.92;42;2;998.9;0;324;1;0.0;80.2950553444836;0;0;1
4188;0;7;422;36.0;150;7;32485.42;0.0;39;6;7;2;358;14;18;0.92;42;3;998.9;0;325;1;0.0;73.43534610256846;0;0;2
4189;0;5;422;36.0;150;7;32485.42;0.0;39;6;7;2;358;14;18;5.92;42;3;998.9;0;326;0;0.0;112.37287660547648;0;0;1
4190;0;4;422;3542.0;150;7;32485.42;0.0;39;6;7;62;358;14;24;-0.0799999999999999;42;3;998.9;0;327;1;0.0;137.29611409452346;0;0;1
4191;0;1;422;36.0;150;7;32485.42;0.0;39;6;7;2;358;14;128;0.92;42;3;998.9;0;328;1;0.0;56.18353882097721;0;0;2
4192;0;3;71;15.0;625;14;70286.6;0.0;58;10;25;40;533;15;40;8.72;72;0;1553.07;0;398;2;0.0;581.0715283088698;0;0;2
4193;0;2;71;15.0;297;14;70286.6;0.0;58;10;25;40;533;12;48;8.72;72;2;1553.07;0;399;2;0.0;259.67932892298285;0;0;1
4194;0;6;71;2239.0;297;14;70286.6;0.0;58;10;25;40;533;15;40;8.72;72;0;1553.07;0;400;2;0.0;222.75403784894056;0;0;1
4195;0;0;71;15.0;297;14;70286.6;0.0;58;10;25;40;533;15;48;8.72;72;0;1553.07;0;401;2;0.0;0.0;0;0;1
4196;0;7;336;15.0;297;14;70286.6;0.0;58;10;25;40;533;18;40;2.7200000000000006;72;0;1553.07;0;402;2;0.0;223.43326662845828;0;0;2
4197;0;5;71;15.0;297;14;0.0;0.0;58;10;25;40;533;15;54;8.72;72;0;1553.07;0;403;2;0.0;136.60938072979326;0;0;1
4198;0;4;71;15.0;297;14;70286.6;0.0;58;10;25;40;533;15;40;8.72;72;0;1553.07;0;394;2;0.0;262.0748753522931;0;0;1
4199;0;1;71;16.0;297;14;70286.6;0.0;58;10;25;40;533;15;40;8.72;72;0;1553.07;0;395;2;0.0;315.18230912436394;0;0;1
4200;0;3;575;33.0;380;6;16808.32;0.0;0;7;10;16;353;12;128;1.67;55;1;582.3;0;106;1;0.0;70.16044516410561;0;0;2
4201;0;2;575;33.0;625;6;16808.32;0.0;0;7;10;16;353;12;46;1.67;55;1;582.3;0;97;1;0.0;97.41372868479093;0;0;2
4202;0;6;575;33.0;380;6;16808.32;0.0;0;7;10;16;353;12;108;1.67;55;1;582.3;0;98;0;0.0;131.9300581474383;0;0;2
4203;0;0;575;33.0;380;6;16808.32;0.0;0;7;10;16;353;13;8;-1.33;55;1;582.3;0;107;1;0.0;49.42078623261808;0;0;0
4204;0;7;336;34.0;380;6;16808.32;0.0;0;7;10;16;353;12;112;1.67;55;1;582.3;0;108;1;0.0;65.31384912732432;0;0;0
4205;0;5;575;34.0;380;8;16808.32;0.0;0;7;10;16;353;9;82;1.67;55;1;582.3;0;111;1;0.0;27.320838126922933;0;0;0
4206;0;4;575;34.0;625;6;16808.32;0.0;0;7;10;16;353;12;128;-4.33;55;1;582.3;0;112;1;0.0;0.0;0;0;0
4207;0;1;575;34.0;380;6;16808.32;0.0;0;7;10;16;353;12;6;8.67;55;1;582.3;0;113;1;0.0;76.69982369410462;0;0;0
4208;0;3;177;30.0;454;10;72116.25;58866875.0;41;7;9;16;639;20;18;5.06;55;2;243.75;0;124;1;0.0;406.2841208508143;0;0;2
4209;0;2;177;30.0;454;10;72116.25;58866875.0;41;7;9;16;639;20;18;5.06;55;3;243.75;0;125;1;0.0;88.2748263858725;0;0;2
4210;0;6;177;30.0;454;10;72116.25;58866875.0;41;7;9;0;639;20;16;1.0599999999999996;76;3;243.75;0;126;0;0.0;439.9473563093969;0;0;2
4211;0;0;177;30.0;454;10;72116.25;58866875.0;41;7;9;16;639;20;18;11.06;76;3;243.75;0;127;0;0.0;705.2655762215518;0;0;2
4212;0;7;177;30.0;454;10;72116.25;58866875.0;41;7;9;16;639;20;18;5.06;76;3;243.75;0;128;1;0.0;214.74367486637948;0;0;2
4213;0;5;177;30.0;454;10;72116.25;58866875.0;41;7;9;16;639;20;16;5.06;76;3;243.75;0;129;1;0.0;181.02866926601112;0;0;2
4214;0;4;177;30.0;454;10;72116.25;0.0;41;7;9;16;639;20;18;10.06;76;3;243.75;0;130;0;0.0;364.8594536590927;0;0;2
4215;0;1;177;31.0;454;10;72116.25;58866875.0;41;7;9;62;639;20;18;5.06;76;3;243.75;0;121;1;0.0;622.3813574786964;0;0;2
4216;0;3;424;27.0;571;0;35823.96;293733.0;50;8;22;36;531;38;32;7.35;76;0;3029.92;0;396;2;0.0;148.5724247284049;0;0;1
4217;0;2;424;27.0;571;8;0.0;0.0;50;1439;22;36;531;38;48;7.35;76;0;3029.92;0;397;2;0.0;189.7188832653304;0;0;1
4218;0;6;424;27.0;625;0;35823.96;293733.0;50;8;22;36;531;33;48;7.35;76;2;3029.92;0;404;2;0.0;66.771332743795;0;0;1
4219;0;0;424;27.0;571;0;35823.96;293733.0;50;8;22;36;531;38;40;7.35;76;0;3029.92;0;399;2;0.0;86.70131991489977;0;0;1
4220;0;7;424;0.0;571;0;35823.96;0.0;50;8;22;62;531;38;32;7.35;76;2;3029.92;0;400;2;0.0;43.44938789683828;0;0;1
4221;0;5;424;27.0;571;0;35823.96;293733.0;50;8;22;36;531;38;24;7.35;76;0;3029.92;0;401;2;0.0;257.1792247279651;0;0;2
4222;0;4;424;27.0;571;0;35823.96;293733.0;50;8;22;36;531;38;30;7.35;18;2;3029.92;0;404;2;0.0;192.41181155837555;0;0;1
4223;0;1;336;27.0;571;0;35823.96;293733.0;50;547;22;36;531;38;32;7.35;76;0;3029.92;0;403;2;0.0;148.5160712146269;0;0;2
4224;0;3;336;49.0;38;6;140390.32;0.0;45;2;4;18;171;70;128;4.67;42;1;1423.23;0;297;1;0.0;788.1522685955099;0;0;0
4225;0;2;593;50.0;38;6;140390.32;0.0;45;2;4;18;171;28;6;4.67;42;1;1423.23;0;298;1;0.0;133.2130344228415;0;0;0
4226;0;6;593;50.0;38;6;140390.32;0.0;45;2;4;18;171;61;6;4.67;42;1;1423.23;0;289;0;0.0;848.9353714639183;0;0;0
4227;0;0;593;50.0;38;6;140390.32;0.0;45;2;4;18;171;6;4;4.67;69;1;1423.23;0;290;1;0.0;183.54204187182935;0;0;2
4228;0;7;593;50.0;38;6;140390.32;0.0;45;2;4;18;171;28;6;4.67;69;1;1423.23;0;299;1;0.0;200.26469471290383;0;0;2
4229;0;5;593;50.0;38;6;140390.32;0.0;45;2;4;62;171;39;128;4.67;69;2;1423.23;0;300;1;0.0;214.541023983285;0;0;2
4230;0;4;593;50.0;38;6;140390.32;0.0;45;2;4;0;171;69;46;4.67;69;1;1423.23;0;303;1;0.0;0.0;0;0;0
4231;0;1;336;50.0;38;6;140390.32;0.0;45;2;4;18;171;28;6;4.67;69;1;1423.23;0;304;1;0.0;882.9449517014427;0;0;0
4232;0;3;2;0.0;136;7;25198.19;0.0;39;6;19;18;718;27;126;5.83;85;3;1261.93;0;97;2;0.0;66.08197676031641;0;0;2
4233;0;2;2;27.0;136;7;25198.19;0.0;39;6;19;18;718;22;112;0.0;58;3;1261.93;0;98;2;0.0;129.4455563710407;0;0;2
4234;0;6;2;27.0;136;7;5965773.0;0.0;39;6;820;18;718;27;126;1.83;58;3;1261.93;0;107;2;0.0;25.206874803869592;0;0;2
4235;0;0;2;27.0;136;7;25198.19;0.0;39;6;19;18;718;29;126;5.83;58;3;1261.93;0;108;2;0.0;256.0179136917757;0;0;2
4236;0;7;2;27.0;136;8;25198.19;0.0;39;6;19;18;718;27;128;5.83;58;3;1261.93;0;111;2;0.0;293.496859350541;0;0;2
4237;0;5;2;27.0;136;7;25198.19;0.0;39;6;19;18;718;27;126;5.83;72;3;1261.93;0;112;2;0.0;65.52580236337731;0;0;2
4238;0;4;336;27.0;136;7;0.0;0.0;39;6;19;62;718;27;126;5.83;72;2;1261.93;0;113;2;72230.0;81.27177478993357;0;0;1
4239;0;1;336;27.0;136;7;25198.19;0.0;39;6;19;18;718;27;126;5.83;72;3;1261.93;0;114;2;0.0;68.80344660096321;0;0;1
4240;0;3;146;31.0;187;0;166907.72;0.0;45;5;11;26;68;9;114;0.52;0;1;929.9;0;404;0;0.0;127.93513431449917;0;0;2
4241;0;2;146;31.0;187;0;0.0;0.0;45;5;11;26;68;50;108;-6.48;0;1;929.9;0;112;1;0.0;167.71196696896985;0;0;0
4242;0;6;336;31.0;187;0;166907.72;0.0;45;5;11;26;68;7;108;5.52;58;1;929.9;0;113;1;0.0;312.2202598279141;0;0;2
4243;0;0;146;31.0;187;0;166907.72;0.0;45;5;11;26;68;11;108;-0.48;58;1;929.9;0;114;1;0.0;316.88510446794305;0;0;0
4244;0;7;146;31.0;187;0;166907.72;0.0;45;5;11;26;68;7;82;0.52;58;1;929.9;0;115;1;0.0;0.0;0;0;2
4245;0;5;146;0.0;187;0;166907.72;0.0;45;5;11;26;68;9;108;0.52;58;2;929.9;0;116;1;0.0;276.07571830034124;0;0;0
4246;0;4;146;32.0;187;0;166907.72;0.0;45;5;11;26;68;7;128;0.52;58;1;929.9;0;117;1;0.0;921.691775718686;0;0;2
4247;0;1;146;32.0;187;0;166907.72;0.0;45;5;11;26;68;7;112;-0.48;58;1;929.9;0;118;1;0.0;464.46987273415215;0;0;2
4248;0;3;126;15.0;525;11;15531.09;11332575.0;63;5;22;0;729;18;48;7.26;69;2;4734.52;0;404;0;0.0;113.25492628579164;0;0;1
4249;0;2;126;15.0;525;11;15531.09;11332575.0;63;5;22;36;729;18;48;7.26;69;0;4734.52;0;71;2;0.0;30.970777335658116;0;0;1
4250;0;6;126;15.0;525;11;15531.09;11332575.0;63;5;22;36;729;18;32;2.26;85;0;4734.52;0;72;2;0.0;40.19039461785685;0;0;1
4251;0;0;126;15.0;525;11;15531.09;11332575.0;63;5;22;36;729;18;54;7.26;69;0;4734.52;0;75;2;0.0;133.80449345334532;0;0;2
4252;0;7;126;15.0;525;11;15531.09;11332575.0;63;5;22;36;729;18;40;7.26;69;0;4734.52;0;76;0;0.0;38.47294867183891;0;0;1
4253;0;5;126;15.0;525;11;15531.09;11332575.0;63;5;22;36;729;18;48;7.26;69;0;4734.52;0;77;2;572200.0;73.31308712049758;0;0;1
4254;0;4;126;15.0;525;11;15531.09;11332575.0;63;5;22;62;729;18;32;7.26;69;0;4734.52;0;78;2;0.0;147.5649821171659;0;0;1
4255;0;1;336;15.0;525;11;15531.09;11332575.0;19;5;22;62;729;16;48;7.26;76;0;4734.52;0;79;2;0.0;93.31520142179448;0;0;1
4256;0;3;172;18.0;556;5;81935.42;0.0;45;4;9;4;267;50;16;10.36;42;2;625.32;0;171;1;0.0;159.199047813584;0;0;1
4257;0;2;172;18.0;556;5;81935.42;0.0;45;4;9;4;267;61;16;10.36;42;1;625.32;0;172;1;0.0;176.2673594035603;0;0;1
4258;0;6;172;18.0;556;5;81935.42;0.0;45;4;9;4;267;50;16;10.36;42;1;625.32;0;173;1;0.0;458.1832273321142;0;0;1
4259;0;0;336;18.0;556;5;81935.42;0.0;45;4;9;4;267;28;16;10.36;42;1;625.32;0;174;1;0.0;381.8021332127073;0;0;2
4260;0;7;336;18.0;556;5;81935.42;0.0;45;4;9;4;267;50;28;0.0;42;1;625.32;0;175;1;0.0;0.0;0;0;1
4261;0;5;172;18.0;556;5;81935.42;0.0;45;4;9;4;267;50;16;10.36;42;1;625.32;0;176;1;0.0;50.61162634310229;0;0;1
4262;0;4;172;18.0;556;5;81935.42;0.0;45;4;9;4;267;50;16;10.36;42;1;625.32;0;177;1;0.0;622.2955810039748;0;0;2
4263;0;1;172;18.0;556;5;0.0;0.0;45;4;9;4;267;50;16;5.359999999999999;72;1;625.32;0;178;1;0.0;136.44358398188342;0;0;2
4264;0;3;333;17.0;625;7;14675.83;0.0;50;3;12;44;188;25;120;12.12;58;3;1427.56;0;52;2;0.0;0.0;0;0;2
4265;0;2;333;17.0;357;7;0.0;0.0;50;3;12;44;188;25;120;12.12;58;3;1427.56;0;53;0;0.0;66.1524071500123;0;0;2
4266;0;6;336;17.0;357;7;14675.83;0.0;50;3;12;44;188;25;108;5.119999999999999;58;3;1427.56;0;54;2;0.0;54.39558453553649;0;0;2
4267;0;0;333;17.0;357;7;14675.83;0.0;50;3;12;44;188;25;120;12.12;58;3;1427.56;0;55;2;0.0;91.19125492591058;0;0;2
4268;0;7;333;0.0;357;7;14675.83;0.0;50;3;12;44;188;25;120;12.12;69;3;1427.56;0;56;2;0.0;42.37433173025378;0;0;2
4269;0;5;333;17.0;357;7;14675.83;0.0;50;3;12;44;188;25;114;17.119999999999994;69;3;1427.56;0;57;2;0.0;66.91339519523878;0;0;2
4270;0;4;333;17.0;357;7;14675.83;0.0;50;3;12;44;188;25;120;12.12;69;2;1427.56;0;58;2;0.0;63.18095722037435;0;0;2
4271;0;1;333;17.0;357;7;14675.83;0.0;50;3;12;44;188;25;128;12.12;69;2;1427.56;0;49;0;0.0;155.49699095342297;0;0;2
4272;0;3;325;43.0;140;1;9197.37;0.0;63;6;15;16;640;69;120;13.31;2;3;1306.09;0;121;2;0.0;68.90878829690925;0;0;1
4273;0;2;325;43.0;140;1;9197.37;0.0;63;6;15;62;640;69;120;13.31;2;3;1306.09;0;122;2;0.0;71.02219137586721;0;0;1
4274;0;6;325;0.0;140;1;9197.37;0.0;63;6;15;16;640;69;120;13.31;2;3;1306.09;0;131;2;0.0;42.746991982650925;0;0;1
4275;0;0;325;43.0;140;1;9197.37;0.0;63;6;15;16;640;39;120;6.3100000000000005;2;3;1306.09;0;132;2;0.0;62.39711843724063;0;0;1
4276;0;7;325;43.0;140;1;9197.37;0.0;63;6;15;16;640;69;12;13.31;7;2;1306.09;0;135;2;0.0;20.628424366183054;0;0;1
4277;0;5;325;43.0;140;1;9197.37;0.0;63;6;15;16;640;17;120;13.31;7;3;1306.09;0;404;2;0.0;83.91672090645645;0;0;1
4278;0;4;325;44.0;140;1;0.0;0.0;63;6;15;16;640;69;108;13.31;7;3;1306.09;0;137;2;0.0;20.891300248799435;0;0;1
4279;0;1;325;44.0;140;1;9197.37;0.0;63;6;15;16;640;69;120;19.31;7;3;1306.09;0;138;2;0.0;105.71365557622713;0;0;1
4280;0;3;607;42.0;347;0;0.0;0.0;0;7;2;4;359;12;46;11.69;58;2;429.71;0;222;1;0.0;135.51985708096242;0;0;2
4281;0;2;607;42.0;347;8;20492.45;0.0;0;7;2;4;359;10;82;11.69;58;2;429.71;0;404;1;0.0;112.12868188430934;0;0;2
4282;0;6;607;42.0;347;0;20492.45;0.0;0;7;2;4;359;10;8;11.69;58;1;429.71;0;224;1;0.0;98.2064003376302;0;0;2
4283;0;0;607;42.0;347;0;20492.45;0.0;0;7;2;4;359;7;8;11.69;58;2;429.71;0;225;1;0.0;104.31066473436007;0;0;2
4284;0;7;607;42.0;347;0;20492.45;0.0;0;7;2;4;359;10;6;11.69;58;1;429.71;0;226;1;0.0;177.16250487435215;0;0;2
4285;0;5;607;42.0;625;0;20492.45;0.0;0;7;2;4;359;10;82;11.69;58;1;429.71;0;217;1;0.0;151.3554590165251;0;0;2
4286;0;4;336;42.0;347;0;20492.45;0.0;0;7;2;4;359;10;128;12.69;58;1;429.71;0;218;1;0.0;0.0;0;0;2
4287;0;1;607;43.0;347;0;20492.45;0.0;0;7;2;4;359;70;6;11.69;58;1;429.71;0;227;1;0.0;82.46763922907004;0;0;2
4288;0;3;493;30.0;363;2;27242.8;0.0;45;4;15;40;619;18;34;19.5;72;3;881.36;0;106;2;0.0;61.30453081784111;0;0;2
4289;0;2;493;30.0;363;2;27242.8;0.0;45;4;15;40;619;16;40;19.5;72;2;881.36;0;97;2;0.0;50.74405779676783;0;0;2
4290;0;6;493;30.0;363;2;27242.8;0.0;45;1375;15;40;619;16;34;19.5;72;3;881.36;0;98;0;0.0;137.41749614066453;0;0;2
4291;0;0;493;30.0;363;2;0.0;0.0;45;4;15;40;619;16;34;19.5;72;3;881.36;0;107;2;0.0;119.96997507260112;0;0;2
4292;0;7;493;30.0;363;2;27242.8;0.0;45;4;15;40;619;16;40;19.5;72;3;881.36;0;108;2;0.0;112.57105478152016;0;0;2
4293;0;5;493;30.0;363;2;27242.8;0.0;45;4;15;40;619;16;34;24.5;72;2;881.36;0;111;2;0.0;24.919571346464853;0;0;2
4294;0;4;493;30.0;363;2;27242.8;0.0;45;4;15;62;619;16;48;0.0;72;3;881.36;0;112;2;0.0;51.58856487887076;0;0;2
4295;0;1;493;5645.0;363;2;27242.8;0.0;45;4;15;40;619;16;34;19.5;72;3;881.36;0;113;2;0.0;217.89633193216144;0;0;2
4296;0;3;1;33.0;202;11;81411.2;0.0;41;4;6;4;267;10;102;5.48;58;2;467.99;0;257;1;0.0;112.22643051121496;0;0;0
4297;0;2;1;33.0;202;11;81411.2;0.0;45;5;6;4;267;10;108;5.48;64;1;467.99;0;258;1;0.0;485.26555426192994;0;0;2
4298;0;6;1;0.0;202;11;81411.2;0.0;45;5;6;4;267;10;108;5.48;64;1;467.99;0;259;1;0.0;754.0418138006796;0;0;0
4299;0;0;1;33.0;202;11;81411.2;0.0;45;5;6;4;267;10;108;5.48;64;2;467.99;0;260;1;0.0;90.05946753685349;0;0;0
4300;0;7;1;33.0;202;11;81411.2;0.0;45;5;6;4;267;10;46;5.48;64;1;467.99;0;261;1;0.0;232.4348514324397;0;0;0
4301;0;5;1;33.0;202;11;0.0;0.0;45;5;6;4;267;10;120;5.48;64;1;467.99;0;262;0;0.0;69.26766376502661;0;0;0
4302;0;4;1;34.0;202;11;81411.2;0.0;45;5;6;4;267;10;46;5.48;64;1;467.99;0;253;1;0.0;466.4601097604045;0;0;0
4303;0;1;1;34.0;202;11;81411.2;0.0;45;5;6;4;267;10;46;5.48;64;1;467.99;0;254;1;0.0;128.48654068343322;0;0;0
4304;0;3;112;26.0;317;8;18503.85;16349875.0;39;7;15;44;616;24;120;11.33;72;3;742.33;0;86;2;0.0;37.88975377435091;0;0;2
4305;0;2;336;26.0;317;8;18503.85;16349875.0;39;7;15;44;616;24;120;11.33;72;3;742.33;0;95;2;0.0;97.73514605146492;0;0;2
4306;0;6;112;26.0;317;8;0.0;16349875.0;39;7;15;44;616;24;126;11.33;72;2;742.33;0;404;0;0.0;0.0;0;0;2
4307;0;0;112;0.0;317;8;18503.85;16349875.0;39;7;15;44;616;24;120;11.33;76;3;742.33;0;99;2;0.0;126.22069491839044;0;0;1
4308;0;7;112;26.0;317;8;18503.85;16349875.0;39;7;15;44;616;24;120;11.33;76;3;742.33;0;100;2;0.0;98.9453704707892;0;0;1
4309;0;5;112;26.0;317;8;18503.85;16349875.0;39;7;15;0;616;24;128;11.33;76;3;742.33;0;404;2;0.0;137.8936359644406;0;0;1
4310;0;4;112;26.0;317;8;18503.85;16349875.0;39;7;15;44;616;24;120;11.33;76;3;742.33;0;102;0;0.0;131.7124024076159;0;0;1
4311;0;1;336;26.0;317;8;0.0;16349875.0;39;7;15;44;616;25;114;11.33;76;3;742.33;0;103;2;0.0;0.0;0;0;1
4312;0;3;161;41.0;18;3;105521.58;8595465.0;41;6;5;26;455;61;34;7.07;55;2;462.11;0;184;2;0.0;162.79666013950737;0;0;2
4313;0;2;161;42.0;18;3;105521.58;8595465.0;41;6;5;26;455;69;34;7.07;55;3;462.11;0;185;2;0.0;890.4221607283597;0;0;2
4314;0;6;161;42.0;18;3;105521.58;8595465.0;41;6;5;26;455;71;30;7.07;55;3;462.11;0;186;2;0.0;360.1826996713981;0;0;2
4315;0;0;161;42.0;18;3;105521.58;8595465.0;41;6;5;26;455;69;34;7.07;55;3;462.11;0;187;2;0.0;365.2888608804304;0;0;1
4316;0;7;161;42.0;625;3;105521.58;8595465.0;41;6;5;26;455;61;28;7.07;55;2;462.11;0;188;0;0.0;251.9125062424066;0;0;1
4317;0;5;336;42.0;18;3;105521.58;8595465.0;41;6;5;26;455;9;34;7.07;55;3;462.11;0;189;2;0.0;340.9522734473747;0;0;2
4318;0;4;161;42.0;18;3;105521.58;8595465.0;41;6;5;26;455;61;128;7.07;76;3;462.11;0;190;2;0.0;184.81822966583857;0;0;1
4319;0;1;161;42.0;18;3;105521.58;8595465.0;41;6;5;26;455;70;34;7.07;76;2;462.11;0;181;2;0.0;394.05519449650205;0;0;1
4320;0;3;336;-500.0;0;12;17855.94;1231995.0;63;5;31;52;62;25;60;29.19;81;0;3122.53;0;17;2;0.0;35.95812457798709;0;0;1
4321;0;2;214;22.0;0;12;17855.94;1231995.0;63;5;31;52;62;25;54;29.19;81;2;3122.53;0;18;2;0.0;106.07635714595592;0;0;1
4322;0;6;214;22.0;0;8;17855.94;1231995.0;63;5;31;52;62;23;60;22.19;14;0;3122.53;0;19;2;0.0;97.82454866558516;0;0;1
4323;0;0;214;22.0;0;8;17855.94;1231995.0;63;5;31;52;62;25;128;29.19;14;2;3122.53;0;20;2;0.0;96.9691387695555;0;0;1
4324;0;7;214;22.0;0;12;17855.94;1231995.0;63;5;31;52;62;26;60;29.19;14;0;3122.53;0;21;2;0.0;0.0;0;0;1
4325;0;5;336;22.0;0;12;17855.94;1231995.0;63;5;31;52;62;22;60;25.19;14;0;3122.53;0;404;2;0.0;0.0;0;0;2
4326;0;4;214;22.0;0;12;17855.94;0.0;63;5;31;52;62;21;60;29.19;14;2;3122.53;0;13;2;0.0;147.9787295613324;0;0;1
4327;0;1;214;22.0;625;12;17855.94;0.0;63;5;31;52;62;25;60;29.19;14;0;3122.53;0;14;0;0.0;43.896854398881366;0;0;1
4328;0;3;92;39.0;279;9;78477.18000000001;6412765.0;41;5;16;16;86;61;128;7.35;1;3;1197.91;0;207;2;0.0;238.60097614751808;0;0;2
4329;0;2;92;39.0;625;9;78477.18000000001;6412765.0;41;5;16;16;86;61;48;7.35;1;3;1197.91;0;208;2;0.0;415.6820687733283;0;0;2
4330;0;6;92;39.0;279;9;78477.18000000001;6412765.0;41;5;16;16;86;61;34;4.35;1;3;1197.91;0;404;2;0.0;257.559489862946;0;0;2
4331;0;0;92;40.0;279;9;78477.18000000001;6412765.0;41;5;16;16;86;28;34;1.3499999999999996;1;3;1197.91;0;210;2;0.0;98.7804359794676;0;0;2
4332;0;7;336;40.0;279;9;78477.18000000001;6412765.0;41;5;16;16;86;61;40;7.35;1;3;1197.91;0;211;2;0.0;535.9615148534156;0;0;2
4333;0;5;92;40.0;279;9;78477.18000000001;6412765.0;41;5;16;16;86;61;128;7.35;1;3;1197.91;0;212;0;0.0;330.157008319886;0;0;2
4334;0;4;92;40.0;279;9;78477.18000000001;6412765.0;41;5;16;16;86;17;128;7.35;1;3;1197.91;0;213;2;0.0;233.0177408796275;0;0;2
4335;0;1;92;40.0;279;9;78477.18000000001;6412765.0;41;5;16;16;86;61;34;7.35;1;2;1197.91;0;214;2;0.0;156.86183714163758;0;0;2
4336;0;3;182;36.0;208;4;32901.79;0.0;41;5;1;4;359;69;126;5.89;0;1;798.71;0;218;0;0.0;287.2084158191256;0;0;0
4337;0;2;336;36.0;208;4;32901.79;0.0;41;5;1;4;359;71;112;4.89;0;1;798.71;0;227;1;0.0;98.41212110577592;0;0;0
4338;0;6;182;36.0;208;4;32901.79;0.0;41;5;1;4;359;71;10;5.89;0;1;798.71;0;228;1;0.0;28.73115486677902;0;0;2
4339;0;0;182;36.0;208;4;32901.79;0.0;41;5;1;4;359;61;12;5.89;0;1;798.71;0;231;1;0.0;34.76070544947001;0;0;2
4340;0;7;182;36.0;208;4;32901.79;0.0;41;5;1;4;359;71;126;0.0;0;1;798.71;0;232;0;0.0;283.1107577265433;0;0;0
4341;0;5;182;36.0;625;4;32901.79;0.0;41;5;1;4;359;71;112;5.89;0;1;798.71;0;233;1;0.0;58.07331048045571;0;0;0
4342;0;4;182;0.0;208;4;32901.79;0.0;41;5;1;4;359;10;128;5.89;0;1;798.71;0;234;1;0.0;191.29205355261183;0;0;0
4343;0;1;182;36.0;208;8;32901.79;0.0;73;5;1;4;359;71;126;5.89;0;2;798.71;0;235;1;0.0;55.86798891343815;0;0;0
4344;0;3;181;47.0;219;4;73031.58;5912965.0;58;4;6;16;263;7;24;3.83;42;3;997.98;0;177;1;0.0;0.0;0;0;2
4345;0;2;181;47.0;219;4;73031.58;5912965.0;58;4;6;16;263;71;28;0.0;42;3;997.98;0;178;1;0.0;63.940222797634384;0;0;2
4346;0;6;181;47.0;219;4;73031.58;5912965.0;58;4;6;16;263;9;128;2.83;42;3;997.98;0;404;1;0.0;210.5456913289462;0;0;2
4347;0;0;181;48.0;219;4;73031.58;5912965.0;58;4;6;16;263;7;128;3.83;42;3;997.98;0;170;1;0.0;484.93075793466073;0;0;2
4348;0;7;181;48.0;219;4;73031.58;5912965.0;58;4;6;62;263;7;128;7.83;42;2;997.98;0;179;0;0.0;0.0;0;0;2
4349;0;5;181;48.0;219;4;0.0;5912965.0;58;4;6;16;263;7;28;8.83;42;2;997.98;0;180;1;0.0;634.389020642154;0;0;2
4350;0;4;181;0.0;219;4;73031.58;5912965.0;58;4;6;16;263;71;16;3.83;42;3;997.98;0;183;1;0.0;310.3183320582886;0;0;2
4351;0;1;336;48.0;219;4;73031.58;5912965.0;58;4;6;16;263;7;28;0.0;42;2;997.98;0;184;1;0.0;84.37969498206475;0;0;2
4352;0;3;186;45.0;350;8;35235.18;3188265.0;63;9;15;18;83;31;28;6.3;76;0;2388.85;0;96;2;0.0;27.70443764336608;0;0;1
4353;0;2;186;45.0;350;8;35235.18;3188265.0;63;9;15;18;83;31;16;9.3;76;0;2388.85;0;404;2;0.0;84.61230500920685;0;0;1
4354;0;6;186;45.0;350;8;35235.18;3188265.0;63;980;15;18;83;31;28;6.3;76;0;2388.85;0;100;2;0.0;261.8460603945391;0;0;1
4355;0;0;336;45.0;350;8;35235.18;3188265.0;63;9;15;18;83;27;34;-0.7000000000000002;76;0;2388.85;0;101;2;0.0;109.70179016776277;0;0;1
4356;0;7;186;45.0;350;8;35235.18;3188265.0;63;9;1909;18;83;36;28;6.3;76;2;2388.85;0;102;0;0.0;0.0;0;0;1
4357;0;5;186;45.0;350;8;35235.18;0.0;63;9;15;18;83;31;34;8.3;76;0;2388.85;0;404;0;0.0;304.03415300513296;0;0;2
4358;0;4;186;45.0;350;8;35235.18;3188265.0;63;9;15;18;83;33;16;6.3;76;0;2388.85;0;404;2;0.0;111.1669215361538;0;0;1
4359;0;1;186;46.0;350;8;35235.18;3188265.0;63;9;15;18;83;31;28;10.3;76;0;2388.85;0;105;2;0.0;229.21803261953303;0;0;2
4360;0;3;362;45.0;335;8;66881.2;0.0;39;5;17;16;642;20;48;11.85;58;3;240.6;0;404;2;636620.0;138.03940155748734;0;0;2
4361;0;2;362;45.0;625;8;66881.2;0.0;39;5;17;16;642;20;48;11.85;58;3;240.6;0;67;2;0.0;510.8145839105805;0;0;2
4362;0;6;362;45.0;335;8;66881.2;0.0;39;5;17;16;642;14;48;11.85;58;3;240.6;0;68;2;0.0;116.66657992593444;0;0;2
4363;0;0;362;45.0;335;8;66881.2;0.0;39;5;17;16;642;18;128;11.85;58;3;240.6;0;69;2;0.0;136.40559020762504;0;0;2
4364;0;7;362;45.0;335;8;66881.2;0.0;39;5;17;16;642;18;60;6.85;58;2;240.6;0;404;2;0.0;82.03513296728373;0;0;2
4365;0;5;362;45.0;335;8;66881.2;0.0;39;5;17;0;642;20;48;11.85;58;3;240.6;0;61;2;0.0;532.3652201569017;0;0;2
4366;0;4;362;45.0;335;8;66881.2;0.0;39;5;348;16;642;23;60;11.85;58;3;240.6;0;62;2;0.0;352.5172180949694;0;0;2
4367;0;1;362;45.0;335;8;66881.2;0.0;39;5;17;16;642;20;40;0.0;58;3;0.0;0;71;2;0.0;791.295753144168;0;0;2
4368;0;3;281;41.0;448;0;14535.105;134525875.0;1;7;3;16;263;12;10;11.63;0;1;70.66;0;216;1;0.0;67.83940489576031;0;0;0
4369;0;2;281;41.0;448;0;14535.105;134525875.0;1;7;3;16;263;12;12;6.63;0;1;70.66;0;219;1;0.0;48.14062658811115;0;0;2
4370;0;6;281;41.0;448;0;14535.105;134525875.0;1;7;3;0;263;10;18;6.63;0;1;70.66;0;220;1;0.0;113.48443822115186;0;0;0
4371;0;0;281;41.0;448;0;0.0;134525875.0;1;7;3;16;263;16;128;6.63;0;1;70.66;0;221;1;0.0;100.90426620567386;0;0;0
4372;0;7;281;41.0;448;0;14535.105;134525875.0;1;7;3;16;263;12;24;6.63;0;1;70.66;0;222;1;0.0;83.17306659728288;0;0;0
4373;0;5;281;41.0;448;0;14535.105;134525875.0;1;7;3;16;263;12;120;6.63;42;1;70.66;0;223;1;0.0;85.66833789366514;0;0;0
4374;0;4;281;41.0;625;0;14535.105;134525875.0;1;7;3;16;263;18;128;0.0;42;1;70.66;0;224;1;0.0;55.14368328541621;0;0;0
4375;0;1;281;41.0;448;0;0.0;134525875.0;1;7;3;16;263;15;96;6.63;42;1;0.0;0;225;1;0.0;166.49890228020706;0;0;0
4376;0;3;301;17.0;606;8;0.0;0.0;2;6;31;62;435;51;60;5.16;7;0;1388.38;0;404;0;0.0;111.54988121146546;0;0;1
4377;0;2;301;17.0;606;8;10119.76;0.0;2;6;31;0;435;54;48;7.16;7;0;1388.38;0;87;0;0.0;31.8740516507375;0;0;1
4378;0;6;301;17.0;606;8;10119.76;0.0;2;6;31;26;435;54;60;7.16;7;0;1388.38;0;88;2;0.0;0.0;0;0;1
4379;0;0;336;17.0;606;8;10119.76;0.0;2;6;31;26;435;54;60;7.16;7;0;1388.38;0;89;2;0.0;50.490459709599406;0;0;1
4380;0;7;301;17.0;606;8;10119.76;0.0;2;6;31;26;435;54;60;7.16;7;0;1388.38;0;90;0;0.0;15.071939654452311;0;0;1
4381;0;5;301;17.0;625;8;10119.76;0.0;2;6;31;26;435;54;54;7.16;61;2;1388.38;0;91;2;0.0;75.52888654295218;0;0;1
4382;0;4;301;17.0;625;8;10119.76;0.0;2;6;31;26;435;58;60;11.16;7;0;1388.38;0;92;2;0.0;0.0;0;0;1
4383;0;1;301;17.0;606;8;10119.76;0.0;2;6;31;26;435;54;60;0.1600000000000001;20;0;1388.38;0;93;2;0.0;47.09796970079945;0;0;1
4384;0;3;249;35.0;597;3;19787.4;137995.0;50;6;22;40;715;23;28;16.58;14;0;3099.57;0;355;2;0.0;20.01941520246309;0;0;2
4385;0;2;249;35.0;597;3;19787.4;137995.0;50;6;22;40;715;23;28;16.58;34;0;0.0;0;346;0;0.0;0.0;0;0;2
4386;0;6;249;35.0;597;3;19787.4;137995.0;50;6;22;40;715;23;28;16.58;20;0;3099.57;0;404;2;0.0;102.51567759237696;0;0;2
4387;0;0;249;35.0;597;3;0.0;137995.0;50;6;22;62;715;25;16;16.58;20;0;3099.57;0;356;2;0.0;88.33361934432449;0;0;2
4388;0;7;249;35.0;597;3;19787.4;137995.0;50;6;22;40;715;18;28;16.58;20;0;3099.57;0;357;2;0.0;99.56901085496756;0;0;2
4389;0;5;249;35.0;597;3;19787.4;137995.0;50;6;22;40;715;23;34;16.58;20;2;3099.57;0;360;2;0.0;45.74064719903039;0;0;2
4390;0;4;249;35.0;597;3;19787.4;137995.0;50;6;22;40;715;23;28;16.58;20;0;3099.57;0;361;2;0.0;115.25260073044409;0;0;2
4391;0;1;249;35.0;597;3;19787.4;137995.0;50;6;22;40;715;23;28;16.58;20;0;3099.57;0;404;0;180810.0;112.77071983579324;0;0;2
4392;0;3;569;38.0;192;6;16893.44;0.0;50;9;25;18;622;58;24;7.98;7;3;1397.24;0;78;2;0.0;36.9801416437244;0;0;1
4393;0;2;569;38.0;192;6;16893.44;0.0;50;9;25;18;622;58;24;7.98;7;3;1397.24;0;79;2;0.0;91.17870243758514;0;0;1
4394;0;6;569;38.0;192;6;16893.44;0.0;50;9;25;18;622;58;24;7.98;7;3;1397.24;0;404;2;0.0;46.19099579332345;0;0;1
4395;0;0;569;38.0;192;6;16893.44;0.0;50;9;25;18;622;58;32;7.98;7;3;1397.24;0;81;2;380800.0;51.53671026870087;0;0;1
4396;0;7;569;38.0;192;6;16893.44;0.0;50;9;25;18;622;58;24;7.98;7;3;1397.24;0;82;2;0.0;89.57590123604886;0;0;1
4397;0;5;569;38.0;192;8;0.0;0.0;50;9;25;0;622;58;24;7.98;7;2;1397.24;0;73;2;0.0;47.34364598370335;0;0;1
4398;0;4;336;38.0;192;6;16893.44;0.0;50;9;25;62;622;58;24;7.98;25;3;1397.24;0;404;2;0.0;205.8260939952156;0;0;2
4399;0;1;336;38.0;192;6;16893.44;0.0;50;9;25;18;622;58;30;7.98;25;3;1397.24;0;83;2;0.0;67.30750884979932;0;0;1
4400;0;3;534;0.0;310;7;21791.905;0.0;37;3;9;4;208;69;108;1.76;1;1;166.25;0;133;1;0.0;0.0;0;0;0
4401;0;2;534;0.0;310;7;21791.905;0.0;37;3;9;4;208;39;120;1.76;1;1;166.25;0;134;1;0.0;58.17917781737929;0;0;2
4402;0;6;534;18.0;310;7;21791.905;0.0;37;3;9;4;208;69;108;1.76;1;1;166.25;0;155;0;0.0;100.1950462744107;0;0;0
4403;0;0;534;18.0;310;7;21791.905;0.0;37;3;9;4;208;69;108;0.0;1;1;166.25;0;156;1;0.0;54.19166082406265;0;0;0
4404;0;7;534;18.0;310;7;21791.905;0.0;37;3;9;4;208;69;108;1.76;1;1;166.25;0;159;1;0.0;0.0;0;0;0
4405;0;5;534;19.0;310;7;21791.905;0.0;37;3;9;4;208;28;120;1.76;1;1;166.25;0;160;1;0.0;146.33579817195326;0;0;0
4406;0;4;336;19.0;310;7;0.0;0.0;37;3;9;4;208;69;108;1.76;1;1;166.25;0;161;1;0.0;111.49865876939556;0;0;0
4407;0;1;534;19.0;310;7;21791.905;0.0;37;3;9;4;208;69;82;1.76;1;1;166.25;0;162;1;0.0;60.0953415756205;0;0;0
4408;0;3;95;18.0;450;12;77854.26;6411855.0;39;4;11;16;762;50;12;1.3;0;1;1220.31;0;170;1;217660.0;359.05405228053274;0;0;0
4409;0;2;95;18.0;450;12;0.0;6411855.0;39;4;11;16;762;71;24;1.3;56;1;1220.31;0;179;1;0.0;70.19411964127184;0;0;0
4410;0;6;95;18.0;450;12;77854.26;6411855.0;39;4;11;16;762;50;12;1.3;0;1;1220.31;0;404;1;662580.0;759.9532269330236;0;0;2
4411;0;0;95;18.0;450;12;77854.26;6411855.0;39;4;11;16;762;50;12;1.3;0;2;1220.31;0;183;1;0.0;246.3963231555436;0;0;2
4412;0;7;95;19.0;450;12;77854.26;0.0;39;4;11;16;762;50;18;1.3;0;1;1220.31;0;184;1;0.0;252.83974430444667;0;0;2
4413;0;5;95;19.0;450;12;77854.26;6411855.0;39;4;11;16;762;71;12;-0.7;0;1;1220.31;0;185;1;0.0;183.4012266849708;0;0;2
4414;0;4;95;19.0;450;12;77854.26;6411855.0;39;4;11;16;762;50;12;1.3;0;2;1220.31;0;186;1;0.0;301.92813593199503;0;0;2
4415;0;1;95;19.0;450;12;77854.26;6411855.0;39;4;11;16;762;50;12;1.3;85;2;1220.31;0;187;1;0.0;582.8910746314092;0;0;2
4416;0;3;54;39.0;478;8;99802.48;0.0;41;3;17;26;430;11;28;5.27;0;3;248.48;0;221;1;0.0;197.5834669332133;0;0;2
4417;0;2;54;39.0;478;8;99802.48;0.0;41;3;17;62;430;14;16;5.27;0;3;248.48;0;404;0;0.0;852.2369636635657;0;0;2
4418;0;6;54;39.0;478;8;99802.48;0.0;41;3;17;0;430;14;28;5.27;0;3;248.48;0;223;1;0.0;753.6503076333978;0;0;2
4419;0;0;54;39.0;478;8;99802.48;0.0;41;3;17;26;430;14;28;5.27;0;3;248.48;0;224;1;0.0;346.95071822092774;0;0;1
4420;0;7;54;39.0;478;8;99802.48;0.0;41;3;17;0;430;14;28;5.27;0;3;248.48;0;225;1;0.0;628.8307849220315;0;0;1
4421;0;5;54;39.0;478;8;0.0;0.0;41;3;17;26;430;14;30;5.27;0;3;248.48;0;226;1;0.0;0.0;0;0;1
4422;0;4;54;0.0;478;8;99802.48;0.0;41;3;17;26;430;18;28;5.27;0;3;248.48;0;404;1;0.0;0.0;0;0;1
4423;0;1;54;0.0;478;8;99802.48;0.0;41;3;17;26;430;14;98;5.27;0;2;248.48;0;218;1;0.0;539.464482241506;0;0;2
4424;0;3;169;55.0;625;4;108491.28;927294.0;41;5;6;62;164;26;32;5.94;42;2;973.25;0;136;1;0.0;208.60927606233463;0;0;2
4425;0;2;169;55.0;263;4;108491.28;927294.0;41;5;6;18;164;26;32;7.94;42;3;973.25;0;137;1;0.0;354.97993619728663;0;0;2
4426;0;6;169;55.0;625;4;108491.28;927294.0;41;5;6;18;164;26;32;5.94;42;3;973.25;0;138;1;0.0;751.3098424392706;0;0;2
4427;0;0;169;55.0;263;4;108491.28;927294.0;41;5;6;18;164;26;32;5.94;42;2;973.25;0;139;1;0.0;238.82413149644535;0;0;2
4428;0;7;169;55.0;263;4;108491.28;927294.0;41;5;6;18;164;26;34;5.94;42;3;973.25;0;140;1;0.0;224.2602444595363;0;0;2
4429;0;5;169;55.0;263;4;108491.28;927294.0;41;5;6;18;164;26;34;4.94;42;2;973.25;0;404;1;792570.0;307.5226309256918;0;0;2
4430;0;4;169;55.0;263;4;108491.28;0.0;3;5;6;18;164;26;32;5.94;42;2;973.25;0;142;1;0.0;0.0;0;0;0
4431;0;1;336;55.0;263;4;108491.28;927294.0;41;5;6;18;164;26;32;5.94;64;3;973.25;0;404;1;0.0;168.05543527395466;0;0;0
4432;0;3;543;38.0;337;2;14021.57;0.0;70;10;21;40;535;29;28;15.8;69;0;3889.88;0;386;2;0.0;37.19244660664719;0;0;2
4433;0;2;543;38.0;337;2;14021.57;0.0;70;10;21;40;535;29;128;15.8;69;0;3889.88;0;387;2;0.0;77.01670990383008;0;0;2
4434;0;6;543;38.0;337;2;14021.57;0.0;70;10;21;40;535;29;28;15.8;69;0;3889.88;0;388;2;0.0;106.96201289792693;0;0;2
4435;0;0;543;38.0;337;2;14021.57;0.0;70;10;21;40;535;29;32;15.8;69;2;3889.88;0;389;2;0.0;43.67451536689384;0;0;2
4436;0;7;543;38.0;625;2;14021.57;0.0;70;10;21;40;535;29;28;15.8;69;2;3889.88;0;390;0;0.0;0.0;0;0;2
4437;0;5;543;38.0;337;8;14021.57;0.0;70;10;21;40;535;23;128;13.8;69;0;3889.88;0;404;2;0.0;0.0;0;0;2
4438;0;4;543;39.0;337;2;14021.57;0.0;70;10;21;40;535;29;128;15.8;69;0;3889.88;0;382;0;0.0;93.63956020348044;0;0;2
4439;0;1;336;39.0;337;2;14021.57;0.0;70;10;21;62;535;29;32;15.8;7;2;3889.88;0;383;2;0.0;73.16460044115462;0;0;2
4440;0;3;336;44.0;625;11;76391.48;0.0;1;4;10;16;755;25;108;1.77;58;1;614.83;0;207;1;0.0;228.8155510568206;0;0;1
4441;0;2;122;44.0;161;11;76391.48;0.0;1;4;10;16;755;25;128;1.77;58;2;614.83;0;208;1;0.0;184.489162883793;0;0;1
4442;0;6;122;44.0;161;11;76391.48;0.0;1;4;10;16;755;25;108;1.77;58;1;614.83;0;209;1;0.0;151.70773788950189;0;0;2
4443;0;0;122;44.0;161;11;76391.48;0.0;1;4;10;16;755;24;108;1.77;58;1;614.83;0;404;0;0.0;0.0;0;0;1
4444;0;7;122;44.0;161;11;76391.48;0.0;1;4;10;16;755;25;108;1.77;58;1;614.83;0;404;1;0.0;285.69220629282864;0;0;1
4445;0;5;122;44.0;161;11;76391.48;0.0;1;4;10;16;755;25;128;0.77;58;1;614.83;0;212;1;0.0;553.5100478693813;0;0;1
4446;0;4;122;44.0;161;11;13187253.0;0.0;1;4;10;62;755;25;108;1.77;58;1;614.83;0;404;1;0.0;254.07417842706772;0;0;1
4447;0;1;122;45.0;161;11;76391.48;0.0;1;4;10;16;755;25;108;1.77;58;1;614.83;0;214;1;0.0;797.3881280039592;0;0;2
4448;0;3;8;18.0;250;1;0.0;0.0;63;6;8;16;266;7;10;11.26;1;1;45.37;0;126;0;0.0;20.89452930891895;0;0;0
4449;0;2;8;18.0;625;1;13486.615;0.0;47;6;8;16;266;70;126;11.26;85;1;45.37;0;127;1;0.0;105.54946604725536;0;0;0
4450;0;6;8;18.0;250;1;13486.615;0.0;63;6;8;16;266;70;120;11.26;1;1;45.37;0;128;0;0.0;113.20200319774727;0;0;2
4451;0;0;8;18.0;250;1;13486.615;0.0;63;6;8;16;266;70;128;11.26;1;1;45.37;0;129;1;0.0;23.179064654768464;0;0;0
4452;0;7;8;18.0;250;1;13486.615;0.0;63;6;8;16;266;50;16;13.26;1;1;45.37;0;130;1;0.0;37.13088788346919;0;0;0
4453;0;5;8;19.0;250;1;19418092.0;0.0;63;6;8;16;266;71;10;12.26;1;1;45.37;0;121;1;0.0;32.50382013391962;0;0;0
4454;0;4;336;19.0;250;1;13486.615;0.0;63;6;8;16;266;70;10;11.26;1;1;45.37;0;122;1;0.0;68.79686560581109;0;0;0
4455;0;1;8;19.0;250;1;13486.615;0.0;63;6;8;16;266;70;10;11.26;1;1;45.37;0;131;1;0.0;87.5901627984788;0;0;0
4456;0;3;398;53.0;175;2;34800.96;263208.0;0;5;10;18;330;28;114;5.19;58;1;344.4;0;244;1;0.0;256.43235668442475;0;0;0
4457;0;2;398;53.0;175;2;34800.96;263208.0;0;5;10;18;330;28;114;11.19;58;1;344.4;0;245;1;0.0;102.9715430209744;0;0;0
4458;0;6;398;53.0;175;2;34800.96;263208.0;0;5;10;62;330;28;114;5.19;58;1;344.4;0;246;1;0.0;39.05794865388919;0;0;0
4459;0;0;398;54.0;175;2;34800.96;263208.0;0;5;10;18;330;28;128;5.19;58;1;344.4;0;247;1;0.0;135.96162239973663;0;0;2
4460;0;7;398;54.0;175;2;34800.96;263208.0;0;5;10;0;330;28;10;5.19;58;1;344.4;0;404;1;0.0;162.30088740663376;0;0;2
4461;0;5;398;54.0;175;2;34800.96;263208.0;0;5;10;18;330;69;128;5.19;58;2;344.4;0;249;1;0.0;279.96772749401816;0;0;2
4462;0;4;398;54.0;175;2;0.0;263208.0;0;5;10;18;330;28;36;6.19;58;1;344.4;0;250;0;0.0;223.7184402543716;0;0;2
4463;0;1;398;54.0;175;2;15154025.0;263208.0;0;5;10;62;330;28;114;6.19;58;1;344.4;0;241;1;0.0;142.49170793794485;0;0;2
4464;0;3;84;16.0;99;8;35603.8;0.0;50;6;30;44;51;54;32;22.12;2;2;4041.44;0;15;2;0.0;64.24415267187203;0;0;2
4465;0;2;84;16.0;99;10;35603.8;0.0;50;6;30;44;51;48;32;22.12;2;0;4041.44;0;16;2;0.0;83.34966950302766;0;0;2
4466;0;6;84;16.0;99;10;35603.8;0.0;50;6;30;44;51;53;32;22.12;2;0;4041.44;0;17;2;0.0;69.37323255541216;0;0;2
4467;0;0;84;17.0;99;8;35603.8;0.0;50;6;30;44;51;48;32;22.12;14;0;4041.44;0;404;2;0.0;113.58671068637864;0;0;2
4468;0;7;84;17.0;99;10;35603.8;0.0;50;6;30;44;51;48;40;22.12;14;0;4041.44;0;19;2;0.0;82.61966797737742;0;0;2
4469;0;5;84;17.0;99;10;35603.8;0.0;50;6;30;44;51;48;32;22.12;14;0;4041.44;0;20;0;0.0;203.86613064281144;0;0;2
4470;0;4;84;0.0;99;10;0.0;0.0;50;6;30;44;51;52;128;22.12;14;0;4041.44;0;21;2;0.0;205.1155988759936;0;0;2
4471;0;1;84;17.0;99;8;35603.8;0.0;50;6;30;0;51;48;128;22.12;14;0;4041.44;0;22;2;20820.0;137.18090265663636;0;0;2
4472;0;3;261;42.0;31;2;32414.26;0.0;58;5;20;16;203;71;40;15.28;64;3;695.61;0;63;2;0.0;0.0;0;0;2
4473;0;2;261;42.0;31;2;32414.26;0.0;58;5;20;16;203;71;128;0.0;64;3;695.61;0;64;2;0.0;40.56260592549478;0;0;2
4474;0;6;336;42.0;31;2;32414.26;0.0;58;5;20;16;203;71;30;15.28;64;2;695.61;0;65;2;0.0;173.51931206297473;0;0;2
4475;0;0;261;42.0;31;2;32414.26;0.0;58;5;20;16;203;71;40;15.28;64;3;695.61;0;66;2;0.0;51.19976105543483;0;0;1
4476;0;7;261;42.0;31;2;32414.26;0.0;58;5;20;16;203;71;48;15.28;64;3;695.61;0;67;0;0.0;110.16675439417826;0;0;1
4477;0;5;261;42.0;31;2;32414.26;0.0;58;5;20;16;203;71;40;15.28;64;3;695.61;0;68;2;0.0;103.60977776772344;0;0;1
4478;0;4;261;43.0;31;8;32414.26;0.0;58;5;20;16;203;71;40;15.28;64;3;695.61;0;69;0;0.0;72.2564241587492;0;0;1
4479;0;1;261;43.0;31;2;32414.26;0.0;58;5;20;16;203;11;40;15.28;64;3;695.61;0;404;2;0.0;129.46028115238636;0;0;2
4480;0;3;385;23.0;148;4;34601.35;0.0;45;3;14;16;265;70;120;15.15;64;2;68.23;0;399;0;0.0;340.90542574356937;0;0;2
4481;0;2;385;23.0;148;4;34601.35;0.0;45;3;14;62;265;70;12;15.15;64;3;68.23;0;400;2;0.0;380.7833558074116;0;0;2
4482;0;6;385;23.0;148;4;34601.35;0.0;45;3;14;16;265;8;12;14.15;64;3;68.23;0;401;0;0.0;284.2999526300472;0;0;2
4483;0;0;336;0.0;148;4;34601.35;0.0;45;3;14;16;265;70;12;15.15;85;3;68.23;0;402;2;0.0;215.50434570153865;0;0;1
4484;0;7;385;23.0;148;4;0.0;0.0;45;3;14;16;265;10;18;15.15;64;2;68.23;0;404;2;0.0;0.0;0;0;1
4485;0;5;385;23.0;148;4;34601.35;0.0;45;3;14;16;265;70;12;15.15;64;3;68.23;0;394;2;0.0;236.89761371842903;0;0;1
4486;0;4;385;24.0;148;4;34601.35;0.0;45;3;14;16;265;70;12;15.15;64;3;68.23;0;395;2;0.0;130.7763019887365;0;0;2
4487;0;1;385;24.0;148;4;34601.35;0.0;45;3;14;16;265;70;128;15.15;64;3;68.23;0;23;2;0.0;0.0;0;0;2
4488;0;3;37;50.0;233;14;99007.68;822364.0;58;7;8;2;358;11;30;4.08;0;2;31.89;0;232;1;0.0;212.51496515041703;0;0;0
4489;0;2;37;51.0;233;14;99007.68;822364.0;58;7;8;2;358;11;32;3.08;0;1;31.89;0;233;1;0.0;258.10760395804544;0;0;0
4490;0;6;336;51.0;233;14;99007.68;822364.0;58;7;8;2;358;11;128;3.08;42;2;31.89;0;404;1;0.0;0.0;0;0;0
4491;0;0;37;51.0;233;14;99007.68;822364.0;58;7;8;2;358;11;30;3.08;42;1;31.89;0;235;1;0.0;176.18914700275832;0;0;0
4492;0;7;37;51.0;233;14;99007.68;822364.0;58;7;8;2;358;11;30;3.08;42;1;31.89;0;236;0;0.0;220.03871254910663;0;0;0
4493;0;5;37;51.0;233;14;99007.68;822364.0;58;7;8;2;358;11;30;3.08;42;1;31.89;0;237;1;0.0;752.0535537549847;0;0;0
4494;0;4;37;51.0;233;14;99007.68;822364.0;58;7;8;2;358;11;24;3.08;42;1;31.89;0;238;1;0.0;599.0380912695448;0;0;0
4495;0;1;37;51.0;233;14;99007.68;822364.0;58;7;8;0;358;11;32;3.08;42;2;31.89;0;229;1;0.0;463.88020863157686;0;0;0
4496;0;3;212;45.0;533;7;60572.7;4844725.0;39;3;20;16;206;27;48;19.47;76;3;1582.55;0;24;2;0.0;0.0;0;0;2
4497;0;2;336;45.0;533;7;60572.7;0.0;39;3;20;16;206;27;32;16.47;20;3;1582.55;0;27;2;0.0;0.0;0;0;2
4498;0;6;212;45.0;533;7;60572.7;4844725.0;39;3;20;16;206;27;32;16.47;20;3;1582.55;0;28;2;0.0;0.0;0;0;2
4499;0;0;212;45.0;533;7;60572.7;4844725.0;39;3;20;16;206;27;32;19.47;20;3;1582.55;0;29;2;0.0;221.35200779500656;0;0;2
4500;0;7;212;45.0;533;7;60572.7;4844725.0;39;3;20;16;206;27;32;16.47;20;2;1582.55;0;404;2;521850.0;102.11077451050409;0;0;2
4501;0;5;212;45.0;533;7;60572.7;4844725.0;39;3;20;16;206;32;128;16.47;20;3;1582.55;0;31;2;131760.0;210.1284300886976;0;0;2
4502;0;4;212;45.0;533;7;60572.7;4844725.0;39;3;20;16;206;33;32;16.47;20;3;1582.55;0;32;2;0.0;423.09698139240606;0;0;2
4503;0;1;212;0.0;533;7;60572.7;4844725.0;39;3;20;16;206;27;30;9.47;20;3;1582.55;0;33;2;0.0;191.0682271816501;0;0;2
4504;0;3;432;40.0;399;8;14208.865;0.0;39;4;4;2;358;11;102;4.65;55;1;605.49;0;312;1;0.0;49.44955067516936;0;0;0
4505;0;2;432;40.0;399;8;14208.865;0.0;39;4;4;2;358;11;82;4.65;55;1;605.49;0;315;1;0.0;0.0;0;0;0
4506;0;6;432;40.0;399;8;14208.865;0.0;39;4;4;2;358;11;82;4.65;55;1;605.49;0;404;0;0.0;45.55685358093753;0;0;0
4507;0;0;432;40.0;399;8;14208.865;0.0;39;4;4;2;358;11;82;4.65;55;2;605.49;0;317;1;0.0;98.49157201772113;0;0;0
4508;0;7;432;40.0;399;8;14208.865;0.0;39;4;4;2;358;11;82;4.65;55;1;605.49;0;318;1;0.0;129.75785479048434;0;0;0
4509;0;5;432;40.0;399;8;14208.865;0.0;39;4;4;2;358;15;82;4.65;55;2;605.49;0;319;1;0.0;91.78799504526629;0;0;0
4510;0;4;432;40.0;399;8;14208.865;0.0;39;4;4;2;358;11;112;4.65;55;1;605.49;0;320;1;0.0;62.19311508575117;0;0;0
4511;0;1;432;40.0;399;8;14208.865;0.0;39;4;4;2;358;8;82;4.65;55;1;605.49;0;321;1;0.0;38.34673246829876;0;0;0
4512;0;3;85;32.0;13;8;35836.84;0.0;41;6;18;18;63;10;32;3.66;1;2;1004.66;0;303;1;0.0;114.28134639621904;0;0;2
4513;0;2;85;32.0;13;8;35836.84;0.0;41;6;18;18;63;10;32;3.66;1;3;1004.66;0;304;1;0.0;382.9746726183125;0;0;2
4514;0;6;336;32.0;13;8;35836.84;0.0;41;6;18;18;63;10;128;3.66;58;2;1004.66;0;305;1;0.0;84.35683596585308;0;0;2
4515;0;0;85;32.0;13;8;35836.84;0.0;41;6;18;18;63;10;32;5.66;58;2;1004.66;0;306;1;0.0;21.602913698001384;0;0;2
4516;0;7;85;32.0;13;8;0.0;0.0;41;6;18;18;63;10;32;2.66;58;3;1004.66;0;307;1;0.0;56.1719884611594;0;0;2
4517;0;5;85;7425.0;13;8;35836.84;0.0;41;6;18;18;63;15;128;3.66;58;3;1004.66;0;308;0;0.0;360.312881021182;0;0;2
4518;0;4;85;32.0;13;8;35836.84;0.0;41;6;18;0;63;10;32;3.66;58;2;1004.66;0;309;1;0.0;272.5117588871874;0;0;2
4519;0;1;85;33.0;13;8;35836.84;0.0;41;6;18;18;63;10;32;3.66;58;3;1004.66;0;310;1;0.0;41.68894876497621;0;0;2
4520;0;3;10;7851.0;76;4;20083.06;0.0;63;5;15;18;178;18;60;7.36;72;0;2381.47;0;383;2;0.0;38.55829796647755;0;0;1
4521;0;2;10;18.0;76;8;20083.06;0.0;63;5;15;18;178;18;62;7.36;72;0;2381.47;0;392;2;0.0;142.6060011547923;0;0;1
4522;0;6;10;18.0;76;8;20083.06;0.0;63;5;5397;18;178;14;40;10.36;72;0;2381.47;0;393;2;0.0;60.09306341594076;0;0;1
4523;0;0;10;18.0;76;4;20083.06;0.0;63;5;15;18;178;18;52;0.0;72;0;2381.47;0;396;2;0.0;19.64944973140675;0;0;1
4524;0;7;10;18.0;76;4;20083.06;0.0;63;5;15;18;178;16;62;7.36;72;0;2381.47;0;397;0;0.0;43.22231730754015;0;0;1
4525;0;5;10;18.0;76;4;0.0;0.0;63;5;15;18;178;14;48;7.36;72;0;2381.47;0;398;2;0.0;158.69992910172087;0;0;1
4526;0;4;10;18.0;76;4;20083.06;0.0;63;5;15;18;178;18;128;7.36;72;0;2381.47;0;399;2;0.0;0.0;0;0;2
4527;0;1;10;18.0;76;4;20083.06;0.0;63;5;15;18;178;18;52;7.36;76;0;2381.47;0;400;2;0.0;30.02282939259213;0;0;1
4528;0;3;32;34.0;111;8;26150.38;0.0;45;7;10;26;157;7;48;2.08;42;1;316.19;0;404;1;0.0;38.70382922017893;0;0;2
4529;0;2;32;34.0;111;8;26150.38;0.0;45;7;10;26;157;11;34;2.08;42;1;316.19;0;295;1;0.0;90.90111198464656;0;0;0
4530;0;6;32;34.0;111;8;26150.38;0.0;45;7;10;26;157;10;34;2.08;42;1;316.19;0;296;0;0.0;40.39840460440085;0;0;0
4531;0;0;32;34.0;111;8;26150.38;0.0;45;392;10;26;157;12;128;0.0;42;1;316.19;0;297;1;0.0;75.57549545947651;0;0;2
4532;0;7;32;34.0;111;8;26150.38;0.0;45;7;10;26;157;11;34;3.08;42;1;316.19;0;298;1;0.0;0.0;0;0;2
4533;0;5;32;34.0;111;8;26150.38;0.0;45;7;10;26;157;11;32;2.08;42;1;316.19;0;289;0;0.0;0.0;0;0;2
4534;0;4;32;34.0;111;8;26150.38;0.0;45;7;10;26;157;12;34;2.08;42;1;316.19;0;290;1;0.0;140.39463553870942;0;0;2
4535;0;1;32;34.0;111;8;26150.38;0.0;45;7;10;62;157;11;128;2.08;42;1;316.19;0;299;1;0.0;155.69606271520848;0;0;2
4536;0;3;336;41.0;372;12;14144.48;0.0;58;9;16;40;73;23;32;4.93;14;2;2537.18;0;40;2;0.0;37.13501819267351;0;0;1
4537;0;2;377;42.0;372;12;14144.48;0.0;58;9;16;62;73;23;128;4.93;14;0;2537.18;0;41;2;573800.0;126.30051406745868;0;0;1
4538;0;6;377;42.0;372;12;14144.48;0.0;58;9;16;40;73;23;128;4.93;14;2;2537.18;0;42;0;0.0;103.53350557632444;0;0;1
4539;0;0;377;-500.0;372;8;0.0;0.0;58;9;16;40;73;23;34;4.93;14;0;2537.18;0;43;2;0.0;53.01057796650363;0;0;1
4540;0;7;377;42.0;372;12;0.0;0.0;58;9;16;40;73;23;34;4.93;14;0;2537.18;0;44;2;0.0;94.52533723492432;0;0;2
4541;0;5;377;42.0;372;12;14144.48;0.0;58;9;16;40;73;23;34;4.93;35;0;2537.18;0;45;2;0.0;0.0;0;0;1
4542;0;4;377;42.0;372;12;14144.48;0.0;58;9;16;40;73;18;40;4.93;35;0;2537.18;0;46;2;0.0;136.6564757180036;0;0;1
4543;0;1;377;42.0;372;12;14144.48;0.0;58;9;16;40;73;23;34;4.93;35;0;2537.18;0;404;2;0.0;0.0;0;0;1
4544;0;3;238;54.0;521;0;122008.59;100843825.0;37;7;7;2;358;13;120;4.95;1;1;432.37;0;87;1;0.0;378.9531570760725;0;0;0
4545;0;2;238;55.0;521;0;122008.59;100843825.0;37;569;7;2;358;12;120;4.95;1;1;432.37;0;88;1;0.0;415.9915865586641;0;0;0
4546;0;6;238;55.0;521;8;122008.59;100843825.0;37;7;7;62;358;12;120;4.95;1;1;432.37;0;89;1;0.0;162.58094925918328;0;0;0
4547;0;0;238;55.0;521;0;0.0;100843825.0;37;7;7;62;358;12;120;4.95;1;1;432.37;0;90;1;0.0;192.53273546861152;0;0;0
4548;0;7;238;55.0;521;8;122008.59;0.0;37;7;7;2;358;15;112;4.95;1;1;432.37;0;91;1;0.0;680.303231849702;0;0;0
4549;0;5;238;55.0;521;0;122008.59;100843825.0;37;7;7;2;358;10;120;4.95;63;1;432.37;0;92;1;0.0;288.0175169562812;0;0;0
4550;0;4;238;55.0;521;0;122008.59;0.0;37;7;7;2;358;12;120;7.95;1;1;432.37;0;93;0;0.0;846.717301535257;0;0;0
4551;0;1;336;55.0;521;0;122008.59;0.0;37;7;7;2;358;12;120;8.95;42;1;432.37;0;94;0;0.0;288.6585881158682;0;0;0
4552;0;3;218;44.0;234;12;11956.285;0.0;50;1217;11;26;847;26;128;19.75;69;2;809.11;0;113;2;0.0;0.0;0;0;2
4553;0;2;218;2027.0;234;12;11956.285;0.0;50;6;11;26;847;26;28;19.75;69;3;809.11;0;114;2;0.0;75.2494765978132;0;0;2
4554;0;6;218;44.0;234;12;19869959.0;0.0;50;6;11;26;847;26;128;19.75;69;3;809.11;0;115;0;0.0;62.947294019760285;0;0;2
4555;0;0;218;44.0;234;12;11956.285;0.0;50;6;11;26;847;26;16;13.75;69;3;809.11;0;116;0;0.0;142.57364403079615;0;0;2
4556;0;7;336;44.0;234;12;11956.285;0.0;50;6;11;26;847;26;126;25.75;72;3;809.11;0;117;2;0.0;133.04261976608444;0;0;2
4557;0;5;218;44.0;234;12;11956.285;0.0;50;6;11;26;847;26;18;20.75;72;3;809.11;0;118;2;0.0;105.20216713398408;0;0;2
4558;0;4;218;44.0;234;12;11956.285;0.0;50;6;11;62;847;24;16;19.75;72;2;809.11;0;109;2;0.0;122.28585006126444;0;0;2
4559;0;1;218;44.0;234;12;11956.285;0.0;50;6;11;62;847;29;16;19.75;72;3;809.11;0;110;2;0.0;48.200280152241;0;0;2
4560;0;3;338;38.0;589;7;20949.58;0.0;41;5;8;4;208;23;30;16.25;55;3;486.48;0;404;2;0.0;141.55485846200364;0;0;2
4561;0;2;336;38.0;589;8;20949.58;0.0;41;5;8;4;208;23;30;16.25;55;3;486.48;0;121;0;0.0;120.74316103728236;0;0;2
4562;0;6;338;38.0;589;7;0.0;0.0;41;5;8;4;208;23;30;13.25;55;3;486.48;0;122;2;0.0;65.8018866313594;0;0;2
4563;0;0;338;39.0;625;7;20949.58;0.0;41;5;8;4;208;29;30;16.25;55;3;486.48;0;404;2;0.0;72.88385736578573;0;0;2
4564;0;7;338;39.0;589;7;20949.58;0.0;41;5;8;4;208;23;28;16.25;69;3;486.48;0;132;2;0.0;199.68883619644984;0;0;2
4565;0;5;338;39.0;589;7;20949.58;0.0;41;5;8;4;208;24;30;16.25;85;3;486.48;0;135;2;0.0;61.8237809142741;0;0;2
4566;0;4;336;39.0;589;7;20949.58;0.0;41;5;8;4;208;21;30;16.25;69;3;0.0;0;136;2;0.0;32.4791128284243;0;0;2
4567;0;1;338;39.0;589;7;20949.58;0.0;41;5;8;4;208;22;28;16.25;69;3;486.48;0;137;2;0.0;89.73066705157083;0;0;2
4568;0;3;165;34.0;141;10;18096.155;0.0;39;6;1319;62;245;70;40;12.83;58;3;162.21;0;196;2;312200.0;165.47076910687122;0;0;2
4569;0;2;165;34.0;141;10;18096.155;0.0;39;6;18;18;245;70;40;12.83;58;2;162.21;0;197;2;0.0;166.66361862614642;0;0;2
4570;0;6;165;34.0;141;10;18096.155;0.0;39;6;18;18;245;61;40;12.83;76;3;162.21;0;198;2;0.0;51.099004599544;0;0;2
4571;0;0;165;0.0;141;8;18096.155;0.0;39;6;18;18;245;70;40;13.83;76;3;162.21;0;199;2;0.0;71.8047620705165;0;0;2
4572;0;7;336;34.0;141;10;18096.155;0.0;39;6;18;18;245;70;40;12.83;76;2;162.21;0;200;2;0.0;121.7003945351402;0;0;2
4573;0;5;165;34.0;141;10;18096.155;0.0;39;6;18;18;245;70;30;12.83;76;3;162.21;0;201;2;0.0;31.365906737928764;0;0;2
4574;0;4;165;34.0;141;10;18096.155;0.0;39;6;18;18;245;8;32;12.83;76;3;162.21;0;202;2;0.0;118.72365980875654;0;0;2
4575;0;1;165;34.0;141;10;18096.155;0.0;39;6;18;18;245;70;40;6.83;76;2;162.21;0;404;2;0.0;36.27826642488746;0;0;2
4576;0;3;280;23.0;625;10;37788.3;3097025.0;39;4;9;16;263;10;128;1.4;58;1;1124.37;0;210;1;0.0;87.13427881637135;0;0;0
4577;0;2;336;23.0;452;10;37788.3;3097025.0;39;4;9;62;263;10;8;0.0;58;1;1124.37;0;211;1;0.0;114.0219765304835;0;0;0
4578;0;6;280;23.0;452;10;37788.3;3097025.0;39;4;9;16;263;10;8;1.4;58;2;1124.37;0;212;1;0.0;168.89981344282447;0;0;0
4579;0;0;280;23.0;452;10;37788.3;3097025.0;39;4;9;16;263;15;8;1.4;58;1;1124.37;0;213;1;0.0;0.0;0;0;0
4580;0;7;280;6306.0;452;10;37788.3;3097025.0;39;4;9;16;263;11;46;1.4;58;1;0.0;0;214;0;0.0;122.51309766491092;0;0;0
4581;0;5;280;24.0;452;10;37788.3;3097025.0;39;4;9;16;263;15;8;1.4;58;1;1124.37;0;205;1;0.0;159.64224426409427;0;0;0
4582;0;4;280;24.0;452;10;37788.3;3097025.0;39;4;9;16;263;70;102;1.4;58;2;1124.37;0;404;1;0.0;342.18440738337614;0;0;0
4583;0;1;280;24.0;452;10;37788.3;3097025.0;39;4;9;16;263;10;8;1.4;76;1;1124.37;0;215;1;0.0;96.7894485436408;0;0;0
4584;0;3;175;33.0;104;2;120955.92;1002166.0;37;7;4;62;466;26;108;7.96;55;1;369.36;0;158;1;0.0;1244.2970991324974;0;0;2
4585;0;2;175;34.0;104;2;120955.92;1002166.0;37;7;4;4;466;26;114;5.96;55;1;369.36;0;167;0;0.0;259.4259069449504;0;0;2
4586;0;6;175;34.0;104;2;120955.92;1002166.0;37;7;4;4;466;26;120;5.96;55;1;369.36;0;168;1;0.0;462.9829223551858;0;0;2
4587;0;0;175;34.0;104;2;120955.92;0.0;37;7;4;4;466;26;114;5.96;55;1;369.36;0;404;1;0.0;829.1318409736914;0;0;1
4588;0;7;336;34.0;104;2;120955.92;1002166.0;37;7;4;4;466;26;114;5.96;55;2;369.36;0;172;1;0.0;86.71843764581898;0;0;1
4589;0;5;175;34.0;104;2;120955.92;0.0;37;7;4;4;466;26;128;5.96;76;1;369.36;0;173;1;0.0;210.73101555085583;0;0;1
4590;0;4;175;34.0;104;8;120955.92;0.0;37;7;4;4;466;26;114;5.96;76;1;369.36;0;404;1;0.0;277.42595726841614;0;0;2
4591;0;1;175;34.0;104;2;120955.92;0.0;37;7;4;4;466;26;120;5.96;76;1;369.36;0;404;1;0.0;241.9744007010441;0;0;1
4592;0;3;269;20.0;598;1;27983.07;24979225.0;41;7;2;0;203;69;16;4.36;1;3;1015.21;0;177;1;0.0;48.11376796692192;0;0;2
4593;0;2;269;835.0;598;1;27983.07;24979225.0;41;7;2;16;203;8;28;11.36;1;3;1015.21;0;178;1;0.0;88.15603612553379;0;0;2
4594;0;6;269;20.0;598;8;27983.07;0.0;41;7;2;16;203;61;16;4.36;1;3;1015.21;0;169;1;0.0;326.7765560157415;0;0;2
4595;0;0;269;20.0;598;1;27983.07;24979225.0;41;7;2;16;203;6;28;6.36;1;3;1015.21;0;170;1;0.0;51.6909212267219;0;0;2
4596;0;7;269;20.0;625;1;27983.07;24979225.0;41;7;2;16;203;61;18;4.36;1;2;1015.21;0;404;1;0.0;244.2138525551508;0;0;2
4597;0;5;269;20.0;625;1;27983.07;0.0;41;7;2;16;203;61;28;8.36;1;3;1015.21;0;180;1;0.0;242.61920517360508;0;0;2
4598;0;4;269;20.0;598;1;27983.07;24979225.0;41;7;2;16;203;61;34;2.3600000000000003;1;3;1015.21;0;183;1;0.0;187.79064599793884;0;0;2
4599;0;1;269;20.0;598;8;27983.07;24979225.0;41;7;2;16;203;61;28;-1.6399999999999997;42;3;1015.21;0;184;1;0.0;171.64976021079198;0;0;2
4600;0;3;76;46.0;8;8;56987.92;0.0;41;5;7;4;0;5;108;11.07;58;1;949.65;0;121;1;0.0;55.83966097764971;0;0;0
4601;0;2;76;46.0;8;5;0.0;0.0;41;5;7;4;0;5;82;8.07;58;1;949.65;0;122;1;0.0;260.22119100141043;0;0;0
4602;0;6;336;46.0;8;5;56987.92;0.0;41;5;7;4;0;5;8;8.07;58;1;949.65;0;131;1;0.0;441.22382090427806;0;0;0
4603;0;0;76;46.0;8;5;56987.92;0.0;41;5;7;4;0;3;82;8.07;58;1;949.65;0;132;1;0.0;184.22563811011247;0;0;2
4604;0;7;336;46.0;8;5;0.0;0.0;41;5;7;4;0;5;108;8.07;58;1;949.65;0;135;1;0.0;108.88829494578856;0;0;0
4605;0;5;76;47.0;8;5;56987.92;0.0;41;5;7;4;0;5;102;8.07;58;1;949.65;0;136;1;0.0;362.4292446645992;0;0;2
4606;0;4;76;47.0;8;5;56987.92;0.0;41;5;7;4;0;5;46;8.07;58;1;949.65;0;137;1;0.0;114.25296327291376;0;0;2
4607;0;1;76;3513.0;8;5;56987.92;0.0;41;5;7;0;0;2;112;15.07;58;1;949.65;0;138;1;0.0;101.73454351293144;0;0;0
4608;0;3;303;0.0;247;8;50552.34;4197695.0;63;7;17;4;267;32;16;10.42;69;3;829.97;0;316;2;0.0;272.8113086751444;0;0;2
4609;0;2;336;24.0;625;8;50552.34;4197695.0;63;7;17;4;267;24;16;10.42;69;2;829.97;0;317;2;0.0;216.9164209027974;0;0;2
4610;0;6;303;24.0;247;8;50552.34;0.0;63;7;17;4;267;29;16;10.42;69;3;829.97;0;318;2;0.0;460.955093325389;0;0;2
4611;0;0;303;24.0;247;8;50552.34;4197695.0;63;7;17;4;267;29;16;10.42;69;3;829.97;0;319;2;696500.0;29.06715231491076;0;0;2
4612;0;7;303;25.0;625;8;50552.34;4197695.0;63;7;232;4;267;29;28;8.42;69;3;829.97;0;320;2;0.0;54.760385248433245;0;0;2
4613;0;5;303;25.0;247;8;50552.34;0.0;63;7;17;4;267;29;16;10.42;69;3;829.97;0;321;2;0.0;382.0581899714788;0;0;2
4614;0;4;303;25.0;247;8;50552.34;0.0;63;7;17;4;267;29;16;13.42;69;3;829.97;0;322;0;0.0;218.1275439939399;0;0;2
4615;0;1;303;25.0;247;8;50552.34;4197695.0;63;7;17;4;267;29;16;14.42;69;2;829.97;0;313;2;0.0;0.0;0;0;2
4616;0;3;336;30.0;302;9;16838.82;1398235.0;2;8;19;56;428;13;48;18.02;2;2;4347.3;0;8;0;0.0;151.09116228448096;0;0;2
4617;0;2;430;30.0;302;9;16838.82;1398235.0;2;8;19;56;428;13;40;18.02;2;0;4347.3;0;404;2;0.0;52.32579585413919;0;0;2
4618;0;6;430;30.0;302;9;16838.82;1398235.0;2;8;19;56;428;13;40;18.02;2;0;4347.3;0;10;2;0.0;0.0;0;0;2
4619;0;0;430;30.0;302;9;16838.82;0.0;2;8;19;56;428;13;34;24.02;2;0;4347.3;0;404;2;0.0;0.0;0;0;0
4620;0;7;336;31.0;302;9;16838.82;1398235.0;2;8;19;56;428;13;128;23.02;2;0;4347.3;0;404;2;0.0;156.53240865890757;0;0;2
4621;0;5;430;31.0;302;9;16838.82;1398235.0;2;8;19;56;428;13;128;18.02;2;2;4347.3;0;11;2;0.0;19.77603657894429;0;0;0
4622;0;4;430;31.0;302;8;16838.82;0.0;2;8;19;56;428;12;54;18.02;2;0;4347.3;0;12;2;0.0;81.62264752549682;0;0;2
4623;0;1;430;31.0;302;9;16838.82;1398235.0;2;8;19;56;428;13;40;18.02;20;2;4347.3;0;15;2;0.0;111.57117800981932;0;0;2
4624;0;3;517;14.0;252;10;90592.02;7433335.0;41;7;18;26;822;21;48;15.11;76;3;831.18;0;105;2;0.0;72.10594793788651;0;0;2
4625;0;2;336;14.0;252;10;90592.02;7433335.0;41;7;18;62;822;25;40;15.11;76;3;831.18;0;404;0;0.0;264.1699185265458;0;0;2
4626;0;6;336;14.0;252;10;90592.02;7433335.0;41;7;18;26;822;25;128;15.11;76;3;831.18;0;97;2;0.0;384.1249508138824;0;0;2
4627;0;0;517;14.0;252;10;90592.02;7433335.0;41;7;18;26;822;21;128;22.11;76;2;831.18;0;98;2;0.0;566.1485892901998;0;0;0
4628;0;7;517;14.0;252;10;90592.02;7433335.0;41;7;18;26;822;25;60;15.11;76;3;831.18;0;107;2;0.0;242.5396848277322;0;0;0
4629;0;5;517;15.0;252;10;90592.02;7433335.0;41;7;18;26;822;25;48;15.11;76;2;831.18;0;108;2;0.0;640.0359607881601;0;0;0
4630;0;4;517;0.0;252;10;90592.02;7433335.0;41;7;18;26;822;25;48;15.11;76;3;831.18;0;111;2;0.0;188.7368286512259;0;0;0
4631;0;1;517;15.0;252;8;90592.02;0.0;41;7;18;26;822;25;48;19.11;76;3;831.18;0;112;2;0.0;97.51629432931708;0;0;0
4632;0;3;366;29.0;116;1;29695.58;0.0;63;3;3;2;358;50;28;0.0;0;2;133.56;0;198;1;0.0;178.55034111970406;0;0;0
4633;0;2;366;29.0;116;1;29695.58;0.0;63;3;3;2;358;50;28;7.46;0;1;133.56;0;404;0;0.0;89.60518000472312;0;0;2
4634;0;6;366;29.0;116;1;29695.58;0.0;63;3;3;2;358;50;34;7.46;55;1;133.56;0;200;1;0.0;78.67219543177659;0;0;0
4635;0;0;336;29.0;625;1;0.0;0.0;63;3;3;2;358;50;16;7.46;55;1;133.56;0;201;0;231220.0;229.26408793237763;0;0;2
4636;0;7;366;0.0;625;1;29695.58;0.0;63;3;3;2;358;50;28;7.46;55;1;133.56;0;404;1;0.0;103.71127454079344;0;0;2
4637;0;5;366;30.0;116;1;29695.58;0.0;63;3;3;2;358;50;32;7.46;55;1;133.56;0;193;1;118060.0;161.8982516468071;0;0;0
4638;0;4;366;30.0;116;1;29695.58;0.0;63;3;3;2;358;50;128;7.46;55;1;133.56;0;194;1;0.0;100.8531814910403;0;0;0
4639;0;1;336;30.0;116;1;29695.58;0.0;63;3;3;2;358;70;28;7.46;55;1;133.56;0;203;1;0.0;46.77502374358332;0;0;0
4640;0;3;448;21.0;333;12;85667.7;0.0;37;2;7;2;358;11;12;5.6;55;1;1457.34;0;168;1;0.0;481.285827560876;0;0;0
4641;0;2;448;22.0;333;12;0.0;0.0;37;2;7;2;358;12;12;5.6;55;1;1457.34;0;404;1;0.0;236.993031972498;0;0;0
4642;0;6;448;22.0;333;12;85667.7;0.0;37;2;7;2;358;11;12;5.6;55;1;1457.34;0;172;1;0.0;592.9770086640781;0;0;0
4643;0;0;448;22.0;333;12;85667.7;0.0;37;2;7;2;358;11;120;5.6;55;2;1457.34;0;173;1;0.0;640.0608202095492;0;0;0
4644;0;7;448;22.0;333;12;85667.7;0.0;37;2;7;0;358;11;12;1.5999999999999996;55;1;1457.34;0;174;1;0.0;378.1171172808114;0;0;0
4645;0;5;448;22.0;333;12;85667.7;0.0;37;2;7;2;358;11;18;5.6;85;1;1457.34;0;175;1;0.0;219.5328073337756;0;0;0
4646;0;4;448;22.0;333;12;85667.7;0.0;37;2;7;2;358;11;12;5.6;55;1;1457.34;0;176;1;0.0;599.7173962242646;0;0;0
4647;0;1;448;22.0;333;12;85667.7;0.0;37;412;7;2;358;11;12;5.6;55;1;1457.34;0;177;1;0.0;464.9600955941068;0;0;0
4648;0;3;495;39.0;625;11;83386.52;0.0;2;6;23;44;817;35;62;17.3;69;0;4972.4;0;354;2;0.0;178.46362783070438;0;0;2
4649;0;2;495;39.0;27;11;0.0;0.0;2;6;23;0;817;35;62;22.3;69;2;4972.4;0;355;2;0.0;620.1143708095788;0;0;2
4650;0;6;495;39.0;27;11;16328744.0;0.0;2;6;23;44;817;35;68;22.3;69;0;4972.4;0;346;2;0.0;561.5410966642563;0;0;2
4651;0;0;495;39.0;27;11;83386.52;0.0;2;6;23;44;817;35;128;20.3;69;0;4972.4;0;347;2;0.0;0.0;0;0;2
4652;0;7;495;39.0;27;11;83386.52;0.0;2;6;23;0;817;35;52;22.3;69;0;4972.4;0;404;2;0.0;542.6004391719323;0;0;2
4653;0;5;336;39.0;27;11;83386.52;0.0;2;6;23;44;817;35;54;22.3;76;0;4972.4;0;357;2;0.0;231.01680572751505;0;0;2
4654;0;4;495;39.0;27;8;83386.52;0.0;2;6;23;44;817;30;62;22.3;76;2;4972.4;0;360;2;0.0;183.4214480024657;0;0;2
4655;0;1;495;39.0;27;11;83386.52;0.0;2;6;23;44;817;35;62;22.3;76;0;4972.4;0;361;2;0.0;126.23380470105032;0;0;2
4656;0;3;425;6846.0;381;0;0.0;0.0;45;9;28;16;89;20;40;8.5;76;3;1710.58;0;80;2;0.0;30.54785584414281;0;0;1
4657;0;2;425;36.0;381;0;10299.565;0.0;45;9;28;16;89;18;30;8.5;76;3;1710.58;0;81;2;0.0;46.593005644804926;0;0;1
4658;0;6;425;36.0;381;0;10299.565;0.0;45;9;28;16;89;22;30;8.5;76;3;1710.58;0;82;2;0.0;27.22418310776197;0;0;1
4659;0;0;425;36.0;381;0;10299.565;0.0;45;9;28;16;89;23;30;12.5;76;2;1710.58;0;73;2;0.0;27.060034918509345;0;0;1
4660;0;7;425;36.0;381;0;10299.565;0.0;45;9;28;16;89;23;30;8.5;76;3;1710.58;0;74;2;0.0;26.640688314125093;0;0;1
4661;0;5;425;36.0;381;0;10299.565;0.0;45;9;28;16;89;25;30;8.5;76;3;1710.58;0;83;2;0.0;68.53376141100249;0;0;2
4662;0;4;425;36.0;381;0;10299.565;0.0;45;9;28;16;89;22;30;8.5;76;3;1710.58;0;84;2;0.0;42.555490201980405;0;0;2
4663;0;1;336;37.0;381;0;10299.565;0.0;45;9;28;16;89;16;128;8.5;76;3;1710.58;0;87;2;0.0;69.00079643383125;0;0;2
4664;0;3;155;24.0;409;7;73871.92;0.0;63;10;33;0;536;15;18;10.6;14;3;2284.63;0;100;2;0.0;312.6566203681295;0;0;1
4665;0;2;155;24.0;409;7;73871.92;0.0;63;10;1033;44;536;14;106;10.6;85;3;2284.63;0;101;2;0.0;117.31858239700595;0;0;1
4666;0;6;155;24.0;409;7;73871.92;0.0;63;10;33;44;536;14;18;10.6;26;2;2284.63;0;102;2;0.0;0.0;0;0;1
4667;0;0;336;24.0;625;7;73871.92;0.0;63;10;33;0;536;18;128;10.6;26;3;2284.63;0;103;2;0.0;536.2263731657998;0;0;2
4668;0;7;336;24.0;409;7;73871.92;0.0;63;10;33;44;536;14;16;10.6;26;2;2284.63;0;104;2;619160.0;410.142156652145;0;0;2
4669;0;5;155;24.0;409;7;73871.92;0.0;63;10;33;44;536;11;10;10.6;26;3;2284.63;0;105;2;0.0;616.1428960826082;0;0;2
4670;0;4;155;24.0;409;7;73871.92;0.0;63;10;33;44;536;14;16;10.6;26;2;2284.63;0;106;2;0.0;79.40895129390077;0;0;2
4671;0;1;155;24.0;409;7;73871.92;0.0;63;10;33;44;536;14;24;10.6;26;3;2284.63;0;97;2;0.0;160.04047570712532;0;0;2
4672;0;3;587;19.0;572;13;29353.04;0.0;50;9;23;40;341;45;60;6.06;76;0;1882.15;0;112;2;0.0;67.93453713663837;0;0;1
4673;0;2;587;19.0;572;13;29353.04;0.0;50;9;23;40;341;47;60;1.0599999999999996;76;2;1882.15;0;404;2;0.0;243.5121499484908;0;0;1
4674;0;6;336;6868.0;572;8;0.0;0.0;50;9;23;40;341;45;60;6.06;76;0;1882.15;0;114;2;0.0;83.19601029826505;0;0;1
4675;0;0;587;19.0;572;13;0.0;0.0;50;9;23;40;341;49;54;6.06;76;0;1882.15;0;115;2;0.0;87.60946815575943;0;0;1
4676;0;7;587;19.0;572;13;29353.04;0.0;50;9;23;0;341;49;48;6.06;76;0;1882.15;0;404;2;0.0;63.25364937510392;0;0;1
4677;0;5;587;0.0;572;13;29353.04;0.0;50;9;23;40;341;45;60;6.06;76;2;1882.15;0;117;2;0.0;195.4843385951341;0;0;1
4678;0;4;587;19.0;572;13;29353.04;0.0;50;9;23;40;341;45;66;6.06;76;0;1882.15;0;118;2;0.0;25.00858031030624;0;0;1
4679;0;1;587;19.0;572;13;29353.04;0.0;60;9;23;40;341;45;60;6.06;2;0;1882.15;0;109;2;0.0;26.378721780614462;0;0;1
4680;0;3;139;40.0;296;6;43700.61;35747175.0;0;7;5;16;759;17;12;5.57;58;1;633.46;0;303;1;0.0;169.84700954557394;0;0;0
4681;0;2;139;40.0;296;6;43700.61;35747175.0;0;7;5;16;759;39;126;5.57;58;1;633.46;0;304;1;0.0;86.33554769405785;0;0;0
4682;0;6;139;40.0;296;6;0.0;35747175.0;0;7;5;16;759;17;12;5.57;76;2;633.46;0;305;1;0.0;296.9075251634267;0;0;0
4683;0;0;139;40.0;296;6;43700.61;35747175.0;0;7;5;16;759;1;12;7.57;76;1;633.46;0;306;1;0.0;67.10454474453513;0;0;0
4684;0;7;139;40.0;296;6;43700.61;35747175.0;0;7;5;16;759;17;12;5.57;76;1;633.46;0;307;1;0.0;119.01986749624884;0;0;0
4685;0;5;336;40.0;296;6;43700.61;35747175.0;0;7;5;16;759;17;12;5.57;76;1;633.46;0;308;1;0.0;42.30663914107861;0;0;0
4686;0;4;139;40.0;296;6;43700.61;35747175.0;0;7;5;16;759;17;12;5.57;76;1;633.46;0;309;1;0.0;87.76399863731743;0;0;0
4687;0;1;139;7805.0;296;6;43700.61;35747175.0;0;7;5;16;759;17;16;5.57;76;2;633.46;0;310;0;0.0;122.09209046515367;0;0;2
4688;0;3;431;29.0;496;4;16471.35;12116125.0;39;8;21;26;826;69;32;15.77;14;3;1898.34;0;66;2;0.0;36.935821419626045;0;0;1
4689;0;2;431;29.0;496;4;16471.35;12116125.0;39;8;21;26;826;70;34;16.77;14;3;1898.34;0;67;2;0.0;129.2557407335729;0;0;1
4690;0;6;336;29.0;496;4;16471.35;12116125.0;39;8;21;26;826;71;32;18.77;26;3;1898.34;0;68;2;0.0;78.50955584774245;0;0;1
4691;0;0;431;29.0;496;4;16471.35;0.0;39;8;21;26;826;71;32;15.77;26;2;1898.34;0;69;2;0.0;0.0;0;0;1
4692;0;7;431;29.0;496;4;16471.35;12116125.0;39;8;21;26;826;70;128;0.0;26;3;1898.34;0;404;2;0.0;79.61192974914745;0;0;2
4693;0;5;431;29.0;625;4;16471.35;12116125.0;39;8;21;26;826;70;32;15.77;26;3;1898.34;0;61;2;0.0;73.49881394908995;0;0;1
4694;0;4;431;29.0;496;8;0.0;12116125.0;39;8;21;26;826;70;32;15.77;26;3;1898.34;0;62;0;0.0;77.53902103568386;0;0;1
4695;0;1;431;29.0;496;4;16471.35;12116125.0;39;8;21;26;826;7;32;15.77;26;3;1898.34;0;71;2;0.0;52.7827593391844;0;0;2
4696;0;3;101;23.0;345;8;65187.34;0.0;50;6;8;18;158;21;126;5.38;1;3;441.86;0;134;1;0.0;318.133530274162;0;0;2
4697;0;2;101;23.0;345;8;65187.34;0.0;50;6;8;18;158;21;126;5.38;1;3;441.86;0;155;1;0.0;0.0;0;0;2
4698;0;6;101;23.0;345;8;65187.34;0.0;50;6;8;18;158;21;120;5.38;1;3;441.86;0;156;0;0.0;348.5450719677671;0;0;2
4699;0;0;101;23.0;345;8;65187.34;0.0;50;6;8;18;158;24;16;-0.6200000000000001;1;2;441.86;0;159;0;0.0;403.37011064067457;0;0;2
4700;0;7;336;23.0;345;8;65187.34;0.0;50;6;8;18;158;20;126;5.38;1;3;441.86;0;160;1;0.0;504.5375275812063;0;0;2
4701;0;5;101;23.0;345;8;65187.34;0.0;50;6;4220;18;158;21;126;5.38;1;3;441.86;0;161;1;0.0;107.43527461119396;0;0;2
4702;0;4;101;23.0;345;8;65187.34;0.0;50;6;8;18;158;21;126;5.38;85;2;441.86;0;162;1;0.0;372.4657280792775;0;0;2
4703;0;1;101;23.0;345;8;65187.34;0.0;50;6;8;18;158;21;126;5.38;1;3;441.86;0;163;1;0.0;143.98471607572174;0;0;2
4704;0;3;87;40.0;257;14;29661.64;0.0;50;6;11;44;78;18;32;12.5;69;2;347.44;0;372;2;0.0;81.1791130294703;0;0;2
4705;0;2;87;40.0;257;14;29661.64;0.0;50;6;11;44;78;18;30;12.5;69;3;347.44;0;373;2;0.0;197.79580531447635;0;0;2
4706;0;6;87;40.0;257;14;29661.64;0.0;50;6;11;0;78;18;30;12.5;69;2;347.44;0;374;2;0.0;118.79750613535435;0;0;2
4707;0;0;87;40.0;257;14;29661.64;0.0;50;6;11;44;78;18;30;12.5;69;3;347.44;0;375;2;0.0;114.37530314894352;0;0;2
4708;0;7;87;40.0;257;14;29661.64;0.0;50;6;11;44;78;18;30;12.5;2;3;347.44;0;376;0;0.0;172.3740983324942;0;0;2
4709;0;5;87;40.0;257;14;0.0;0.0;50;6;1646;44;78;18;30;18.5;2;3;347.44;0;377;0;0.0;54.740580106043126;0;0;2
4710;0;4;87;0.0;257;14;1914271.0;0.0;50;6;11;62;78;18;32;12.5;2;2;347.44;0;404;2;0.0;170.854985074195;0;0;0
4711;0;1;87;40.0;257;14;29661.64;0.0;50;6;11;0;78;15;30;12.5;2;3;347.44;0;404;2;0.0;60.35717830332838;0;0;0
4712;0;3;505;23.0;625;8;101912.13;85036775.0;45;1;4;2;358;50;82;4.83;42;1;0.0;0;134;0;0.0;295.87664723347774;0;0;0
4713;0;2;505;23.0;592;14;101912.13;85036775.0;45;1;4;2;358;50;6;0.0;42;1;152.6;0;155;1;0.0;349.3415713189695;0;0;0
4714;0;6;505;24.0;592;14;101912.13;85036775.0;45;1;4;2;358;50;128;2.83;42;2;152.6;0;156;1;0.0;783.8010625520848;0;0;0
4715;0;0;505;24.0;592;14;101912.13;85036775.0;45;1;4;2;358;50;128;5.83;85;2;152.6;0;159;1;0.0;90.13946917553052;0;0;0
4716;0;7;505;24.0;592;14;101912.13;85036775.0;41;0;4;2;358;50;46;4.83;42;1;152.6;0;160;1;0.0;346.9351161960141;0;0;0
4717;0;5;505;24.0;592;8;0.0;85036775.0;41;0;4;2;358;50;112;4.83;42;1;152.6;0;161;1;0.0;66.23205272972119;0;0;2
4718;0;4;505;24.0;592;8;101912.13;85036775.0;41;0;4;2;358;50;112;4.83;23;1;152.6;0;162;0;0.0;287.4291681173733;0;0;0
4719;0;1;505;24.0;592;14;101912.13;85036775.0;41;0;4;2;358;50;82;4.83;42;2;152.6;0;163;1;0.0;411.27366724738965;0;0;0
4720;0;3;276;40.0;195;1;65454.42;5205535.0;41;4;17;4;93;24;16;11.82;0;2;768.36;0;253;2;0.0;60.96331678493475;0;0;2
4721;0;2;276;40.0;195;1;65454.42;0.0;41;4;17;4;93;21;16;11.82;0;3;768.36;0;254;0;0.0;104.67669812976293;0;0;2
4722;0;6;276;40.0;195;1;65454.42;5205535.0;41;4;17;4;93;24;44;11.82;0;3;768.36;0;263;2;0.0;169.0320109898056;0;0;2
4723;0;0;276;40.0;195;1;65454.42;5205535.0;41;4;17;4;93;24;16;11.82;0;3;768.36;0;264;2;0.0;560.9560121173984;0;0;2
4724;0;7;336;40.0;195;1;65454.42;5205535.0;41;4;17;4;93;24;16;11.82;0;2;768.36;0;267;0;0.0;0.0;0;0;2
4725;0;5;276;40.0;195;1;65454.42;0.0;41;4;17;4;93;24;16;11.82;0;3;768.36;0;268;2;0.0;77.26165277323076;0;0;2
4726;0;4;276;40.0;195;1;65454.42;5205535.0;41;4;17;4;93;24;16;11.82;42;3;768.36;0;269;2;0.0;0.0;0;0;1
4727;0;1;276;40.0;195;1;65454.42;5205535.0;41;4;17;4;93;24;16;11.82;42;2;768.36;0;270;2;0.0;273.21132911005213;0;0;1
4728;0;3;485;-500.0;371;10;0.0;0.0;41;4;7;16;761;16;10;11.16;76;3;2264.71;0;390;2;0.0;149.76911034984911;0;0;2
4729;0;2;485;42.0;371;10;20397.26;0.0;41;1323;7;16;761;16;12;11.16;76;3;2264.71;0;391;2;0.0;56.05226397722794;0;0;2
4730;0;6;485;42.0;371;10;20397.26;0.0;41;4;7;16;761;16;12;11.16;76;3;2264.71;0;382;2;0.0;0.0;0;0;2
4731;0;0;485;42.0;371;10;20397.26;0.0;41;4;7;16;761;16;126;11.16;76;3;2264.71;0;383;2;0.0;109.59216001539475;0;0;2
4732;0;7;485;42.0;371;8;20397.26;0.0;41;4;7;16;761;16;128;11.16;76;3;2264.71;0;392;2;0.0;20.286280203204328;0;0;2
4733;0;5;485;43.0;371;10;20397.26;0.0;41;4;7;16;761;16;12;11.16;76;3;2264.71;0;393;2;0.0;0.0;0;0;2
4734;0;4;485;43.0;371;10;0.0;0.0;41;4;7;16;761;16;12;11.16;76;3;2264.71;0;396;2;0.0;90.2991880891845;0;0;2
4735;0;1;485;43.0;371;10;0.0;0.0;41;4;7;16;761;16;12;11.16;76;2;2264.71;0;397;2;0.0;49.16386057408178;0;0;2
4736;0;3;406;18.0;84;3;38760.82;0.0;1;2;11;18;718;8;120;6.74;58;1;468.18;0;218;1;0.0;120.18915678331123;0;0;0
4737;0;2;406;18.0;625;3;38760.82;0.0;1;2;11;18;718;8;120;6.74;58;1;468.18;0;227;0;0.0;63.12575051079851;0;0;0
4738;0;6;406;18.0;84;3;38760.82;0.0;1;2;11;18;718;8;120;6.74;58;1;468.18;0;228;1;0.0;109.10871821466064;0;0;0
4739;0;0;406;18.0;84;3;38760.82;0.0;1;2;11;18;718;8;120;0.0;58;1;468.18;0;231;1;0.0;87.74745596498009;0;0;2
4740;0;7;336;18.0;84;3;38760.82;0.0;1;1379;11;18;718;8;120;6.74;58;2;468.18;0;232;1;0.0;81.65393474141709;0;0;0
4741;0;5;406;18.0;84;3;38760.82;0.0;1;2;11;62;718;8;120;6.74;58;1;468.18;0;233;1;0.0;0.0;0;0;0
4742;0;4;406;19.0;84;3;38760.82;0.0;1;2;11;18;718;8;128;6.74;58;1;468.18;0;234;1;0.0;116.4183784701385;0;0;0
4743;0;1;406;19.0;84;8;38760.82;0.0;1;2;11;18;718;8;128;6.74;58;1;468.18;0;235;1;0.0;368.7411300303578;0;0;0
4744;0;3;184;38.0;232;1;37131.02;0.0;45;7;8;4;763;61;102;10.3;42;1;88.0;0;243;1;0.0;99.2752882973952;0;0;2
4745;0;2;184;38.0;232;1;37131.02;0.0;45;7;8;4;763;61;102;10.3;72;1;88.0;0;244;1;0.0;49.56759594954352;0;0;0
4746;0;6;184;38.0;232;1;37131.02;0.0;45;7;8;4;763;61;102;0.0;72;1;88.0;0;245;1;0.0;405.70189453351753;0;0;0
4747;0;0;184;7274.0;232;1;37131.02;0.0;45;7;8;4;763;61;102;10.3;85;1;88.0;0;246;0;0.0;41.09880283464962;0;0;0
4748;0;7;184;38.0;232;1;0.0;0.0;45;7;3800;62;763;61;8;10.3;72;1;88.0;0;247;1;0.0;134.90515227569207;0;0;0
4749;0;5;184;38.0;232;1;37131.02;0.0;45;7;8;4;763;61;82;10.3;72;1;88.0;0;248;1;0.0;114.7428861287716;0;0;0
4750;0;4;184;38.0;232;1;37131.02;0.0;45;7;8;4;763;39;128;10.3;72;1;88.0;0;249;1;0.0;47.40108612632361;0;0;0
4751;0;1;184;38.0;232;1;37131.02;0.0;45;7;8;4;763;70;102;10.3;72;1;88.0;0;250;1;0.0;410.8337520901943;0;0;2
4752;0;3;524;23.0;417;9;140254.28;0.0;45;5;7;18;159;71;128;6.7;58;1;84.81;0;180;1;0.0;258.7092311177184;0;0;0
4753;0;2;336;23.0;417;9;140254.28;0.0;10;5;7;62;159;11;16;6.7;58;1;84.81;0;183;1;0.0;505.18579318786425;0;0;2
4754;0;6;336;23.0;417;8;140254.28;0.0;45;5;7;18;159;71;28;6.7;58;1;84.81;0;404;1;0.0;135.72092408309572;0;0;2
4755;0;0;524;0.0;417;9;140254.28;0.0;45;5;7;0;159;71;24;1.7000000000000002;58;1;84.81;0;185;1;0.0;134.26350074634848;0;0;0
4756;0;7;524;0.0;417;9;140254.28;0.0;45;5;7;62;159;71;12;6.7;58;2;84.81;0;186;1;0.0;692.6053099004688;0;0;0
4757;0;5;524;23.0;417;9;140254.28;0.0;45;5;7;18;159;69;12;6.7;58;1;84.81;0;187;1;0.0;146.3575349915991;0;0;0
4758;0;4;524;23.0;417;9;140254.28;0.0;45;5;7;18;159;8;16;6.7;58;1;84.81;0;188;1;0.0;220.3498981791192;0;0;0
4759;0;1;524;23.0;417;9;140254.28;0.0;45;5;7;18;159;69;16;6.7;58;1;84.81;0;189;1;0.0;360.6417299533107;0;0;0
4760;0;3;193;44.0;423;11;21484.035;0.0;45;3;8;18;445;23;24;1.08;58;1;939.2;0;226;1;0.0;55.44701314282025;0;0;1
4761;0;2;193;44.0;423;11;21484.035;0.0;45;3;8;62;445;23;128;1.08;58;1;939.2;0;404;1;0.0;68.43905471285139;0;0;1
4762;0;6;193;44.0;423;11;21484.035;0.0;45;3;8;18;445;23;12;1.08;58;1;939.2;0;218;1;0.0;102.13451877640593;0;0;1
4763;0;0;193;-500.0;423;11;0.0;0.0;45;3;8;18;445;23;128;1.08;58;1;939.2;0;227;1;0.0;162.96550412924856;0;0;1
4764;0;7;193;44.0;423;11;21484.035;0.0;45;3;8;18;445;23;128;1.08;58;2;939.2;0;228;1;0.0;237.8061857487133;0;0;1
4765;0;5;193;44.0;423;11;21484.035;0.0;45;3;8;18;445;29;12;1.08;58;1;939.2;0;231;1;0.0;150.80536738758963;0;0;2
4766;0;4;193;45.0;423;11;21484.035;0.0;45;3;8;18;445;23;16;1.08;58;1;939.2;0;232;1;0.0;27.268955506040548;0;0;1
4767;0;1;336;831.0;423;11;21484.035;0.0;45;3;8;18;445;29;128;1.08;81;1;939.2;0;233;1;0.0;128.2229980331574;0;0;1
4768;0;3;244;22.0;625;13;17750.19;13271825.0;70;10;28;44;836;19;60;28.47;14;0;4385.27;0;40;2;0.0;135.4225763752492;0;0;2
4769;0;2;244;22.0;384;13;17750.19;13271825.0;70;1174;28;0;836;19;128;28.47;26;0;4385.27;0;41;2;0.0;42.07665909314519;0;0;1
4770;0;6;244;22.0;384;13;17750.19;13271825.0;70;10;28;62;836;20;62;28.47;26;0;4385.27;0;42;2;0.0;39.39634351164344;0;0;1
4771;0;0;244;22.0;384;13;17750.19;13271825.0;70;10;28;44;836;19;60;28.47;26;0;4385.27;0;43;2;0.0;65.62947683683555;0;0;1
4772;0;7;336;22.0;384;13;17750.19;13271825.0;70;10;28;44;836;23;128;28.47;26;2;4385.27;0;44;2;0.0;103.74558149738316;0;0;1
4773;0;5;244;23.0;384;8;17750.19;13271825.0;70;10;28;44;836;18;60;30.47;85;0;4385.27;0;45;0;0.0;128.0801818225374;0;0;1
4774;0;4;244;23.0;384;13;17750.19;13271825.0;70;10;28;44;836;19;128;30.47;26;0;4385.27;0;46;0;0.0;15.52569899089858;0;0;1
4775;0;1;244;23.0;384;13;17750.19;13271825.0;70;10;28;44;836;19;52;28.47;26;0;4385.27;0;37;2;0.0;50.53179274179433;0;0;2
4776;0;3;329;35.0;327;8;21145.595;0.0;37;7;4;4;359;61;114;8.14;1;1;969.19;0;109;1;0.0;63.69762500338536;0;0;1
4777;0;2;329;8394.0;327;8;21145.595;0.0;37;7;4;4;359;61;102;8.14;1;2;969.19;0;110;1;472030.0;122.50514787223982;0;0;1
4778;0;6;329;-500.0;327;8;21145.595;0.0;37;7;4;4;359;70;108;8.14;1;1;969.19;0;119;1;0.0;47.88025369445256;0;0;1
4779;0;0;329;35.0;327;8;21145.595;0.0;37;7;4;4;359;61;102;8.14;1;1;969.19;0;120;1;0.0;142.57989377878462;0;0;1
4780;0;7;329;35.0;327;8;21145.595;0.0;37;7;4;4;359;70;102;8.14;1;1;969.19;0;123;1;0.0;119.71061618087836;0;0;2
4781;0;5;329;36.0;327;8;21145.595;0.0;37;7;4757;62;359;7;102;8.14;1;1;969.19;0;124;1;0.0;48.10579204080872;0;0;1
4782;0;4;329;36.0;327;8;21145.595;0.0;37;7;4;4;359;61;102;12.14;1;1;969.19;0;125;1;0.0;84.65603345774815;0;0;1
4783;0;1;329;36.0;327;8;21145.595;0.0;37;7;4;4;359;70;114;8.14;1;2;969.19;0;126;1;0.0;0.0;0;0;1
4784;0;3;556;20.0;470;13;125491.64;0.0;1;3;5;18;163;50;114;-1.13;58;1;587.63;0;110;1;0.0;423.5377062991935;0;0;2
4785;0;2;556;20.0;470;13;125491.64;0.0;1;3;5;18;163;50;102;-2.13;79;1;587.63;0;119;1;0.0;390.62416809899736;0;0;0
4786;0;6;556;20.0;470;13;125491.64;0.0;1;3;5;18;163;17;10;1.87;58;1;587.63;0;120;1;0.0;371.9052089180548;0;0;0
4787;0;0;556;20.0;470;13;125491.64;0.0;1;3;76;18;163;50;114;5.87;58;1;587.63;0;123;1;0.0;427.2467802265873;0;0;0
4788;0;7;556;20.0;470;13;125491.64;0.0;1;3;5;18;163;50;108;0.0;58;1;587.63;0;124;1;0.0;0.0;0;0;0
4789;0;5;556;20.0;470;13;125491.64;0.0;1;3;5;18;163;50;114;1.87;58;1;587.63;0;125;1;0.0;232.0451894834299;0;0;0
4790;0;4;336;21.0;470;13;125491.64;0.0;1;3;5;18;163;50;114;1.87;58;1;587.63;0;126;1;0.0;333.1925638783718;0;0;0
4791;0;1;336;21.0;470;13;125491.64;0.0;1;3;5;18;163;69;114;2.87;58;1;587.63;0;127;1;0.0;110.43297011584092;0;0;0
4792;0;3;100;35.0;625;2;36722.84;0.0;50;5;10;26;721;9;126;11.68;1;1;409.3;0;87;1;0.0;108.3666762060352;0;0;2
4793;0;2;100;36.0;344;2;36722.84;0.0;50;5;10;26;721;69;128;11.68;1;1;409.3;0;88;1;0.0;71.28887605991375;0;0;1
4794;0;6;100;36.0;625;2;36722.84;0.0;50;5;10;26;721;69;126;16.68;1;1;409.3;0;89;1;0.0;197.3758504747094;0;0;1
4795;0;0;100;0.0;344;2;0.0;0.0;50;5;10;26;721;69;128;11.68;19;1;409.3;0;404;1;0.0;157.36896354645717;0;0;1
4796;0;7;100;36.0;344;2;36722.84;0.0;50;5;10;26;721;9;122;11.68;1;2;409.3;0;91;1;0.0;251.75121976910268;0;0;2
4797;0;5;100;36.0;344;2;36722.84;0.0;50;5;10;26;721;69;126;11.68;1;1;409.3;0;92;1;0.0;133.15600603260907;0;0;1
4798;0;4;100;36.0;344;8;36722.84;0.0;50;5;10;26;721;69;16;11.68;55;2;409.3;0;93;1;0.0;344.20040411661165;0;0;1
4799;0;1;100;36.0;344;2;36722.84;0.0;50;5;10;26;721;28;126;11.68;55;2;409.3;0;94;1;609410.0;197.28873057397496;0;0;1
4800;0;3;73;28.0;113;11;15687.44;0.0;50;4;21;26;47;70;60;17.82;72;3;1943.08;0;404;2;0.0;38.21574007238481;0;0;1
4801;0;2;73;28.0;113;11;15687.44;0.0;50;4;21;26;47;8;48;17.82;72;3;1943.08;0;23;2;0.0;46.13057612729637;0;0;1
4802;0;6;73;2751.0;113;11;15687.44;0.0;50;4;21;26;47;11;48;18.82;76;3;1943.08;0;24;0;0.0;11.030927442983826;0;0;1
4803;0;0;73;28.0;113;8;15687.44;0.0;50;4;21;26;47;8;48;17.82;76;3;1943.08;0;27;0;0.0;27.841584178644872;0;0;1
4804;0;7;73;0.0;113;11;15687.44;0.0;50;4;21;26;47;8;48;17.82;76;3;1943.08;0;28;2;0.0;81.06763872034995;0;0;1
4805;0;5;336;28.0;113;11;15687.44;0.0;50;4;21;26;47;7;48;17.82;76;3;1943.08;0;29;2;0.0;89.10781017885508;0;0;1
4806;0;4;73;28.0;113;11;15687.44;0.0;50;4;21;26;47;11;48;0.0;85;3;1943.08;0;404;2;0.0;112.4119148128042;0;0;1
4807;0;1;73;28.0;113;11;15687.44;0.0;50;4;21;26;47;8;40;18.82;76;3;1943.08;0;31;2;0.0;116.17267261791363;0;0;2
4808;0;3;336;42.0;368;7;7304.925;78074375.0;58;8;32;52;453;47;34;24.07;81;0;4405.99;0;399;2;0.0;85.1506684029538;0;0;1
4809;0;2;423;42.0;368;8;7304.925;78074375.0;58;8;32;62;453;42;32;24.07;81;0;4405.99;0;400;2;0.0;0.0;0;0;1
4810;0;6;423;42.0;368;7;7304.925;0.0;58;8;32;52;453;42;48;24.07;81;0;4405.99;0;401;2;0.0;49.44845115728485;0;0;2
4811;0;0;423;42.0;368;7;7304.925;78074375.0;58;8;32;52;453;42;128;27.07;81;0;4405.99;0;402;2;0.0;59.89209882649983;0;0;2
4812;0;7;336;0.0;368;7;7304.925;78074375.0;58;8;32;52;453;42;28;24.07;81;0;4405.99;0;403;2;0.0;39.8615956807253;0;0;1
4813;0;5;423;43.0;368;7;7304.925;0.0;58;8;32;52;453;42;34;24.07;81;0;4405.99;0;394;2;0.0;27.69354319448956;0;0;1
4814;0;4;336;43.0;368;7;7304.925;78074375.0;58;8;32;52;453;42;32;31.07;81;2;4405.99;0;395;2;0.0;81.03803195437507;0;0;1
4815;0;1;423;43.0;368;7;7304.925;78074375.0;58;8;32;52;453;42;34;24.07;81;0;4405.99;0;23;2;0.0;30.86413217971644;0;0;1
4816;0;3;588;20.0;625;6;18921.78;0.0;50;9;29;40;186;25;40;27.7;14;0;4761.49;0;72;2;0.0;81.11031361596763;0;0;2
4817;0;2;588;20.0;362;6;0.0;0.0;50;9;29;40;186;25;30;27.7;25;2;4761.49;0;75;2;0.0;108.98235535599156;0;0;2
4818;0;6;588;20.0;362;6;18921.78;0.0;50;9;29;40;186;25;128;27.7;25;0;4761.49;0;76;2;0.0;82.8594120919077;0;0;1
4819;0;0;588;20.0;362;6;18921.78;0.0;50;9;29;40;186;25;30;27.7;25;0;4761.49;0;77;2;0.0;0.0;0;0;2
4820;0;7;588;20.0;362;6;18921.78;0.0;50;9;29;40;186;25;30;27.7;25;0;4761.49;0;78;2;0.0;143.51200266290994;0;0;2
4821;0;5;588;20.0;362;6;0.0;0.0;50;9;29;40;186;27;28;27.7;25;0;4761.49;0;79;2;0.0;42.97366805912838;0;0;2
4822;0;4;588;20.0;362;6;18921.78;0.0;50;9;29;40;186;25;30;27.7;25;0;4761.49;0;80;2;0.0;129.83525146581505;0;0;1
4823;0;1;588;20.0;362;6;18921.78;0.0;50;9;29;40;186;25;30;21.7;25;0;4761.49;0;81;2;0.0;35.16609451180977;0;0;1
4824;0;3;336;33.0;318;1;122942.28;1020519.0;37;3;3;4;359;71;102;4.88;42;1;924.1;0;255;1;0.0;475.84940001505294;0;0;0
4825;0;2;462;-500.0;318;1;122942.28;1020519.0;37;3;3;4;359;70;82;4.88;42;1;924.1;0;256;1;0.0;248.2620631006746;0;0;0
4826;0;6;336;33.0;318;1;122942.28;1020519.0;37;3;3;4;359;70;102;4.88;42;1;924.1;0;257;1;459680.0;335.60869981326044;0;0;0
4827;0;0;462;33.0;318;8;122942.28;1020519.0;37;3;3;4;359;69;108;4.88;42;2;924.1;0;258;0;0.0;0.0;0;0;0
4828;0;7;462;33.0;318;1;122942.28;0.0;37;3;3;4;359;70;46;4.88;42;2;924.1;0;259;1;0.0;979.1297608566276;0;0;0
4829;0;5;462;33.0;318;1;0.0;1020519.0;37;3;3;4;359;70;102;4.88;42;1;924.1;0;260;1;0.0;367.6034018324154;0;0;0
4830;0;4;462;33.0;318;1;122942.28;1020519.0;37;3;3;0;359;70;128;0.0;58;1;924.1;0;261;1;0.0;116.2624905652591;0;0;0
4831;0;1;462;33.0;318;1;122942.28;1020519.0;37;3;3;4;359;70;102;4.88;58;1;924.1;0;404;1;0.0;821.8076237013545;0;0;0
4832;0;3;199;25.0;155;4;42021.7;0.0;63;7;3;26;56;14;16;10.93;0;3;271.56;0;404;1;0.0;209.3784822279921;0;0;2
4833;0;2;199;25.0;155;4;42021.7;0.0;63;7;3;26;56;16;16;10.93;58;3;271.56;0;195;1;0.0;228.8504285088165;0;0;2
4834;0;6;199;25.0;155;4;42021.7;0.0;63;7;3;26;56;11;16;10.93;58;3;271.56;0;196;1;0.0;53.16665170530941;0;0;2
4835;0;0;199;783.0;155;4;42021.7;0.0;63;7;3;26;56;14;24;10.93;58;2;271.56;0;197;1;0.0;89.96776599280294;0;0;2
4836;0;7;199;25.0;155;4;42021.7;0.0;63;7;3;26;56;14;16;10.93;58;2;271.56;0;198;1;0.0;133.35487527995878;0;0;2
4837;0;5;199;25.0;155;4;42021.7;0.0;63;7;3;26;56;19;24;4.93;58;3;271.56;0;199;1;0.0;0.0;0;0;2
4838;0;4;199;26.0;155;4;42021.7;0.0;63;7;3;26;56;14;16;10.93;58;3;271.56;0;200;1;0.0;102.62256127412824;0;0;2
4839;0;1;199;26.0;155;4;42021.7;0.0;63;7;3;26;56;14;16;10.93;58;3;271.56;0;201;1;0.0;33.946885298052685;0;0;2
4840;0;3;151;16.0;312;8;85915.31999999999;723161.0;50;7;13;26;176;7;48;14.51;58;3;429.12;0;348;2;0.0;570.2131784704585;0;0;2
4841;0;2;151;16.0;312;8;85915.31999999999;723161.0;50;7;13;26;176;70;40;14.51;58;3;429.12;0;349;2;0.0;680.6881585934175;0;0;2
4842;0;6;151;16.0;312;8;85915.31999999999;723161.0;50;7;13;26;176;7;48;7.51;69;3;429.12;0;350;2;0.0;130.50679649104643;0;0;2
4843;0;0;151;16.0;312;8;85915.31999999999;723161.0;50;7;13;26;176;7;48;14.51;69;3;429.12;0;351;2;0.0;750.4168123981743;0;0;2
4844;0;7;151;16.0;312;8;85915.31999999999;0.0;50;380;13;26;176;7;48;14.51;69;3;429.12;0;352;2;0.0;164.79728157184093;0;0;2
4845;0;5;151;16.0;312;8;85915.31999999999;0.0;50;7;13;26;176;71;48;14.51;69;3;429.12;0;353;2;0.0;250.2366733758443;0;0;2
4846;0;4;151;0.0;312;8;85915.31999999999;723161.0;50;7;13;26;176;7;48;14.51;69;3;429.12;0;354;2;0.0;461.9780477776968;0;0;2
4847;0;1;151;16.0;312;8;85915.31999999999;723161.0;50;7;13;26;176;7;48;15.51;69;3;429.12;0;355;2;0.0;271.11172435087866;0;0;2
4848;0;3;503;28.0;561;10;142177.84;0.0;45;1;12;18;81;11;126;2.41;42;1;483.13;0;108;1;0.0;299.0877997672258;0;0;0
4849;0;2;503;28.0;561;10;142177.84;0.0;45;1;12;18;81;9;120;2.41;42;1;483.13;0;111;1;0.0;198.2469150180743;0;0;0
4850;0;6;503;28.0;561;10;142177.84;0.0;45;1;12;18;81;11;102;2.41;42;1;483.13;0;112;1;0.0;275.8439909934802;0;0;0
4851;0;0;503;28.0;561;10;142177.84;0.0;45;1;12;18;81;11;114;2.41;42;1;483.13;0;404;1;0.0;1403.3179226521354;0;0;0
4852;0;7;503;28.0;561;10;142177.84;0.0;45;1;12;18;81;11;114;-4.59;42;2;483.13;0;114;0;0.0;307.99605062356625;0;0;0
4853;0;5;503;28.0;561;10;142177.84;0.0;45;1;12;18;81;15;114;2.41;42;1;483.13;0;115;1;0.0;228.99005158182925;0;0;2
4854;0;4;336;28.0;561;10;142177.84;0.0;45;1;12;18;81;11;112;2.41;42;1;483.13;0;116;1;0.0;465.6154685544768;0;0;2
4855;0;1;503;29.0;561;8;142177.84;0.0;45;1;12;18;81;16;114;2.41;42;1;483.13;0;404;1;0.0;467.6140828227542;0;0;2
4856;0;3;336;47.0;19;13;27814.63;0.0;39;3;12;4;208;12;128;8.75;55;1;425.84;0;142;1;0.0;42.53330263053778;0;0;1
4857;0;2;72;47.0;19;13;27814.63;0.0;39;3;12;4;208;14;16;8.75;22;1;425.84;0;133;1;0.0;86.92819745573385;0;0;1
4858;0;6;72;47.0;19;13;27814.63;0.0;39;3;12;4;208;14;24;8.75;55;1;425.84;0;134;0;0.0;85.796233993882;0;0;1
4859;0;0;336;47.0;19;13;27814.63;0.0;39;3;12;4;208;14;24;1.75;55;2;425.84;0;155;1;0.0;47.86075976628868;0;0;1
4860;0;7;72;47.0;19;13;0.0;0.0;39;3;12;4;208;14;24;2.75;55;1;425.84;0;404;1;0.0;69.28610046249995;0;0;1
4861;0;5;72;47.0;19;13;27814.63;0.0;39;3;12;4;208;14;58;8.75;55;1;425.84;0;159;1;0.0;100.52481832894554;0;0;1
4862;0;4;72;47.0;19;13;27814.63;0.0;39;3;12;4;208;14;128;8.75;69;1;425.84;0;160;0;0.0;194.5484691646856;0;0;1
4863;0;1;72;47.0;19;13;0.0;0.0;39;3;12;4;208;14;24;8.75;69;1;425.84;0;161;1;0.0;104.1423675852932;0;0;1
4864;0;3;163;34.0;211;4;0.0;4382265.0;63;6;22;40;165;16;40;9.54;76;0;1783.96;0;125;2;0.0;0.0;0;0;1
4865;0;2;163;34.0;211;4;49995.18000000001;0.0;63;6;22;40;165;19;34;9.54;76;0;1783.96;0;126;2;0.0;172.30698881106937;0;0;1
4866;0;6;163;34.0;211;4;49995.18000000001;4382265.0;63;6;22;40;165;18;34;9.54;76;0;1783.96;0;404;2;0.0;0.0;0;0;1
4867;0;0;163;34.0;211;4;49995.18000000001;4382265.0;63;6;22;40;165;18;40;9.54;2;0;1783.96;0;128;2;0.0;179.2287773440112;0;0;1
4868;0;7;163;0.0;211;4;49995.18000000001;4382265.0;63;6;22;40;165;18;34;0.0;2;0;1783.96;0;129;2;0.0;101.32021523871798;0;0;1
4869;0;5;163;34.0;211;4;49995.18000000001;4382265.0;63;889;22;40;165;18;34;9.54;2;0;1783.96;0;130;2;0.0;310.0053018129204;0;0;1
4870;0;4;163;34.0;211;4;49995.18000000001;4382265.0;63;6;22;40;165;18;34;9.54;2;2;1783.96;0;121;2;0.0;186.94488702306373;0;0;1
4871;0;1;163;34.0;211;4;49995.18000000001;4382265.0;63;6;22;40;165;18;34;8.54;2;0;1783.96;0;122;2;0.0;291.0002614021052;0;0;1
4872;0;3;164;29.0;392;13;34480.2;269135.0;58;4;5;2;358;26;12;5.85;58;3;398.91;0;97;2;0.0;317.0132705096533;0;0;2
4873;0;2;164;2455.0;392;13;34480.2;269135.0;58;4;5;2;358;29;12;2.85;58;3;398.91;0;98;2;0.0;224.79095727777425;0;0;2
4874;0;6;164;29.0;392;13;34480.2;269135.0;58;4;5;2;358;29;24;2.85;58;3;398.91;0;107;2;0.0;114.64599720174982;0;0;2
4875;0;0;164;29.0;392;13;34480.2;269135.0;58;4;5;2;358;29;12;2.85;58;2;398.91;0;108;2;0.0;266.5118343462114;0;0;2
4876;0;7;164;-500.0;392;13;34480.2;269135.0;58;4;5;2;358;29;12;0.8500000000000001;58;3;398.91;0;111;2;0.0;31.371341978526225;0;0;2
4877;0;5;164;29.0;392;13;34480.2;269135.0;58;4;5;2;358;29;128;2.85;85;2;398.91;0;112;2;0.0;55.01133780076661;0;0;2
4878;0;4;164;29.0;392;13;10810032.0;269135.0;58;4;5;2;358;23;24;6.85;58;3;398.91;0;113;2;0.0;93.69589590184196;0;0;2
4879;0;1;164;30.0;392;13;34480.2;269135.0;58;4;5;2;358;30;12;9.85;85;2;398.91;0;114;2;549700.0;0.0;0;0;2
4880;0;3;542;54.0;625;3;130688.56;0.0;0;2;2;2;358;9;112;10.31;53;1;466.13;0;93;0;0.0;663.0339730593247;0;0;0
4881;0;2;542;54.0;77;3;130688.56;0.0;0;2;2;0;358;9;82;4.31;64;1;466.13;0;94;0;0.0;199.5167492438468;0;0;0
4882;0;6;542;55.0;77;3;130688.56;0.0;0;2;2;2;358;9;112;6.31;85;1;466.13;0;85;1;0.0;0.0;0;0;0
4883;0;0;542;55.0;77;3;130688.56;0.0;0;2;2;2;358;9;112;4.31;64;2;466.13;0;86;0;0.0;284.32690133640364;0;0;0
4884;0;7;542;55.0;77;3;130688.56;0.0;0;2;2;2;358;9;112;4.31;64;1;466.13;0;95;1;0.0;0.0;0;0;0
4885;0;5;542;55.0;625;3;130688.56;0.0;0;2;2;2;358;9;128;4.31;64;1;466.13;0;96;1;0.0;0.0;0;0;2
4886;0;4;542;55.0;77;3;130688.56;0.0;0;2;2;2;358;13;112;4.31;64;1;466.13;0;99;1;0.0;448.4790995905014;0;0;2
4887;0;1;542;55.0;77;3;130688.56;0.0;0;2;2;2;358;11;112;4.31;64;2;466.13;0;100;1;0.0;370.6206383738137;0;0;0
4888;0;3;270;29.0;10;2;15656.82;1557735.0;63;10;18;40;413;25;30;0.88;81;0;1997.18;0;69;2;0.0;107.45345181318608;0;0;1
4889;0;2;270;29.0;10;2;15656.82;1557735.0;63;10;18;40;413;31;30;0.88;81;2;1997.18;0;70;2;0.0;188.560947527514;0;0;2
4890;0;6;270;30.0;10;2;15656.82;1557735.0;63;10;18;40;413;31;24;0.88;81;0;1997.18;0;61;2;0.0;75.06223933988491;0;0;1
4891;0;0;270;30.0;10;2;15656.82;0.0;63;10;18;40;413;31;30;0.88;81;0;1997.18;0;62;2;0.0;0.0;0;0;2
4892;0;7;270;30.0;10;2;15656.82;1557735.0;63;10;18;40;413;31;30;0.88;47;0;1997.18;0;71;0;0.0;164.81249167516103;0;0;2
4893;0;5;270;5612.0;10;2;15656.82;1557735.0;63;10;18;40;413;31;30;0.88;81;0;1997.18;0;404;2;0.0;70.62015770835984;0;0;1
4894;0;4;270;30.0;10;8;15656.82;0.0;63;10;18;40;413;26;30;0.0;81;0;1997.18;0;75;2;0.0;87.16816302643473;0;0;1
4895;0;1;336;30.0;10;2;15656.82;1557735.0;63;10;18;40;413;31;30;0.88;25;0;1997.18;0;76;0;515460.0;0.0;0;0;1
4896;0;3;602;14.0;436;8;30118.94;0.0;50;6;34;18;621;24;66;7.16;7;0;1693.64;0;124;2;0.0;25.46590661985437;0;0;1
4897;0;2;602;14.0;436;4;30118.94;0.0;50;6;34;18;621;19;54;7.16;7;0;1693.64;0;125;2;0.0;127.67081895279192;0;0;1
4898;0;6;602;15.0;436;4;30118.94;0.0;50;6;34;18;621;22;54;7.16;7;0;1693.64;0;126;2;0.0;109.0802073177482;0;0;1
4899;0;0;602;15.0;436;4;30118.94;0.0;50;6;34;62;621;24;66;4.16;7;0;1693.64;0;127;2;0.0;20.85547245337197;0;0;1
4900;0;7;602;-500.0;436;4;30118.94;0.0;50;6;34;18;621;21;60;4.16;7;2;1693.64;0;128;2;0.0;85.8765825559656;0;0;1
4901;0;5;602;15.0;436;4;30118.94;0.0;50;6;34;18;621;24;66;7.16;7;0;1693.64;0;129;0;0.0;32.13771936691721;0;0;2
4902;0;4;602;15.0;436;4;30118.94;0.0;50;6;34;18;621;24;62;7.16;62;0;1693.64;0;130;2;0.0;318.349039025403;0;0;2
4903;0;1;602;15.0;436;4;30118.94;0.0;50;6;34;18;621;30;54;12.16;26;0;1693.64;0;121;2;0.0;300.53198253688737;0;0;1
4904;0;3;67;0.0;291;13;17975.32;0.0;50;5;32;56;843;63;66;8.9;2;0;1263.1;0;37;2;0.0;67.85257307562321;0;0;1
4905;0;2;67;23.0;291;13;0.0;0.0;50;5;32;56;843;63;66;8.9;2;0;1263.1;0;38;2;0.0;47.67498529637695;0;0;1
4906;0;6;336;0.0;291;13;17975.32;0.0;50;5;32;56;843;63;66;8.9;2;2;1263.1;0;47;0;0.0;81.10007127507991;0;0;1
4907;0;0;67;23.0;291;8;17975.32;0.0;50;297;32;62;843;63;78;8.9;20;0;1263.1;0;48;2;0.0;133.43838166747915;0;0;1
4908;0;7;67;23.0;291;8;17975.32;0.0;50;5;32;56;843;63;66;8.9;20;0;1263.1;0;51;2;0.0;134.56738355704786;0;0;1
4909;0;5;336;23.0;291;13;0.0;0.0;50;5;32;56;843;63;60;8.9;20;0;1263.1;0;52;2;0.0;116.5713025210154;0;0;1
4910;0;4;67;23.0;291;13;17975.32;0.0;50;5;32;56;843;63;66;8.9;20;0;1263.1;0;53;2;0.0;186.3745754365944;0;0;2
4911;0;1;67;24.0;291;13;17975.32;0.0;50;5;32;56;843;63;66;8.9;20;0;1263.1;0;54;2;0.0;176.77621007546128;0;0;1
4912;0;3;259;52.0;177;14;20871.42;1522285.0;37;2;2;18;427;10;6;9.87;28;1;1177.09;0;98;1;0.0;94.6927344650936;0;0;0
4913;0;2;259;52.0;177;14;20871.42;1522285.0;37;2;2;18;427;10;128;6.869999999999999;58;1;1177.09;0;107;1;0.0;14.583087656658057;0;0;0
4914;0;6;259;52.0;177;14;0.0;1522285.0;37;2;2;18;427;10;0;9.87;58;1;1177.09;0;108;1;0.0;0.0;0;0;0
4915;0;0;259;52.0;177;14;20871.42;1522285.0;37;2;2;0;427;10;82;5.869999999999999;58;1;1177.09;0;111;1;0.0;93.02693024340374;0;0;2
4916;0;7;259;2402.0;177;14;20871.42;1522285.0;37;2;2;18;427;11;128;6.869999999999999;58;1;1177.09;0;112;1;0.0;46.69149219972896;0;0;2
4917;0;5;259;52.0;177;14;0.0;1522285.0;37;2;2;18;427;10;6;7.869999999999999;58;1;1177.09;0;113;1;0.0;141.90750162459724;0;0;2
4918;0;4;259;52.0;177;14;20871.42;1522285.0;37;2;2;18;427;11;128;16.869999999999994;58;1;1177.09;0;114;1;0.0;123.7552166557792;0;0;2
4919;0;1;259;52.0;177;14;20871.42;1522285.0;37;2;2;18;427;10;46;9.87;58;1;1177.09;0;115;1;0.0;35.44881367902442;0;0;2
4920;0;3;513;43.0;353;14;0.0;0.0;2;6;33;36;600;52;54;14.83;81;0;2437.84;0;120;2;0.0;231.6179529046687;0;0;1
4921;0;2;513;43.0;353;14;30257.02;0.0;2;6;3314;0;600;52;48;13.83;81;0;2437.84;0;123;2;0.0;105.44807600205392;0;0;1
4922;0;6;336;43.0;625;14;30257.02;0.0;2;6;33;36;600;52;54;14.83;81;0;2437.84;0;124;2;0.0;75.4007879435704;0;0;1
4923;0;0;513;43.0;353;14;30257.02;0.0;2;6;33;36;600;52;54;14.83;81;0;2437.84;0;125;2;0.0;143.08635534963673;0;0;1
4924;0;7;513;43.0;353;14;0.0;0.0;2;6;33;36;600;52;52;14.83;81;0;2437.84;0;126;2;0.0;105.91396459796584;0;0;1
4925;0;5;513;43.0;353;14;30257.02;0.0;2;6;33;36;600;52;54;14.83;81;0;2437.84;0;127;2;0.0;0.0;0;0;1
4926;0;4;513;43.0;353;14;30257.02;0.0;2;6;33;36;600;52;62;14.83;81;0;2437.84;0;128;2;0.0;245.99985390804952;0;0;1
4927;0;1;513;43.0;353;14;30257.02;0.0;2;6;33;36;600;46;54;14.83;25;0;2437.84;0;129;2;0.0;65.90649922634223;0;0;1
4928;0;3;389;-500.0;404;12;28406.16;237118.0;1;3;2;2;358;20;82;10.23;58;2;1115.66;0;198;0;0.0;85.56074778869069;0;0;2
4929;0;2;389;0.0;404;12;0.0;237118.0;37;4;2;2;358;19;108;10.23;58;1;1115.66;0;199;1;0.0;278.0760506427732;0;0;1
4930;0;6;389;25.0;404;12;0.0;237118.0;37;4;2;2;358;20;108;10.23;58;1;1115.66;0;200;0;0.0;54.48279008507844;0;0;1
4931;0;0;389;0.0;404;12;28406.16;237118.0;37;4;2;2;358;18;108;10.23;58;1;1115.66;0;201;0;0.0;144.3657333417863;0;0;2
4932;0;7;389;25.0;404;12;28406.16;237118.0;37;4;2;2;358;20;82;10.23;58;1;1115.66;0;202;1;0.0;138.4713717391169;0;0;2
4933;0;5;389;25.0;404;12;0.0;237118.0;37;4;2;2;358;20;108;10.23;58;1;1115.66;0;193;1;0.0;57.03425710470706;0;0;1
4934;0;4;389;25.0;404;12;28406.16;237118.0;37;4;2;2;358;20;82;10.23;58;1;1115.66;0;194;1;0.0;0.0;0;0;2
4935;0;1;389;25.0;404;12;28406.16;237118.0;37;4;2;2;358;20;108;10.23;58;2;1115.66;0;203;1;0.0;136.6255558582708;0;0;2
4936;0;3;340;43.0;424;2;99565.36;0.0;63;5;20;2;358;20;120;19.45;64;3;551.66;0;192;2;0.0;138.47972906770434;0;0;2
4937;0;2;340;43.0;424;2;99565.36;0.0;63;5;20;2;358;20;120;18.45;69;3;551.66;0;195;2;0.0;134.38321400320103;0;0;2
4938;0;6;340;43.0;424;2;0.0;0.0;63;5;20;2;358;22;108;19.45;69;3;551.66;0;196;2;0.0;99.3376141027334;0;0;2
4939;0;0;336;43.0;424;8;99565.36;0.0;63;5;20;2;358;20;120;19.45;69;3;551.66;0;197;2;0.0;0.0;0;0;2
4940;0;7;340;43.0;424;2;99565.36;0.0;63;5;20;0;358;19;120;18.45;69;3;551.66;0;198;2;0.0;305.1559954327608;0;0;2
4941;0;5;340;43.0;424;2;99565.36;0.0;63;5;20;2;358;21;120;19.45;69;3;551.66;0;199;2;0.0;102.56524967955984;0;0;2
4942;0;4;340;43.0;424;2;99565.36;0.0;63;5;20;2;358;20;114;19.45;69;3;551.66;0;200;2;0.0;854.6154328944027;0;0;0
4943;0;1;340;43.0;424;2;99565.36;0.0;63;5;20;2;358;20;114;24.45;69;3;551.66;0;201;2;0.0;144.34325279723714;0;0;2
4944;0;3;306;16.0;90;12;18507.72;0.0;63;5;30;16;91;27;66;4.88;76;0;1716.82;0;377;2;0.0;175.51602149179905;0;0;1
4945;0;2;306;16.0;90;12;0.0;0.0;63;5;30;16;91;27;128;7.88;76;0;1716.82;0;378;2;0.0;92.1433630235369;0;0;1
4946;0;6;306;16.0;90;12;18507.72;0.0;63;5;30;16;91;26;66;7.88;76;0;1716.82;0;379;2;0.0;25.33711178722585;0;0;1
4947;0;0;306;16.0;90;8;18507.72;0.0;63;5;30;16;91;27;68;7.88;76;2;1716.82;0;370;0;0.0;49.83342794791051;0;0;2
4948;0;7;306;16.0;90;8;18507.72;0.0;63;5;30;16;91;27;66;7.88;76;0;1716.82;0;371;2;0.0;94.65876339030623;0;0;2
4949;0;5;336;16.0;625;12;18507.72;0.0;63;5;30;16;91;27;76;7.88;73;0;1716.82;0;380;0;0.0;0.0;0;0;1
4950;0;4;306;16.0;90;12;18196353.0;0.0;63;5;30;16;91;27;66;7.88;14;2;1716.82;0;381;2;0.0;30.38408631633729;0;0;1
4951;0;1;306;16.0;90;8;18507.72;0.0;63;5;30;16;91;27;66;7.88;14;0;0.0;0;404;2;0.0;134.98592073854542;0;0;1
4952;0;3;282;20.0;151;7;58698.08;0.0;63;4;10;16;92;18;24;5.75;58;1;453.31;0;88;1;0.0;98.39680419520174;0;0;2
4953;0;2;282;20.0;151;7;58698.08;0.0;63;4;10;16;92;18;128;4.75;58;1;453.31;0;404;1;0.0;204.27671182198705;0;0;0
4954;0;6;282;20.0;151;7;58698.08;0.0;63;4;10;16;92;15;18;5.75;58;2;453.31;0;404;1;0.0;117.12234199634108;0;0;0
4955;0;0;282;4119.0;151;7;58698.08;0.0;63;4;10;16;92;12;24;5.75;58;1;453.31;0;91;1;0.0;314.4556417550351;0;0;2
4956;0;7;282;20.0;151;7;58698.08;0.0;63;4;10;16;92;18;24;5.75;64;1;453.31;0;92;1;60180.0;255.70304680151335;0;0;2
4957;0;5;282;21.0;151;7;58698.08;0.0;63;4;10;16;92;18;24;10.75;64;1;453.31;0;93;1;0.0;153.23215057689248;0;0;2
4958;0;4;282;21.0;151;7;58698.08;0.0;63;4;10;16;92;14;24;5.75;64;2;453.31;0;94;1;0.0;173.02708262801872;0;0;2
4959;0;1;282;21.0;151;7;58698.08;0.0;63;4;10;16;92;18;24;9.75;64;1;453.31;0;85;0;0.0;202.7504144790502;0;0;2
4960;0;3;384;28.0;188;12;31461.84;290382.0;58;3;12;36;856;26;128;19.3;69;3;886.09;0;395;2;0.0;146.29713379436922;0;0;2
4961;0;2;384;28.0;188;12;31461.84;290382.0;58;3;12;36;856;26;128;19.3;85;3;886.09;0;404;0;0.0;96.60071812352945;0;0;2
4962;0;6;384;28.0;188;12;31461.84;0.0;58;1071;12;36;856;26;24;19.3;69;3;886.09;0;24;0;0.0;45.95734247803751;0;0;2
4963;0;0;384;29.0;625;12;31461.84;0.0;58;3;12;36;856;26;24;19.3;30;3;886.09;0;27;2;0.0;84.3899084643133;0;0;2
4964;0;7;384;29.0;188;12;31461.84;290382.0;58;3;12;36;856;24;24;12.3;69;3;0.0;0;28;2;0.0;257.78725682102663;0;0;2
4965;0;5;384;29.0;188;12;31461.84;290382.0;58;3;12;36;856;26;24;12.3;69;3;886.09;0;29;2;0.0;286.5991429295471;0;0;2
4966;0;4;384;29.0;188;12;31461.84;290382.0;58;3;12;36;856;26;30;25.3;69;3;886.09;0;30;2;0.0;296.8832381863081;0;0;2
4967;0;1;384;29.0;188;12;0.0;0.0;58;3;12;36;856;27;12;19.3;69;3;886.09;0;31;2;0.0;278.3711356836592;0;0;2
4968;0;3;65;0.0;398;9;71677.59;58891325.0;45;6;1944;2;358;71;126;11.9;0;3;130.54;0;404;1;0.0;75.24972935956656;0;0;2
4969;0;2;65;29.0;398;9;71677.59;58891325.0;45;6;16;2;358;61;12;11.9;0;3;130.54;0;112;1;0.0;237.10648273303;0;0;2
4970;0;6;65;29.0;398;9;71677.59;58891325.0;45;6;16;2;358;61;128;11.9;0;3;130.54;0;113;1;0.0;363.6379940163303;0;0;2
4971;0;0;65;29.0;398;9;0.0;58891325.0;45;6;16;2;358;6;12;14.9;0;3;130.54;0;114;0;0.0;237.11878256939545;0;0;2
4972;0;7;65;29.0;398;9;71677.59;58891325.0;45;6;16;2;358;61;128;6.9;0;3;130.54;0;115;1;0.0;235.7693507664392;0;0;2
4973;0;5;65;30.0;398;9;71677.59;58891325.0;45;6;16;2;358;28;12;11.9;0;2;130.54;0;116;1;0.0;448.0864824434062;0;0;2
4974;0;4;65;0.0;398;9;71677.59;58891325.0;45;6;16;2;358;61;128;11.9;0;3;130.54;0;117;1;0.0;240.3756513814457;0;0;2
4975;0;1;65;30.0;398;9;71677.59;58891325.0;45;6;16;2;358;61;12;11.9;0;3;130.54;0;118;1;0.0;263.7896886705196;0;0;2
4976;0;3;285;21.0;547;1;17856.72;0.0;63;6;23;40;326;41;54;0.65;76;0;1431.47;0;114;2;0.0;189.4882885961188;0;0;1
4977;0;2;285;0.0;547;1;17856.72;0.0;11;6;23;40;326;41;62;-2.35;76;0;1431.47;0;115;2;0.0;84.06531413636766;0;0;1
4978;0;6;285;21.0;547;1;17856.72;0.0;63;6;23;40;326;41;52;2.65;76;0;1431.47;0;116;2;0.0;152.64863339879406;0;0;1
4979;0;0;285;21.0;547;1;17856.72;0.0;63;6;23;40;326;46;52;0.65;76;2;1431.47;0;117;0;0.0;46.2456926919752;0;0;1
4980;0;7;285;21.0;547;1;17856.72;0.0;63;6;23;40;326;41;40;-4.35;2;2;1431.47;0;118;2;0.0;87.08661564315432;0;0;1
4981;0;5;285;21.0;547;1;17856.72;0.0;63;6;23;62;326;41;128;0.65;2;0;1431.47;0;109;2;0.0;80.27901979037091;0;0;1
4982;0;4;285;21.0;547;1;17856.72;0.0;12;6;23;62;326;35;52;0.65;2;0;1431.47;0;404;2;0.0;121.18880978014236;0;0;1
4983;0;1;285;21.0;547;1;17856.72;0.0;63;6;23;40;326;41;52;0.65;2;0;1431.47;0;119;2;0.0;78.21484603652925;0;0;1
4984;0;3;507;43.0;604;2;44080.04;0.0;45;5;10;18;419;14;114;7.7;55;2;443.01;0;133;1;0.0;143.66842793666183;0;0;2
4985;0;2;507;43.0;604;2;44080.04;0.0;45;5;10;62;419;14;108;7.7;64;1;443.01;0;134;1;0.0;301.69829820480635;0;0;2
4986;0;6;336;43.0;604;2;44080.04;0.0;45;5;10;18;419;14;102;7.7;64;1;443.01;0;404;1;0.0;96.81337615165226;0;0;1
4987;0;0;507;43.0;604;2;44080.04;0.0;45;5;10;18;419;15;108;14.7;64;1;443.01;0;156;1;0.0;208.7476225573933;0;0;1
4988;0;7;507;43.0;604;2;44080.04;0.0;45;5;10;62;419;14;108;7.7;64;1;443.01;0;159;1;0.0;445.17452335913305;0;0;1
4989;0;5;507;43.0;604;2;44080.04;0.0;45;5;10;18;419;14;108;10.7;64;1;443.01;0;160;1;0.0;190.1246118204246;0;0;1
4990;0;4;507;43.0;604;2;44080.04;0.0;45;5;10;18;419;14;108;7.7;64;1;443.01;0;161;1;0.0;53.08495299477369;0;0;2
4991;0;1;507;43.0;604;2;44080.04;0.0;45;5;10;18;419;14;120;4.7;64;1;443.01;0;162;1;0.0;74.98291015798398;0;0;2
4992;0;3;106;19.0;68;9;77519.04;0.0;50;6;23;44;745;31;30;16.57;69;0;3343.32;0;387;2;0.0;287.13948708998805;0;0;2
4993;0;2;106;19.0;68;9;0.0;0.0;50;6;23;44;745;30;30;13.57;69;2;3343.32;0;388;2;0.0;291.62877476073965;0;0;2
4994;0;6;106;19.0;68;9;77519.04;0.0;50;6;23;44;745;27;128;16.57;69;0;3343.32;0;389;2;0.0;615.984450936857;0;0;2
4995;0;0;106;19.0;68;9;77519.04;0.0;50;6;23;44;745;30;30;16.57;69;2;3343.32;0;390;0;0.0;65.88977332553657;0;0;0
4996;0;7;106;19.0;68;9;77519.04;0.0;50;924;23;44;745;30;32;16.57;69;2;3343.32;0;391;2;0.0;68.53763734181004;0;0;0
4997;0;5;106;20.0;68;9;77519.04;0.0;50;6;23;44;745;30;30;16.57;69;0;3343.32;0;382;2;0.0;84.1416375331767;0;0;0
4998;0;4;106;20.0;625;9;77519.04;0.0;50;6;23;44;745;30;30;16.57;69;0;3343.32;0;383;2;0.0;147.31954337029174;0;0;0
4999;0;1;106;20.0;68;9;77519.04;0.0;50;6;23;44;745;30;24;16.57;69;0;3343.32;0;392;2;0.0;500.8134477019729;0;0;0
